entity_name,license_numbers,dba_names
"""D"" Klan, Inc.",2024331814,Clinicians Home Health Care Services
"#1 Bailbonds, LLC.",2010301620,"#1 Bailbonds, LLC."
"&rea Arts, LLC",2006300276,"&rea Arts, LLC"
00:00:00 Midnight Bail Bonds LLC,2011301890,00:00:00 Midnight Bail Bonds
"047 Henderson, LLC",2024330438,Kneaders Bakery & Cafe
1 Savior of All Christian Ministry,2025333683,1 Savior of All Christian Ministry
101 Barbershop LLC,2022320317,101 Barbershop LLC
1060 WWP Consulting Limited,2026334554,ABA Business Consulting
10orio Corporation,2014303640,Red Rice
11 Eleven Tactical USA LLC,2026335724,11 Eleven Tactical USA
12 VENTURES LLC,2016301952,"HABIT BURGER GRILL, THE"
123 SAVE A HOME INC,2011302686,123 SAVE A HOME INC
"1250 Henderson Owner, LLC",2024331016,The Hendry
13 Reconciliation Services LLC,2025333571,13 Reconciliation Services LLC
"133 S. Water Street, LLP",2021318120,No. 1 Boba Tea Social
"1349 HORIZON RIDGE, LP",2007303961,Bella Terra Apartments
"1414 RED SUNSET, LLC",2021317575,Red Sunset Care Home
"143 Event Studio, LLC",2024331353,"143 Event Studio, LLC"
"1450 Country Kitchen, LLC",2007302169,Timbers Grill
"14528 Henderson, LLC",2023321471,Claim Jumper Restaurant
1POINT618 L.L.C.,2015301065; 2019311529,The Juice Standard
1st Choice Air Duct Care LLC,2024329710,1st Choice Air Duct Care LLC
1st Response Towing Inc,2017306339,The Tow Truck Company
2 Taurean Partners Corp.,2024331681,The UPS Store 7311
2 White Rabbits LLC,2024329847,2 White Rabbits LLC
200 PERCENT SPORTS INC.,2019309836,200 PERCENT SPORTS INC.
"214 Brothers 3, Inc",2021317542; 2021317543,Storming Crab Henderson
22 Warriors Foundation,2017306229; 2017305901,Warriors Suicide Prevention Foundation; American War Mothers
"2312 N Green Valley Fee Owner, LLC",2025334336,23Twelve
238 Consulting LLC,2025333829,238 Consulting LLC
"24 BLACK INDUSTRIES, LLC.",2013302326,ABSOLUTE FLOOD RESPONSE
24/7 Apollo Healthcare Inc.,2024329518,24/7 Apollo Hospice & Palliative Care
"24/7 MOBILE CAR WASH, INC.",2008300471,"24/7 MOBILE CAR WASH, INC."
24/7 Supertech Locksmith LLC,2013300931,24/7 Supertech Locksmith Services
"2600Hz, INC.",2023321411,"2600Hz, Inc."
27WON LLC,2020313634,27WON
28Forever L.L.C.,2024330507,28Forever Cndl Co.
"2LU Cakes, LLC",2022318856,Nothing Bundt Cakes
2PUFFSUP,2021317637,2PUFFSUP
3 AMIGOS LLV,2008301387; 2008301386,Sonrisa Grill
3 BROS GARAGE LLC,2015303808,ACE COMPLETE AUTO REPAIR
3 Brothers Restaurants - Nevada LLC,2023322228; 2023322231; 2023322232; 2023322233,Del Taco #1432; Del Taco #1435; Del Taco #1439; Del Taco #1444
"3 Dogs, LLC",2021317567,Z Cages
"3 Sigma Financial, Inc",2025332359,Wedbush Securities
"316, LLC",2008303505,"316, LLC"
33.Black LLC,2025332386,NV Power Washing
3480 Hacienda Partners LLC,2016301481,Evergreen Edibles
"38301, Inc.",2020314076; 2020314077; 2020314078,7-Eleven Store #38301A
3AP INC,2017304768,Nature's Chemistry
"3B Media, Inc.",2022320483,"3B Media, Inc."
"3BG, LLC",2026334772,Blvd & Main
"3D Retro, Inc.",2023323188,"3D Retro, Inc."
"3E, LLC",2016301814,"3E, LLC"
3ROTR Kitchen Rentals LLC,2023321953,Kitchen Haulers
3SD LLC,2023329176,Cobrinha Henderson
"3rd Eye Tattoo, LLC",2022320307,3rd Eye tattoo
3rd Reef Divers LLC,2019311625,3rd Reef Divers
4 Most Services LLC,2026335192,4 Most Services LLC
42 Creations LLC,2025334081,42 Creations LLC
"420 Bail Bonds, Inc",2022319722,"420 Bail Bonds, Inc"
4D Companies LLC,2022320892,Roadhouse
4LEAF CONSULTING LLC,2018308641,4LEAF CONSULTING LLC
"4Maja, LLC",2021315689; 2021315690; 2021315691,7-Eleven Store #38394A
4corners Streetkitchen LLC,2025333687,4corners Streetkitchen
"4me Wellness, LLC",2026336122,4me Wellness
"5 Diamond Diva, LLC",2022320970,"5 Diamond Diva, LLC"
"5 Ks, Corporation",2000058173,"5 Ks, Corporation"
"5 Star Fitness, LLC",2010302920,Strength Center
"5. 11, INC.",2023321808,"5. 11, INC."
504 Handyman LLC,2024331510,504 Handyman LLC
512 Automotive Inc,2020314538,PURRFECT AUTO SERVICE #512
540 Automotive Inc,2020314534,Purrfect Auto Service #540
"5F LOGISTICS, INC.",2015300987,"5F LOGISTICS, INC."
5J Wireless Inc,2023322399,Boost Mobile
"5th Bridge Funding, LLC",2024329575,"5th Bridge Funding, LLC"
7 Hills Vision Center LLC,2007302366,Seven Hills Vison Center
702 Certified Inspections LLC,2025333133,702 Certified Inspections LLC
"702 Fire Protection, Inc.",2025333478,"702 Fire Protection, Inc."
702 Home Inspections LLC,2025333728,Inspect LV
702 Mia LLC,2022321102; 2022321104,Hiroba Sushi
"702 Ozzy, LLC",2021317489; 2021317490,Island Sushi & Grill
702 Vending LLC,2015300259,702 VENDING
777 Collective Clothing LLC,2026335670,777 Collective Clothing LLC
777 Towing LLC,2024330254,777 Towing
7L Food Services LLC,2024330952,Major Munchiez
7Sevens Lawncare & Maintenance,2025333598,7Sevens Lawncare & Maintenance LLC
8 Ball Bail Bonds LLC,2008304540,8 Ball Bail Bonds LLC
"80 On Gibson Partners, LLC",2021316870,80 On Gibson Apartments
"804 JOHNSTON, P.C.",2015300960,Ready Dental
"87 & Co, LLC",2025334272,"87 & Co, LLC"
"88 Horizon, LLC",2024329729; 2024329730; 2024329731,7-ELEVEN STORE #32404C
"88 Russell, LLC",2025334070; 2025334071; 2025334072,Liquor Loft
888 Foodie Group Corp,2023322313,Manila BBQ & Sea Food Grill
"8X8, Inc.",2013302269,"8X8, Inc."
"911 Bail Bonds, Inc.",2009300260,"911 Bail Bonds, Inc."
911 Septic LLC,2025333808,911 Septic LLC
911 Taco Bar and Catering LLC,2023323187,911 Taco Bar and Catering
9th Island Taekwondo LLC,2025333905,9th Island Taekwondo LLC
"9th Island Trading Company, LLC",2025333418,9th Island Trading Company
A & B SWEEPING LLC,2011300690,A & B SWEEPING LLC
"A & B Security Group, Inc.",1800039772,A & B Security Group
A & E Dental Laboratory LLC,2021317217,A & E Dental Laboratory LLC
"A + Pro-Tech, LLC",2008302805,"A + Pro-Tech, LLC"
A - 1 Nails LLC,2011301732,A-1 Nails
A - Z Direct Flooring,2021317236,A - Z Direct Flooring
A Balanced Approach LLC,2022320906,A Balanced Approach LLC
A Beauty By Design Academy LLC,2024330786; 2024330787,A Beauty By Design
A Better Life Vending LLC,2023323210,A Better Life Vending LLC
"A City Pest Control, Inc",2024331880,Bugs LTD
"A Country Rose Florist, LLC",2025332975,A Country Rose Florist
A Healing Hands Therapeutic Services LLC,2024331467; 2024331569; 2024331570,A Healing Hands Therapeutic Services LLC
"A Home Away From Home, LLC",2021317454,Away From Home Adult Care
"A J KNIGHT REHABILITATION, PC",2009303922,"A J KNIGHT REHABILITATION, PC"
A Man Picked up a Hammer and Saw LLC,2023321702,A Man Picked up a Hammer and Saw LLC
A Miramontes LLC,2026336002,A.M. Glass & Mirror
A Moment in Time Events LLC,2020314351,A Moment in Time Events
A Mother's Love Senior Home Care LLC,2023329145,A Mother's Love Senior Home Care LLC
A N M Capital LLC,2021316022,A N M CAPITAL LLC
A Natural Cleaning Company LLC,2013303217,A Natural Cleaning Company LLC
A Nu Look LLC,2025332686,A Nu Look LLC
A Place of Grace Psychiatry PLLC,2024330174,A Place of Grace Psychiatry PLLC
A Plus Home Health Systems LLC,2020314364,A Plus Home Health Systems LLC
A Resilient Mind Behavioral Health PLLC,2026336264,A Resilient Mind Behavioral Health PLLC
"A SOURCE OF JOY THEATRICALS, INC.",2011303225,A SOURCE OF JOY THEATRICALS
A Spray of Sunshine LLC,2020315354,A SPRAY OF SUNSHINE
A Step Above Inc.,2014300903,A Step Above Inc.
A TIME TO DANCE INC.,2016302064,A TIME TO DANCE INC.
"A TLC CLEANING COMPANY, LLC",2005304826,A TLC Cleaning Company
A Team Motors LLC,2019310954; 2015301724; 2017304178; 2017304177,Atomic Motors
A Tini Bar LLC,2025333502,A Tini Bar
A Touch of Flowers Boutique LLC,2025332898,A Touch of Flowers Boutique LLC
A Touch of Grace,2026335813; 2026335816,Art 4 Therapy; Class Act Theatre
A Track-Out Solution LLC,2023323063,A Track-Out Solution LLC
"A Wildflower Vegas, LLC",2022318540,"A Wildflower Vegas, LLC"
A&A Handyman Service LLC,2025333129,A&A Handyman Service LLC
"A&B Works, Inc.",2018308178,#8 Herbal Foot Reflexology
A&E AUTOBODY LLC,2018308581,A&E Autobody LLC
A&H SERVICES LLC,2020313289,A&H SERVICES LLC
A&M Party Rentals LLC,2024330459,A&M Party Rentals LLC
A&R Enterprise LLC,2023323590,Office Pride
A-1 Transport,2020314963,A-1 Transport
A-Able Ground Care,2025332469,A-Able Tree Service
A-Easy Way Out Bail Bonds Inc.,2026335221; 2026335918,A Easy Way Out Bail Bonds
A-Gas US Inc.,2023323240,A-Gas US Inc.
"A-Max Marketing + Media, LLC",2022319471,"A-Max Marketing + Media, LLC"
A-Plus Home Improvement LLC,2024330013,A-Plus Home Improvement
A. Hope Enterprise LLC,2019310724; 2019310723,Supercuts
A.1. MOBILE CATERING LLC,2020313217,A.1. MOBILE CATERING LLC
"A.A. Action Towing, Inc.",1993015429,ACTION TOWING
A.Y.C. GROUP LLC,2020315344,A.Y.C. GROUP LLC
A.Z. Supreme Cleaning LLC,2025334237,A.Z. Supreme Cleaning LLC
A1 Installs LLC,2021318306,A1 Installs LLC
"A2 Readiness, LLC",2022318594,"A2 Readiness, LLC"
A2 STRATEGY CORP.,2018307496,A2 Strategy Corp.
A2U L.L.C.,2020313404,A2U L.L.C.
"A2Z Wellness, Inc.",2004300299,"A2Z Wellness, Inc."
A3 Smart Home LP,2025332221,AAA Smart Business
AA Design & Consulting LLC,2026335354,Nique Interiors
AA Family Entertainment LLC,2026335602,Pop Toys
AA Hood Exhaust Cleaning LLC,2025333161,AA Hood Exhaust Cleaning
AA1 Mobile Dog and Cat Grooming LLC,2021315899,Grooming with Goose
AAA Custom Cabinets Inc,1990007517,A A A  CUSTOM CABINETS INC
AAA Homes LLC,2021316646,AAA Homes LLC
"AAA Oil, Inc.",2025333496,On Time Oils
"AAA Property Management, LLC",2026335992,Desert Winds Realty & Property Management
"AAAG-Nevada, LLC",2025333234; 2025333237,America's Auto Auction Las Vegas
AAE LLC,2026335045,AAE LLC
"AAG - Las Vegas, L.L.C.",2010302519; 2010302520,Lexus of Henderson
"AARON TVETER, LTD",2007304970,"AARON TVETER, LTD"
AARYA LLC,2015303367; 2021317788,Jina's Threading & Waxing Studio
"AB Centric R&D, LLC",2023321682,"AB Centric R&D, LLC"
AB JEWELERS LLC,2016303235; 2017304367,AB JEWELERS
AB QUICKSILVER COURT SERVICES LLC,2016302308,AB QUICKSILVER COURT SERVICES LLC
AB Wellness & Drip Bar LLC,2026335259,AB Wellness & Drip Bar LLC
ABC HOME INSPECTION LLC,2015302612,ABC HOME INSPECTION LLC
"ABC Therapy, LLC",2011300746; 2011300747; 2016302097,"ABC Therapy, LLC"
ABDUL ALI HANEEFZAI,2018308916,A1 Smoke & Vapor
"ABREGO, DANIEL S.",2005304998,ABREGO LANDSCAPING SERVICE
ABS Facility Services Inc.,2018308333,ABS Facility Services Inc.
ABSOLUTE WEB SOLUTIONS INC,2023321604,ABSOLUTE WEB SOLUTIONS INC
"ABSTRACT BUSINESS ADVISORS, LLC",2006303251,"ABSTRACT BUSINESS ADVISORS, LLC"
ABUZZ Koll NV LLC,2025332899,ABUZZ Salon Suites
ABUZZ L.L.C.,2017306154; 2017300326,ABUZZ
ABle Active LLC,2026336173,ABle Active LLC
"ACADEMICS & ATHLETICS CONNECTION/LV STARS, INC.",2011302816,ACADEMICS & ATHLETICS CONNECTION/LV STAR
"ACCARDY, LESLIE",2008301891,DENTALWEBJOBS.COM
"ACCOUNTING SOLUTIONS 4 U, LLC",2009301080,"ACCOUNTING SOLUTIONS 4 U, LLC"
"ACCREDITED POOL SERVICE, L.L.C.",2008301667,ACCREDITED POOL SERVICE
"ACE & P, LLC",2011301167,LING SPA
"ACE TOWING, INC.",2011300242,"ACE TOWING, INC."
"ACF Henderson, LLC",2020314626; 2020314625,Angry Crab Shack
ACG Development Group LLC,2024330782,ACG Development Group LLC
ACN Communication Services,1997TC0429,ACN Communication Services
"ACP ~Human Resource Consultative Services, LLC",2025333316,"ACP ~Human Resource Consultative Services, LLC"
ACR Capital LLC,2026334784,ACR Tax Strategies
"ACTA Media Group, LLC",2025333117,"ACTA Media Group, LLC"
ACTION HANDYMAN SERVICES INC.,2012301425,ACTION HANDYMAN SERVICES INC.
ACTION THERAPEUTICS LLC,2013301127,ACTION THERAPEUTICS LLC
ACV Auctions Inc.,2026334686,ACV Auctions Inc.
"AD Distributions, LLC",2012300383,Black & Cherry Real Estate
AD Ventures LLC,2025334174,AD Ventures LLC
ADAM GATAN PC,2015300991,SEVEN HILLS ENDODONTICS AND MICROSURGERY CENTER
ADAM ROBERTSON INSURANCE AGENCY INC.,2021317736,ADAM ROBERTSON INSURANCE AGENCY INC.
"ADAPTIVE ENVIRONMENTAL CONSULTING GROUP, INC",2019311588,ADAPTIVE ENVIRONMENTAL CONSULTING
ADELE HANCOCK,2023321489,Sundance Enterprise
"ADJUSTICE, LLC",2017305743,"Adjustice, LLC"
ADS Environmental Services LLC,2022320583,ADS LLC
ADS Holdings Inc.,2019311414; 2009301380,Massage Heights
ADVANCE FRAME REPAIR,2003304455,ADVANCE FRAME REPAIR
ADVANCED FUTURE I.T. LLC,2017306131,Queen & King Nail Salon
"ADVANCED PRO REMEDIATION, LLC",2015302808,ADVANCED PRO REMEDIATION
"ADVANCED PROTECTION INDUSTRIES, LLC",2007301330,NATIONAL MONITORING CENTER
"ADVANTAGE CIVIL DESIGN GROUP, LLP",2006300124,"ADVANTAGE CIVIL DESIGN GROUP, LLP"
"ADVANTAGE INSPECTION SERVICES, LLC",2009303880,ADVANTAGE INSPECTION SERVICES
"ADVANTAGE SECURITY AND LOW VOLTAGE SYSTEMS, LLC",2009302579,ADVANTAGE SECURITY AND LOW VOLTAGE SYSTE
"AE UNLTD JIU JITSU, LLC",2025334346,AE UNLTD JIU JITSU
"AECOM Technical Services, Inc.",2017305322,"Aecom Technical Services, Inc."
AEG Group LLC,2025332632,American Medical Wellness
AEGIS Admin LLC,2026335370,AEGIS Admin LLC
"AFC INDUSTRIES, INC.",2017305178,R & E Fasteners
AFDNP Inc,2024331142,AFDNP Inc
AFFILIATED PODIATRY LLC,2019310223,AFFILIATED PODIATRY LLC
"AFFORDABLE TREE SERVICE, INC.",2008300202,"AFFORDABLE TREE, A"
"AFG ME West Henderson, LLC",2022318445; 2022318444; 2022318443,Massage Envy
AG Security Group Inc,2025333262,AG Security Group Inc
AGM Business Services LLC,2025333597,AGM Business Services LLC
"AGM Marlow Property Owner, L.L.C",2025333781,The Marlow
"AGS, A Delaware Limited-Liability Company",2016300161,AGS LLC
AGUSTIN CONSTANTINO CULEBRO,2021315622,PARADISE LAWN MAINTENANCE
"AHC Home Health of Las Vegas, LLC",2024330209,Advanced Home Care
"AHC of Henderson, LLC",2018308769,ADVANCED HEALTH CARE OF HENDERSON
"AHP-Nevada, LLC",2025332164; 2025332165,Seven Hills Pet Hospital
"AHV Eastern, LLC",2024330581,Gubler Dental
AI California LLC,2025332360; 2025332694,ALDI #230
AIM Solutions PC,2022319102,AIM Solutions PC
"AIMEE VILLAMAYOR, DDS, PLLC",2017300348,AMBER HILLS DENTAL
"AINSLIE, STEVEN",2005304651,AINSLIE'S EVERGREEN LANDSCAPE MAINT
AIRLINE CAPTAIN FOR A DAY.COM LLC,2009301419,AIRLINE CAPTAIN FOR A DAY.COM LLC
AJ'S AUTO SERVICE LLC,2016301235,AJ'S AUTO SERVICE LLC
"AJ's Music, Inc.",1993015493,"AJ's Music, Inc."
AJAO LLC,2020313352,West Coast Chiropractic Experts
AJLV ENTERPRISES,2008300583,KIRK J VANEK AGENCY
"AJS In Washington, LLC",2025333841,AJS & Co
AK SMOKES LLC,2023321298,AK Smokes LLC
"AKDAL ARMS, LLC",2020314780,"AKDAL ARMS, LLC"
"AKITA'S LANDSCAPE AND MAINTENANCE, LLC",2010301128,"AKITA'S LANDSCAPE AND MAINTENANCE, LLC"
AKTIVE ONE AUTOMOTIVE LLC,2022321018,AKTIVE ONE AUTOMOTIVE LLC
"AKUMA Kaizen, LLC",2025334115,"AKUMA Kaizen, LLC"
AL Chile Fire LLC,2026335641,Al Chile Fire
ALAMEDA MORTGAGE CORPORATION,2019310422,Precision Home Loans
ALAN ERWIN NORTH,2018307465,"Alan E North, CPA"
ALCOHOL EDUCATIONAL SERVICES LLC.,2019312582,ALCOHOL EDUCATIONAL SERVICES LLC.
"ALEMARY CLEANING SERVICES, LLC",2018306804,Alemary Cleaning Services
ALERT CARPET CLEANING L.L.C.,2016300987,ALERT CARPET CLEANING L.L.C.
ALFREDO MONTERO,2020313336,IMPACT AUTO DETAILING
ALG Legal Prof. Corp.,2024329706,ALG Legal Prof. Corp.
ALL AMERICAN CLEANING NV LLC,2015302143,ALL AMERICAN CLEANING NV LLC
"ALL AMERICAN LIQUIDATION, LLC",2015302970,"ALL AMERICAN LIQUIDATION, LLC"
ALLEGIANT INSTITUTE INC.,2014301205,CENTER FOR SPINE & SPECIAL SURGERY
"ALLEN, JODY L",2009303005,"ALLEN, JODY L"
ALLIANCE SUPPORTS INC,2009303495,ALLIANCE CARE HOME
ALLIANCE VIRTUAL OFFICING CORPORATION,2019309699,ALLIANCE VIRTUAL OFFICES
"ALLISON ARCHER, CPA, LLC",2009301602,"ALLISON ARCHER, CPA, LLC"
ALOHA AUTOMOTIVE SERVICE & REPAIR LLC,2016302625,ALOHA AUTOMOTIVE SERVICE & REPAIR LLC
"ALS Solutions, Inc.",2023322416,Lock Solutions
ALTARED SPACE LLC,2022319691,ALTARED SPACE LLC
ALTERNATE HOME SOLUTIONS,2011300802,ALTERNATE HOME SOLUTIONS
"ALVAREZ, ANTONIO",2012300343,TONY ALVAREZ HANDYMAN SERVICES
"ALVAREZ, MARICELA",2015300502,G R MAINTENANCE
"ALWAYS AT YOUR BECK & CALL, INC.",2006305016,"ALWAYS AT YOUR BECK & CALL, INC."
"ALY'S SKINCARE, LLC",2020314065; 2020314066,"ALY'S SKINCARE, LLC"
AM-PM Automotive Diagnostic & Service Inc.,2006300850,AM-PM Automotive Diagnostic & Service
"AMATEUR ATHLETIC UNION OF THE UNITED STATES, INC.",2009300597,SOLID ROCK CLUB BASKETBALL
AMERICA'S HORTICULTURE LLC,2022320202,AMERICA'S HORTICULTURE LLC
AMERICAN FIRST NATIONAL BANK,2019312743,AMERICAN FIRST NATIONAL BANK
AMERICAN LUNG ASSOCIATION,2006302919,AMERICAN LUNG ASSOCIATION
AMERICAN LUNG ASSOCIATION OF IDAHO/NEVAD,2005305975,AMERICAN LUNG ASSOCIATION OF IDAHO/NEVAD
"AMERICAN NEVADA COMPANY, LLC",2014301979,AMERICAN NEVADA REALTY
"AMERICAN SOCIETY FOR MANAGEMENT, INC.",2004304279,"AMERICAN SOCIETY FOR MANAGEMENT, INC."
"AMERICAN TRAVELER STAFFING PROFESSIONALS, LLC",2019312159,"AMERICAN TRAVELER STAFFING PROFESSIONALS, LLC"
AMERISWEDE LLC,2014301929,Yogurtland
AMG Body Therapy LLC,2026334594; 2026334604,AMG Body Therapy
"AMG II, LLC",2025333153,"AMG II, LLC"
"AMI STUDIOS, INC.",2005302025,AMI STUDIOS INC
"AML Funding, LLC",2025332228,JDK Financial Group
"AMMAR, PLLC",2017305282,Stroke and Neurology Specialists
AMMCO ENVIRONMENTAL SERVICES LLC,2017300540,AMMCO ENVIRONMENTAL SERVICES LLC
AMP Medical Products L.L.C.,2026335518,AMP Medical Products L.L.C.
AMPB Acquisition Corp.,2019312791; 2019312792; 2019312139; 2026334943; 2026334944,Gerber Collision & Glass
AMR Coaching LLC,2026335235,Scar and Permanent Makeup Clinic
AMTCO LLC,2025332960,McDonald's
"ANA OLIVARES, PSY.D., L.L.C.",2022320171,"Ana Olivares, Psy.D., L.L.C."
"ANDERSON TRANSPORTATION SERVICES, LLC",2010301220,"ANDERSON TRANSPORTATION SERVICES, LLC"
"ANDREW HANSON'S F, LLC",2020314385,CLOTHING THAT SPEAKS
"ANDREW J. URBAN, CHTD.",2009301947,"ANDREW J. URBAN, CHTD."
"ANDSON, INC",2015300194,"ANDSON, INC"
ANDY'S DEAD BUG PEST CONTROL LLC,2018308112,ANDY'S DEAD BUG PEST CONTROL
ANGEL FERN HOME CARE LLC,2023323109,ANGEL FERN HOME CARE LLC
"ANGELS IN THE VALLEY, INC.",2009301719,"ANGELS IN THE VALLEY, INC."
"ANNETTE'S FITNESS FIRST, LLC",2014303443,"ANNETTE'S FITNESS FIRST, LLC"
ANPI Business LLC,2020314189,ANPI Business LLC
"ANTHEM COMMUNITY COUNCIL, INC",2011300356,"ANTHEM COMMUNITY COUNCIL, INC"
ANTHEM HILLS NUTRITIONAL CLINIC LLC,2017300051,ANTHEM HILLS NUTRITIONAL CLINIC LLC
"ANTHEM REALTY GROUP, LLC",2009301800,"ANTHEM REALTY GROUP, LLC"
ANTHONY'S WATCH & JEWELRY REPAIRS L.L.C.,2016303340; 2017304193,ANTHONY'S WATCH & JEWELRY REPAIRS L.L.C.
"ANTHROPOLOGIE, INC.",2022321115,"Anthropologie, Inc."
ANTIQUE ROSE FLORIST L.L.C.,2017304497,Antique Rose Florist L.L.C.
ANTONIO TERRAZAS & FELIX TERRAZAS,2014303105,Jireh Tire Shop
ANVER ENVIRONMENTAL LLC,2018308617,ANVER PEST CONTROL
ANYTHING AQUATIC LLC,2009300966,ANYTHING AQUATIC LLC
"ANYTIME LABOR, L.L.C.",2003301232,LABORMAX STAFFING
"APA, LLC",2022320544,Asset Protection of America
APEX REPAIR SERVICES LLC,2016302707,APEX REPAIR SERVICES LLC
APO Power Washing Services LLC,2024331025,APO Power Washing Services LLC
APPLIANCE INSTALLS L.L.C.,2015300521,APPLIANCE INSTALLS L.L.C.
APPRAISEVEGAS LLC,2011300521,APPRAISEVEGAS LLC
"APTIVE ENVIRONMENTAL, LLC",2016300777,"APTIVE ENVIRONMENTAL, LLC"
AR Handyman Services LLC,2023321979,AR Handyman Services
"ARARAT WINE AND LIQUOR WHOLESALE, INC.",2019311652,ARARAT WINE & LIQUOR WHOLESALE
ARBOR WORKS LLC,2018308040,Arbor Works
ARC THAI LLC,2018308276; 2018308277,Archi's Thai
ARCNV INC,2021315661; 2021315662,SMARTSTYLE BY REGIS
"AREA 51 PUBLICATIONS, A LIMITED LIABILITY COMPANY",2006304322,NEWT'S TAILORING & ALTERATIONS
"ARGD, LLC",2000058238,PROMONTORY POINT APARTMENTS
ARGENT MANAGEMENT LLC,2012307282,ARGENT MANAGEMENT LLC
"ARIAS, CUAUHTEMOC",2016300514,TEMO'S MAINTENANCE SERVICES
ARLENE RILLO MD MEDICAL GROUP PLLC,2022320550,VIP Primary Healthcare of Las Vegas
"ARMIGER, PATRICK",2015302606,DOWN PAT MAINTENANCE
"ARMOUR, CHRISTENSEN, SIMON, CHARTERED",2011302911,VEGAS VALLEY VEIN
ARMS UNLIMITED INC.,2021318026,ARMS UNLIMITED INC.
"ARP, LLC",2018307607,Annie's Events
ARREST A PEST LLC,2019309736,ARREST A PEST LLC
"ARRINGTON, WILLIAM S",2005306557,State Farm Insurance
"ARUMUGAM SIVAKUMAR, INC.",2006300107,"ARUMUGAM SIVAKUMAR, INC."
AS Wireless LLC,2020313262,CELLAXS Phone Repair
ASD Press LLC,2020313111,Minuteman Press
ASHTON MARTINI LLC,2018306733,Ashton Martini LLC
ASHTON STROBELT LLC,2015300450,Ashton & Associated Wealth Management & Insurance
"ASI HENDERSON, INC.",2008302436,"ASI HENDERSON, INC."
ASOCIACION DE MICHOACANOS EN NEVADA,2007303081,ASOCIACION DE MICHOACANOS EN NEVADA
"ASSIST THE MISSING, INC.",2009301894,"ASSIST THE MISSING, INC."
"ASSURANCE WIRELESS USA, L.P.",2013300529,"ASSURANCE WIRELESS USA, L.P."
ASTRO Property Services LLC,2020313802,ASTRO PROPERTY SERVICES LLC
ASTROLOGY WITH ANDY LLC,2019309913,Astrology With Andy
AT HOME SOLUTIONS,2014303121,AT HOME SR SOLUTIONS
AT Henderson LLC,2024329834,Aqua-Tots Swim School
"AT Solutions, LLC",2019312643,Vegas Strong Junk Removal
AT&T Corp,2017304817,AT&T Corp
"ATA Martial Arts, LLC.",2009301254,ATA Martial Arts
ATC GROUP SERVICES LLC,2016301240,Atlas Technical
ATC Iris I LLC,2023322284,ATC Iris I LLC
ATC Sequoia LLC,2023322353; 2023322354; 2023322503; 2023322504; 2023322505; 2023322506; 2023322507; 2023322530; 2023322531; 2023322535; 2023322537; 2023322538; 2023322541; 2023322544; 2023322545,ATC Sequoia LLC
"ATF ONE, LLC",2008300855,Anytime Fitness
"ATHERTON CONSTRUCTION, LLC",2015301935,ATHERTON CONSTRUCTION
ATKINSON WATKINS & HOFFMANN LLP,2022320552,BATTLE BORN INJURY LAWYERS
"ATKINSON, JESSE",2008304025,LAKEFRONT POOL & SPA SERVICE
ATOMIC CITY FOOTBALL CLUB,2022319323,ATOMIC CITY FOOTBALL CLUB
ATRIUM NEVADA LLC,2022320928,Atrium Hospice of Nevada
AUGGIE'S POOL SERVICE AND REPAIR LLC,2013300911,AUGGIE'S POOL SERVICE AND REPAIR LLC
"AURORA LED, LLC",2018308554,Aurora LED Systems
AUTO MAGICIAN,2005302445,Auto Magician
"AUTO PARTNERS, INC.",2023322907,Auto Guardian
AUTOMALL CARS LLC,2018308217; 2018308256,Towbin Kia
AUTOMAS L.L.C.,2017304199,AUTOMAS L.L.C.
AV3 LLC,2025333093,V-Tech Fire and Life Safety
AVA Hospice Care Inc.,2021315862,AVA Hospice Care Inc.
AVATAR FOODS INC.,2019312687,AVATAR NATURAL FOODS
AVG Intermediate Holdings LLC,2025332617; 2025332618,UrgentVet
AVPM NV PC 5 LLC,2022320878,A Cat Hospital
AWESOME NAIL & SPA LLC,2022321033,Awesome Nail & Spa
AWSA Holdings Inc.,2024329698,Flattops Burgers & Shakes
AYWN LLC,2023323300,Bright Solutions
AZ Pool Supplies Inc.,2020313060; 2025332106,Pacific Pool Supply
"AZTEC LANDSCAPE SERVICES, INC.",2018309639,ALSI
"AZTECH MATERIALS TESTING, INC.",2016302946,"AZTECH MATERIALS TESTING, INC."
Aacess Flores LLC,2026336019,Akira's Pinoy Street Eats
Aadee Mizrachi,2022321202,"Mizrachi, Aadee"
Aaron Fisher,2024329531,Melted Magic
"Aaron J. Osga, DDS, LLC",2020314498,CAREPOINT DENTAL
"Aarrowhead Security, Inc.",2026334995,VetSec Protection Agency
Aarti Home Care LLC,2024330119,Aarti Home Care
Abar Consulting LLC,2021316482,Abar Consulting LLC
Abbott Pest Control,2018308799,Abbott Pest Control
Abby L Estes,2025334331,Sewn In Bloom
"Abby P Therapy, LLC",2025331983,"Abby P Therapy, LLC"
"Abby Rey Studios, LLC",2022319215; 2023323234,"Abby Rey Studios, LLC; Bright Star Acting Academy"
Abel Aeronautical Solutions LLC,2026334522,Abel Aeronautical Solutions LLC
Abelardo S Fausto,2024331312,Acro Taekwondo
Abelino Vasquez Matul,2015300134,Valy Landscaping General Gardening Service
"Abercrombie & Fitch Stores, Inc.",2021316049,Hollister Co. # 31163
Abolfazl Mohammadi,2022321132,Desert Trail Auto
Abraham Hasbun,2026334916,Abraham Hasbun
"Abraham T. Fakhouri, M.D., PLLC",2018307050,Nevada Family Care & Wellness Center
"Abroad Cleaning Services, LLC",2020314512,"ABROAD CLEANING SERVICES, LLC"
"Absolute Advantage Home Health Services, LLC",2023323410,"Absolute Advantage Home Health Services, LLC"
"Absolute Dental & Orthodontics Prada, PLLC",2015303679; 2022321031; 2024329401,Absolute Dental; Absolute Dental & Orthodontics
Absolute Home Health and Hospice Care Nevada LLC,2024331253,Absolute Home Health and Hospice Care Nevada
"Absolute Home Health, LLC",2023323506,"Absolute Home Health, LLC"
Abstract Machines LLC,2026334732,Abstract Machines
Abundance Brew LLC,2024331881,The Coffee Press
Acacia Professional Services,2025332381,Acacia Professional Services
Academy Of Becoming LLC,2026335011,Academy Of Becoming LLC
Academy Technology L.L.C.,2026335698,Academy Technology L.L.C.
"Academy of American Kenpo Karate., A Close Corporation",2011301119,Academy of American Kenpo Karate
Accelerated Tax Resolution LLC,2023321484,Accelerated Tax Resolution LLC
Accent Pathways LLC,2025333083,Accent Pathways LLC
"Access Executives, LLC",2022320469; 2022320470,"Access Executives, LLC; Access Executive Search"
Access Information Management Corporation,2022320055,Access Information Management Corporation
Access Mobile Detailing LLC,2024330613,Access Mobile Detailing LLC
Access Nevada Psychiatry llc,2022319790,Access Nevada Psychiatry llc
Access Nevada Therapy LLC,2021316534,Access Nevada Therapy
"Access One, Inc.",1997TC0840,"Access One, Inc."
Accessibility Compliance Team/USA,2006303552,Accessibility Compliance Team/USA
Accessible Repair Inc.,2025332834,Accessible Repair Inc.
Accessline Communications Corp.,1997TC0779,ACCESSLINE COMMUNICATIONS CORP.
"Accord Home Health, Inc",2023322127,"Accord Home Health, Inc"
Accord Network,2026334797,Accord Network
AccuHealth,2025333071,"AccuHealth Home Health, AccuHealth Hospice"
Accurate Restoration NV LLC,2021316960,Accurate Restoration
"Ace Industries, Inc.",2024329699,"Ace Industries, Inc."
Ace Inspections LLC,2026335208,Ace Inspections LLC
Ace Insurance LLC,2024331869,Ace Insurance LLC
Ace Pest Control Inc.,2023322629,Ace Pest Control Inc.
Ace Vegas LLC,2025334365,Vegas Home Services
Ace of Spade Ramen LLC,2024330309; 2024330310,Kyuramen Tbaar
"Aces & Arrows Archery, Inc.",2017305009,"Aces & Arrows Archery, Inc."
Achieved Games LLC,2019310826,Achieved Games LLC
Acira AI LLC,2026335191,Acira AI LLC
Acium USA LLC,2024330204,Acium Jewelry
Acoustic Design LLC,2024330903,Acoustic Design Systems
Acrux Services LLC,2025332927,Battery Swap
AcryliWood Designs LLC,2024330891,AcryliWood Designs LLC
"Act Like Barbara Coaching, LLC",2023322713,"Act Like Barbara Coaching, LLC"
Act Two Ventures LLC,2025333798,Cabinet IQ of Southern Las Vegas
Active Home Healthcare LLC,2024330635,Active Home Healthcare LLC
"Active Link, Inc.",2026335572,"Active Link, Inc."
Actus Holdings L.L.C.,2017300039; 2017300040,Actus
AdGo LLC,2026335567,AdGo LLC
Adam Hegedus,2026335396,Adam Hegedus
Adam Price,2023321688,Docuprep Services
Adam's Family Home Inspection LLC,2022319448,Adam's Family Home Inspection
Adam's Place,2022320245,Adam's Place
Adashek & Wilkes LLP,2006302462,Desert Perinatal Associates
Adda Vallejo Gonzalez,2026334595,Adda Vallejo Gonzalez
Addis Advanced Medical Associates LLC,2026334954,Addis Advanced Medical Associates LLC
Adela Ada Lane & Associates Inc.,2011301337,Adela Ada Lane & Associates Inc.
Adesso Store 1 LLC,2020313437,The NOW Henderson
Adibi IP Group,2022320692,Adibi IP Group
Adrian Stephens,2012309650,Stephens Family Media Group
Adrienne M Atwell,2025332067,Busy Little Bat Sewing
"Advance America, Cash Advance Centers of Nevada, Inc.",2014301907; 2015303076,Advance America Cash Advance Centers
"Advance Group, Inc.",2015303070,Rapid Cash
Advance Precision Billing Inc.,2026335627,Advance Precision Billing Inc.
Advanced Aesthetics-The Med Spa LLC.,2018307794,Advanced Aesthetics-The Med Spa LLC.
"Advanced Entertainment Services, Inc.",2015302944,Advanced Entertainment Services
Advanced Integrated Pest Management,2025333199,Advanced Integrated Pest Management
"Advanced Lighting Services, Inc.",2006300127,"Advanced Lighting Services, Inc."
"Advanced Manual Therapy Institute, I, LLC.",2006303189,ADVANCED MANUAL THERAPY INSTITUTE
Advanced Petroleum Technologies LLC,2023321833,Petroleum Technologies
Advanced Practitioner LLC,2025331996,Hale Family Practice
"Advanced Prosthetics & Orthotics, Inc.",2006303650,Advanced Prosthetics & Orthotics
"Advanced Rheumatology Associates of Nevada Modjinou, PLLC",2025333233,Advanced Rheumatology Associates of Nevada
Advanced Seismic and Acoustic Solutions LLC,2015303294,Advanced Seismic and Acoustic Solutions
"Advanced Sonography, Inc.",2003302805,"Advanced Sonography, Inc."
"Advanced Technology Innovations, Inc.",2024331049,"Advanced Technology Innovations, Inc."
Advanced Telemedicine Associates LLC,2024330747,Preeminent Healthcare
"Advanced Windows & Doors, Inc.",2015303207,"Advanced Windows & Doors, Inc."
"Advent Cleaners, LLC",2008303635; 2008303600; 2008303736; 2008303756,Al Phillips the Cleaner; Thrift-D-Lux Cleaners
"Adventure Pet Resort, Inc.",2018308313,Top Dog Grooming
Advisors Credit LLC,2020314265,ECREDIT ADVISOR
"Aesthetik Design, LLC",2025334502,"Aesthetik Design, LLC"
Aevo Technology Solutions LLC,2022320810,Aevo Technology Solutions LLC
"Affect Therapeutics, Inc.",2024329878,Affect Therapeutics
"Affiliated Monitoring, Inc",2026335644,"Affiliated Monitoring, Inc"
"Affiliated Physical Therapy, LLC",2022320296; 2022320298; 2022320299,Optimal Therapy
"Affordable Dentures Dental Laboratories, LLC",2023323198,"Affordable Dentures Dental Laboratories, LLC"
"Affordable Repair of Nevada, LLC",2023322018,"Affordable Repair of Nevada, LLC"
Afiya Massage LLC,2015303576,"Laragan, Pris"
Afkhami Vision PLLC,2026335015,Green Valley Eye Care
After Dark Kreations LLC,2023323215,After Dark Kreations
Agape Hospice of Nevada Inc,2023322719,Agape Hospice of Nevada Inc
Agape Pet Health LLC,2019310474; 2019310475,Oasis Animal Hospital
Agape Sports and Family Chiropratic LLC.,2011302632,Agape Health
Agazi Allumni,2006302699,AGAZI SCHOOL ALUMNI ASSOCIATION - N.A.
"Ageless Cryotherapy & Wellness, LLC",2017304832,Ageless Performance Recovery & Wellness
"Ageless Men's Health NV, LLC",2020313117; 2020313116,Ageless Men's Health
"Agent Pest Control, LLC",2010302100,"AGENT PEST CONTROL, LLC"
Aging is Cool LLC,2022321171,Aging is Cool
Agua Street LLC,2018307316,Agua Street LLC
Aguas Frescas 702 LLC,2025333801,Aguas Frescas 702
Aguas II LLC,2024330164,Frijoles and Frescas
Aguayo Bail Bonds LLC,2018307410,Aguayo Bail Bonds LLC
Aguirre Fitness Limited Liability Company,2025332866,Aguirre Fitness Limited Liability Company
Ah Luxury Med Spas Inc,2025333188; 2025333191; 2025333192,Ageless Humans
"Aidii International, Inc.",2013303206,Tokyo World
Aim Business Services LLC,2025332457,Aim Business Services LLC
"Aim High Marketing Solutions, LLC",2011301903,"Aim High Marketing Solutions, LLC"
Aimin Ni,2026335096,Aimin Ni
Air Clear LLC,2025334175,Air Clear Las Vegas
"Air Culinaire Worldwide, LLC",2015303182,"Air Culinaire Worldwide, LLC"
Air Group LLC,2019312962,ESMOG
"Air Voice Wireless, LLC",2025334051,"Air Voice Wireless, LLC"
"Aire Flow Solutions Air Conditioning & Heating, LLC",2024330643,"Aire Flow Solutions Air conditioning & Heating, LLC"
"Airespring, Inc.",2010300651,"Airespring, Inc."
"Airgas Safety, Inc.",2022321169,"Airgas Safety, Inc."
"Airgas USA, LLC",2013300191,"Airgas USA, LLC"
Airstar America Inc,2024329638,Airstar America Inc
"Airtec Gases, LLC",2023322578,"Airtec Gases, LLC"
Aisen Law PLLC,2022320829,Aisen Law PLLC
Aishah Yahya,2026334823,Cozy Moment
Aiyara Thanaporn Stover,2022321149,"Stover, Aiyara Thanaporn"
Akamai Structural Inspector LLC,2024330455,Akamai Structural Inspector LLC
"Akasan, Inc.",2017306464; 2017306465,7-Eleven Store #25156D
Akshar Healthcare Inc.,2026334845,Evergreens Drugs
"Aladdin Bail NV, Inc.",2014301391,Aladdin Bail Bonds
Alafin Tattoos LLC,2023329376,Alafin Tattoo Studio
Alain A Fernandez,2021316845,Nevada Puppy Store
Alan Holty,2023322184,mrmemento
"Alan Sevy, DMD, PLLC",2019312966,Augusta Dental
Alar LLC,2025332767,Alar LLC
"Alarmco, Inc.",2010301548; 2009303138; 1800038470,ALARMCO INC
Alba Arango,2024330242,Sapphire Books
Albert D Sanchez,1995035870,"SANCHEZ, ALBERT"
Albert Paul Wiltz,2024329613,9to5 Auto Repair
"Albert Uster Imports, Inc.",2015303204,"Albert Uster Imports, Inc."
Albertson's LLC,2016300427; 2016300357; 2016300339; 2013300869; 2016300428; 2016300338; 2016300356; 2013300875,Albertson's #3206; Albertson's #3205; Albertson's #3207; Albertson's 2
Alchemy Beauty Bar LLC,2025334353; 2025334354,Alchemy Beauty Bar
Alcohol Lovers and Company LLC,2017306285,Alcohol Lovers and Company
"Aldec, Inc.",1999048138,"Aldec, Inc."
Aldilou West LLC,2008303765; 2008303766; 2024329764,Massage Heights; MASSAGE HEIGHTS
Alejandra Meza-Cervantes,2026335750,Thoughtful Cleaning
Alejandro Duran,2005304720,Pro Greens Landscaping Management
Alejandro Gonzalez Jr,2025334073,Alex Gonzalez Agency
Alejandro Vidal Rivera,2025334030,Alexander's Handyman Services
Alephcare LLC,2026334588,Alephcare LLC
Alesha Holt LMFT LLC,2023322941,Alesha Holt LMFT LLC
Alethea Naumann,2026334653,Kylies Kreations
"Alex Handyman Services, LLC",2023323464,Alex Handyman Services
"Alexander E-commerce Group, LLC",2023321918,Vegas Ink and Toner
Alexander Golestani,2026334907,Alex's Mobile E-Bike Repair
Alexandra Medina Gallardo,2026334572,Brakes Solutions
"Alexandria Crossley, Nurse Consultants, Professional Corporation",2022318601,"Alexandria Crossley, Nurse Consultants, Professional Corporation"
Alexandria Dasis,2025333684,Mojave Glow Candle Co.
Alexios Security Solutions LLC,2024331331,Alexios Security Solutions LLC
Alexis Cockrell,2023323293,MaxFlow Media
Alexis Kruel LLC,2026334725,Alexis Kruel LLC
Alfonso Carlo Veggetti,2025332293,Sal Sagev Estate Sale
"Ali Bubba, Inc.",2010301315,The Equity Group
"Alice V. Mclean, CPA, A Professional Corporation",2005305506,"ALICE V. MCLEAN, CPA, A PROFESSIONAL COR"
Align & Evolve Therapy LLC,2025334463,Align & Evolve Therapy LLC
"Align Med (Alfreda), P.L.L.C.",2020314944,Align Med
Align Physical Therapy,2022320047,Align Physical Therapy
Aligned Collective LLC,2026335867,The Brow Sage
Alimentos Conica USA LLC,2025332757,Alimentos Conica USA LLC
Alison Thompson Professional Limited-Liability Company,2024329913,Alison Thompson PLLC
Alk Food LLC,2021318270; 2022318385,Sushi Hero
All American Brokerage LLC,2022321255,All American Brokerage LLC
"All Around the Wheel, LLC",2025333522,"All Around the Wheel, LLC"
All Aspects Consulting LLC,2026335916,All Aspects
All Care NV LLC,2025334034; 2025334052,All Care Restoration; All Care Packing and Moving
"All City Auto Body, Inc",2003304179,"ALL CITY AUTO BODY, INC"
All Hart Handyman LLC,2025333648,All Hart Handyman LLC
All Houses Cleaning LLC,2026334986,All Houses Cleaning LLC
All In Aviation L.L.C.,2017304957,All In Aviation L.L.C.
All My Love Homecare Inc,2025334263,All My Love homecare Inc
"All Pro Hydrojetting and Pumping, LLC",2017300063,"All Pro Hydrojetting and Pumping, LLC"
"All Star Bail Bonds, Inc.",2011301830,"All Star Bail Bonds, Inc."
All Star Towing L.L.C.,2022319571,Superior Towing
All Western Insurance Inc,2026336050,All Western Insurance Inc
"All World Promotions, LLC",2007301299,"All World Promotions, LLC"
"All Write Business Communications, Inc",2007302901,"All Write Business Communications, LLC"
All-Starz Barber Shop L.L.C.,2012306972,All-Starz Barber Shop
AllScale Event Design LLC,2025332762,AllScale Event Design
Allegiant Title and Escrow Agency LLC,2025334058,Allegiant Title and Escrow Agency LLC
"Allen, Richard S",2002303915,"Allen, Richard S"
"Allenco Properties, Inc.",2019309972,Allen Properties
"Allergy Partners, PLLC",2021317566,Allergy Partners of Nevada
Alliance International Resource Corp,2024331029,Alliance International Resource Corp
Alliance Point Social Events LLC,2023323320,AP Social Events
"Allied Mortgage Group, Inc.",2024329833,"Allied Mortgage Group, Inc."
"Allied Private Investigation & Security Services, Inc.",2024330232,"Allied Private Investigation & Security Services, Inc."
"Allison, Curtis, Kingsley, Meoz, Michael & Sanchez, Prof. Corp.",2010303378; 2015303594; 2008303056; 2008302663,Comprehensive Cancer Centers of Nevada
"Alllison James Estates and Homes of Nevada, LLC",2019311316,"Alllison James Estates and Homes of Nevada, LLC"
"Allstate Security Industries, Inc.",2025332657,"Allstate Security Industries, Inc."
Alltel Corporation,2019310058,Alltel Corporation
Almighty Bail Bonds Inc,2026336099,Almighty Bail
Almont Dental Group LLC,2024330626,Almont Dental
Aloha Behavioral Center LLC,2023321667,Aloha Behavioral Center LLC
"Aloha Enterprises, LLC",2015302043,Aloha Enterprises
"Aloha Pest Control, Inc.",2005304426,E.W. PEST CONTROL
"Alper Drive Apts., LLC",2023321893,Aspire at Alper
Alpha Beauty LLC,2026335063,Mine by Alpha
"Alpha and Eden, LLC",2026334592,"Alpha and Eden, LLC"
"Alpha and Omega Pool Services, LLC.",2024330282,Alpha and Omega Pools
"Alpha2H2O, Inc",2026335013,"Alpha2H2O, Inc"
"Alpine Shark, LLC",2026335840,QuotaGuard
Alsabagh L.L.C.,2023323505,Flame Kabob
"Alsco, Inc.",2015302966,ALSCO INC.
"Alta Vista Mobile Home Park, LLC",2005304201,"Alta Vista Mobile Home Park, LLC"
Alternative Medicine Association LC,2016300858,Alternative Medicine Association LC
Altoran Inc.,2021317638,Altoran Inc.
Alvarez Holding LLC,2019311473,Mi Favorita Flor De Michoacan
Always More Possibilities In Every Direction,2019312564,Always More Possibilities In Every Direction
Aly Ball,2024331448,Grace Unleashed Dog Training
Alysson Smith,2026335059,Aly's Mobile Massage
"Amal Kamil Obaid-Schmid, MD PLLC",2024331394; 2025333740,Elite Rapid Care; Esthetika
Amalurra Centre for Medical Aesthetics PLLC,2022321015; 2023323126,Amalurra Medical Group
Amanda Karina Art LLC,2025333334,Amanda Karina Art
"Amanda M Partin, LCSW Professional LLC",2023322903,"Amanda M Partin, LCSW Professional LLC"
"Amanda Yurko LCPC, Prof. LLC",2026335351,"Amanda Yurko LCPC, Prof. LLC"
Amarilis Alexander & Clinton Alexander,2019309799,AMNU
Amarok LLC,2023329318,Amarok LLC
Amazing Angel Home Care LLC,2022319497,Amazing Angel
Amazon.com Services LLC,2021316262; 2020313814,Amazon.com Services LLC
"Amber Aiello Insurance Agency, Inc.",2020315357,"Amber Aiello Insurance Agency, Inc."
"Amber Elliott, LMFT LLC",2016300999,"Amber Elliott, LMFT LLC"
Amber Nichole Doerr,2026334837,Perfect Fitness Installations & Services
Amber Wayne,2026334789; 2026335283,Rebel Ranch; Amber Wayne
"Amboise Properties DE, LLC",2022319744,The Well Apartments
Ambre Reffel,2026335355,Ambre Reffel
"Amedistaf, LLC",2023322253,TRS Healthcare
Ameniti Co. LLC,2026334979,Ameniti Co. LLC
Ameri-Tech Equipment Maintenance & Repair L.L.C.,2018308428,Ameri-Tech Equipment Maintenance & Repair
AmeriSave Mortgage Corporation,2015301031,Amerisave Wholesale Mortgage Solutions
America First Credit Union,2010302268; 2015301917,AMERICA FIRST CREDIT UNION
America's Garage LLC,2023323628,America's Garage
"American Ancillaries, Inc.",2023321648,AA Medical
American Association for Lean Six Sigma Certification Inc.,2014300591,American Association for Lean Six Sigma Certification Inc.
"American Automobile Association of Northern California, Nevada & Utah",2021317839; 2021317838; 2003301049; 2005306481; 2006304301; 2023323069; 2025334209,AAA NCNU; AAA Auto Repair Center
"American Backflow Services, LLC",2026335185,"American Backflow Services, LLC"
American Beverage Systems,2015302754,AMERICAN BEVERAGE SYSTEMS
"American Builders & Contractors Supply Co., Inc.",2015303143,"ABC Supply Co., Inc."
American Dream Home Inspections LLC,2025332170,American Dream Home Inspections LLC
American Druze Society,2018307120,American Druze Society
American Energy Solutions LLC,2025334076,Trulights Las Vegas
"American Furniture Rentals, Inc.",2023329111,"American Furniture Rentals, Inc."
American Grating LLC,2006302656,American Grating LLC
"American Guard Services, Inc.",2018309198,"American Guard Services, Inc."
American Hindu Association,2022320604,American Hindu Association
"American Homes 4 Rent Management, LLC",2014302808,American Homes 4 Rent
American Institute of Medical Research LLC,2022320569,American Institute of Medical Research LLC
American Jewelers LLC,2026335473; 2026335474,American Jewelers
American Legion Post 40,1998038758,American Legion Post 40
American Lot Book L.L.C.,2014303356,AMERICAN LOT BOOK L.L.C.
"American Messaging Services, LLC",1997TC0418,"American Messaging Services, LLC"
"American National Red Cross, and its Constituent Branches",2025333417,Southern Nevada Chapter
"American Oncology Partners, P.A.",2025333089,Hope Center Care of Nevada
American Pacific Mortgage Corporation,2026335880,American Pacific Mortgage
American Pest Control,2005305709,American Pest Control
American Psycho Productions LLC,2025334278,American Psycho Productions LLC
"American Refrigeration Supplies, Inc.",2021315552,"American Refrigeration Supplies, Inc."
American Roundball Corporation,2022319968,American Roundball Corporation
"American Shading Services, LLC",2023321785,"American Shading Services, LLC"
American Sign Language Communication LLC,2024331590,American Sign Language Communication LLC
"American Tower Asset Sub, LLC",2023322280,"American Tower Asset Sub, LLC"
American Towers LLC,2023322287; 2023322288; 2023322289,American Towers LLC
American Vending Shaved Ice & More L.L.C.,2016301676,Snowie Las Vegas Shaved Ice
"Americana Real Estate, Inc.",2018309351; 2024329468,Century 21 Americana
"Americana, L.L.C.",2006304729,Berkshire Hathaway HomeServices Nevada Properties
"Americold Logistics, LLC",2017304143,"Americold Logistics, LLC"
"Ameriprise Financial Services, LLC",2021318098,"Ameriprise Financial Services, LLC"
Amica Mutual Insurance Company,2015301694,Amica Mutual Insurance Company
Amore Healthcare LLC,2024330346,Amore Healthcare LLC
Amour Hair and Nail Studio LLC,2026335373; 2026335374,Amour Hair and Nail Studio
Amphion Integrated Solutions Inc.,2019312548; 2019312547,Amphion Integrated Solutions Inc.; AMPHION INTEGRATED SOLUTIONS INC.
Amplitude Technology LLP,2026335525,Amplitek
Amy Cheng,2025333337,SCA Fitness
"Amy Cosner, LLC",2019312502,MOUNTAIN OASIS COUNSELING
Amy Rayner-Cooley & Marcus Cooley,2006301005,Amyz Designz
Amy Sharp LLC,2025333049,Amy Sharp LLC
Ana Maria Hershkowitz,2023322665,Candelita Velas Artesanales
Analisa K Bates,2024331039,Analisa K Bates
"Anant Enterprises, Inc.",2021317725; 2021317727; 2021317726,7-Eleven Store #32649C
Anaya Sunset Inc.,2022320228; 2022320226,Marianas Supermarkets#VI
"Anchors Away Cruise and Travel, Inc",2023329312,Cruise Planners
"Anderson Family Care of Nevada, LLC",2026335609,"Anderson Family Care of Nevada, LLC"
"Anderson Pest Control, LLC",2005305771,"Anderson Pest Control, LLC"
Andrade Glass & Mirror LLC,2023322188,Andrade Glass & Mirror LLC
Andrea Bonelli,2019310824,"Bonelli, Andrea"
Andrea Chatman,2025332472,4 Paws Lovers
Andrea Katherene Montoya-Cornell,2020315164,MONTCORN DOXIES
"Andrea M. Olson, C.P.A. INC.",2006303649,"ANDREA M. OLSON, C.P.A., INC."
Andrea Marie Gomez,2021317218,Car Audio Solutions
Andrea Moore,2021315515,"MOORE, ANDREA"
Andrea Peterson,2017305937,5 Star Cleaning
Andrea Reno Design Studio LLC,2026335443,Andrea Reno Design Studio
Andrew Carlson,2025333451,Moderately Fine Art
Andrew Gonzalez,2026335356,Andrew Gonzalez
Andrew Gruninger,2025334392,AG Investigations
"Andrew Hall, M.D., PLLC",2024331152,Relevium Pain Specialists
Andrew Joseph Beatty,2024331414,Digital Print Pro
Andrew M Jones,2009302658,Andrew's Transmissions and T-Cases
"Andy Frain Services, Inc.",2002303997,"Andy Frain Services, Inc."
Andy R Garcia,2022320827,A.R. Garcia Photography
Angel's Care Hospice Inc,2022320081,Angel's Care Hospice Inc
Angela Bjornli,2026334887,Mystical Missy Creative Customs
Angela Dawn Robustelli,2022320482,"Robustelli, Angela Dawn"
Angela Demant,2023323489,We Need a Tutor
Angela King LLC,2025332261,Angela King LLC
Angela S Mayorga,2025334358,Fresh Start w/ an Angels Touch
"Angela Sauer, Professional LLC",2024329751,"Angela Sauer, Professional LLC"
Angelie Liza Bell,2015303714,FITWIZE 4 EVERYONE
Angelina M Dorogi Photography LLC,2020313650,Angelina M Dorogi Photography LLC
Angelleta M Meyers,2025332883,Angel Fine Jewlery and Art
"Angelo J. Ruccia EA, LLC",2016303102,"Angelo J. Ruccia EA, LLC"
Angie's Medical Billing LLC,2024330366,Angie’s Medical Billing LLC
"Angle Engineering, LLC",2023322326,"Angle Engineering, LLC"
Aniko Doman,2022319390,"Doman, Aniko"
Anil Kalyanpur & Sudha Kalyanpur,2018307761; 2018307762,Equinox
"Animal Care Clinic, Inc.",2019312785; 2019312786; 2016302416,Stephanie Animal Hospital; Horizon Ridge Animal Hospital
Animal Instincts Striking LLC,2022320871,Animal Instincts Muay Thai & BJJ
Anita L Goodspeed,2026335413,Anita L Goodspeed
"Anita Lanier Wellness, PLLC",2021316967,"Anita Lanier Wellness, PLLC"
Anita Rosales,2023322796,Dream Catchers Photo Booth & Party Rentals
"Anjum Ismail M.D., P.C.",2005306016,SIENA CARDIOLOGY
Ann M Feeney,2022318345,"Feeney, Ann M"
Ann Marie Kaolulo,2026335126,LV Leis N Love
Anna Ansems,2015303664,AA Consulting
Anna Kessler Therapy LLC,2022318448,Anna Kessler Therapy LLC
Anna Marie Krone,2019310127,MISS ANNA PSYCHIC/INTUITIVE
Annabelle Pines Limited Partnership,2005304109,Annabelle Pines Senior Apartments
Anne Heppenstall LLC,2022319975,Anne Heppenstall LLC
Anne Mumm,2016301174,Kick Up Your Heels and Go!
Anneliese Purser,2010301556,"Purser, Ann"
Annie Grandmaison,2019311708,"Grandmaison, Annie"
Annie Loraine Rosales,2026334775,Midnight Tint
AnoMolly LLC,2014301739,AnoMolly Organic Salon Studio
"Anteater Physical Therapy and Performance, LLC",2022318975,"Anteater Physical Therapy and Performance, LLC"
"Anthem Country Club Community Association, Inc.",2009303844,Anthem Country Club Community Association
"Anthem Country Club, Inc.",1999047116; 1999046470; 2007301580; 2019312760; 2003300628,"Anthem Country Club, Inc.; Anthem Country Club"
Anthem Desserts LLC,2026334839,Anthem Desserts LLC
Anthem Forensics LLC,2010301343,Anthem Forensics LLC
Anthem Lighting Inc.,2023322720,Shine Masters X
"Anthem Management Group, LLC",2018309557,"Anthem Management Group, LLC"
Anthem Nails LLC,2025333173; 2026335617,Trendz Nail Spa
Anthem Nails and Spa LLC,2021317211,Anthem Nails
"Anthem Physical Therapy, Inc.",2009303740; 2019312809; 2008303573,Synergy Physical Therapy
Anthem Senior Residential Care LLC,2022320769,Anthem Senior Residential Care LLC
Anthem Tacos,2017305348,Robertos Taco Shop
"Anthem Village Cleaners, LLC",2024331056,"Anthem Village Cleaners, LLC"
"Anthem Village Dental, LLC",2006300236,Vibrant Dental
Anthony James Vainuku,2025333095,Anthony James Vainuku
Anthony's Barbershop L.L.C.,2017306156; 2017306157,Anthony's Barbershop
AnthonyLLC,2024330818,Bobablastic
Antonette Cohen,2025333483,Liminal Rise
"Antonio T. Alamo, M.D., LTD.",2006301466,Alamo Medical Clinic
AnubisK9s LLC,2021318272,AnubisK9s LLC
"Anytime Motorcycle Towing, LLC",2020313850,"Anytime Motorcycle Towing, LLC"
AoA Detailing L.L.C,2026334564,AoA Detailing L.L.C
Apartment Cleaners LLC,2026336246,Apartment Cleaners LLC
Apeksha Desai MD PLLC,2025333481,Ace Primary Care
"Apex Aviation, Inc.",2014301067,"Apex Aviation, Inc."
"Apex Elite Industries, LLC",2026336197,"Apex Elite Industries, LLC"
Apex Fabrications LLC,2026335362,Apex Fabrications LLC
"Apex Janitorial Services, LLC",2024329648,"Apex Janitorial Services, LLC"
Apex LED Supply LLC,2026335871,Apex LED Supply LLC
Apex Materials LLC,2022319771,Apex Materials LLC
Apex Medical Group PLLC,2021316344,Heads Up Medical
Apex Pool Services LLC,2026334861,Apex Pool Services
Apfitlv Personal Training & Nutrition LLC,2026335213,Apfit's Gameday Fuel Packs
Apnea Sciences Corporation,2026334891,Apnea Sciences Corporation
Apogee Strong Henderson LLC,2024330744,Apogee Henderson
"Apollo Inspections, LLC",2021316986,"Apollo Inspections, LLC"
Apollo Spine and Health Professional LLC,2022319958; 2022319960,Green Valley Chiropractic and Wellness Center
Apple Exterminating LLC,2015302061,Apple Exterminating LLC
Apple Nevada LLC,2008303697; 2008303739; 2008303696; 2008303738,Applebee's Neighborhood Grill & Bar
Appliance Repair Experts Las Vegas LLC,2025332114,Appliance Repair Experts Las Vegas LLC
Appliance Repair Pros LLC,2023329239,Appliance Repair Pros LLC
Applied Finance Group LTD,2024329946,Applied Finance Group LTD
Apria Healthcare LLC,2009300840,Apria Healthcare LLC
April Bourn,2019311971,American Maid
Aqua Dental Group LLC,2019311317,A+ Dental Group
Aqua Diamond Pool Cleaning and Service LLC,2018309313,Aqua Diamond Pool Cleaning and Service LLC
"Aqua Investors Fund IV, L.P",2002305112,Allegro Apartments
"Aqua Marine of Henderson, LLC",2014300769,"AQUA MARINE OF HENDERSON, LLC"
"Aqua-Serv Engineers, Inc.",2009300886,"Aqua-Serv Engineers, Inc."
Aqualife Pool Service LLC,2024330802,Aqualife Pool Service LLC
Aqualine Performance LLC,2023322604,Aqualine Performance LLC
"Aquarius Massage Oasis, LLC",2025334275,"Aquarius Massage Oasis, LLC"
Aquatic Life LLC,2018309071,Aquatic Life LLC
Araceli Vigil-Ramirez,2014303422,Araceli's House Cleaning
Araiza Enterprises Inc,2026334694,Churromania
"Aramark Educational Services, LLC",2024330709; 2024331359,"Aramark Educational Services, LLC"
Arana Software LLC,2019311790,ARANA SOFTWARE LLC
Aranda Therapy and Psychological Services PLLC,2025332406,Aranda Therapy and Psychological Services
Araon Sierras,2026335435,Sierras Baked Goods
Aravaipa Running LLC,2022321099,Aravaipa Running
"Arbitech, LLC",2024331564,"Arbitech, LLC"
Arbitrium Consultancy LLC,2020313055,ARBITRIUM CONSULTANCY LLC
Arbor E&T LLC,2024331727,Equus Workforce Solutions
Arboretum NV PermitCo LLC,2026335721,The Dispensary
Arborpest Companies LLC,2012300247,Select Services
ArcGain LLC,2025333046,ArcGain LLC
Arcana Development and Consulting LLC,2025332733,Arcana Development and Consulting LLC
"ArchWell Health Professional Services of Nevada, P.C.",2022320189,ArchWell Health
Architectural Civil Group LLC,2016302313; 2016302314,ACG Design
"Ardurra Group, Inc.",2025332207,"Ardurra Group, Inc."
"Arevalo Counseling & Mentoring, LLC",2020314082,"Arevalo Counseling & Mentoring, LLC"
Arianna Eyebrow Threading LTD,2017306388,Arianna Eyebrow Threading LTD
Arias Enterprise LLC,2025333869,US DMV Multiservices
"Arizona Labor Force, Incorporated",2018307533,Labor Systems
"Arizona Pneumatic Systems, Inc.",2023321933,Nevada Pneumatic
Arlen Alvarez,2024330995,Real Clean Windows by Arlen
Arlene Mackin,2025333405,Mackin Bookkeeping
Arlowe LLC,2026335157,Arlowe LLC
Armando Banuelos & Magda Banuelos,2024330578,Everything In Stucco & Paint Repair
Armbruster Industries LLC,2018307283,Armbruster Industries LLC
Armen R. Festekjian,2022318638,Fabulous Breaks
"Armor Guys, Inc.",2019309810,"Armor Guys, Inc."
Army Smoke Shop LLC,2024329578,Army Smoke Shop LLC
"Aroma Lab Creations, LLC",2026335449,Aroma Lab Creations
Around The Post LLC,2025333585,ATP Vending NV
"Around Town Towing, LLC",2013300416,"Around Town Towing, LLC"
"Arriola Consulting & Inspections, LLC",2022318485,"Arriola Consulting & Inspections, LLC"
Arrow Inspections LLC,2024331657,Arrow Inspections LLC
"Arroweye Solutions, Inc.",2024330633,"Arroweye Solutions, Inc."
Arrowhead Media LLC,2025332949,Arrowhead Media LLC
"Art & Alloy, LLC",2016302461,"Art & Alloy, LLC"
Art In Motion Motors LLC,2023329332,Art In Motion Motors LLC
Art of Cooking LLC,2013302746,Sin Saveur
Artemis Collective LLC,2026334896,Artemis Collective
Artgame LTD,2011302893,ARTGAME LTD
Artgana 5a Professional LLC,2021317869,Tru Beauty by Trevor
"Arthur Gomez Productions, LLC.",2026334864,"Arthur Gomez Productions, LLC."
"Arthur M. Cambeiro, M.D., LLC",2007300101,Surgispa Cosmetic & Plastic Surgery
Arthur Mkrttsjan,2022318743,Peabody Shoe Repair and Tailoring
Artistic Equations LLC,2014302641,Artistic Equations
Arturo Moreno Sanchez,2016303250,Bail Bonds 4 Less
Ascaya Owners Association,2020313396; 2020313397; 2023322476,Ascaya Owners Association
Ascendant Counseling Center Inc.,2022319582,Ascendant Counseling Center Inc.
Ascent Legal Advisors PLLC,2025333741,Ascent Legal Advisors PLLC
"Asees Enterprises, Inc.",2021317728; 2021317729; 2021317730,7-Eleven Store #24823D
Ashbee Digital Designs LLC,2025332799,Ashbee Digital Designs LLC
"Ashjamill, INC",2022319640,MG BUSINESS LENDING
"Ashley Global Retail, LLC",2022319905,Ashley
Ashley King,2020315086,"KING, ASHLEY"
Ashley N Collins,2025333128,Peaceful Nest
Ashley Rae Solis,2025334315,Bloom and Bond Play Company
Ashley Sechrist,2020314791,Elemental Grace
Ashley Taylor Uwnawich,2023322863,Psychic Gifts & Readings
Ashley's Towing Inc.,2023322955,Ashley's Towing
"Ashsmeshikhya, LLC",2021317359; 2021317360,7-Eleven Store #20145C
Ask an Expert Consulting LLC,2025333433,Ask an Expert Consulting LLC
Aspis Dory Consulting LLC,2025333007,Aspis Dory Consulting LLC
Assessment Management Group I LLC,2014303355,Assessment Management Group I LLC
Assessment Management Group Inc.,2014303354,Assessment Management Group Inc.
"Asset Preservation Tax & Retirement, LLC",2025333853,Asset Preservation Wealth & Tax
"Association Cleaning Team, Inc.",2007304135,"Association Cleaning Team, Inc."
"Assured Document Destruction, Inc.",2015302806,"Assured Document Destruction, Inc."
Assured Protection Group LLC,2022319604,Assured Protection Group LLC
"Assured Real Estate, Inc.",2017304961,"Assured Real Estate, Inc."
Assurnet Inc.,2017304323,Assurnet Inc.
Astro eVolVe LLC,2024331348,Astro eVolVe LLC
Astrovere Labs LLC,2026336273,Astrovere Labs LLC
"Astuno & Associates, APC",2022320142,"Astuno & Associates, APC"
At Beauty Lounge LLC,2026334937,Viva Nails
"Atha, Pamela",2011301306,PSA Productions
Athena Holdings International,2006304085,The Leading Edge Sales and Marketing
Athleta LLC,2017306481,Athleta #4632
"Athletic & Therapeutic Institute of Naperville, LLC",2022319974; 2021317248; 2023322519,ATI Physical Therapy
"Atis Elevator Inspections, LLC",2025333533,"Atis Elevator Inspections, LLC"
Atkinsrealis USA Inc.,2005306326,Atkinsrealis USA Inc.
Atlantic Corporation of Wilmington Inc.,2022319399,Atlantic Packing
"Atlantis Bevco, L.L.C.",2022319629,"Atlantis Bevco, L.L.C."
Atlantis Rising Crystals LLC,2022319757,Atlantis Rising Crystals LLC
"Atlas Express Padala, Inc.",2018307838,"Atlas Express Padala, Inc."
Atlas Group LC,2012301566,Atlas Group LC
Atlas Integrated Security LLC,2024331783,Atlas Integrated Security
Atlas Optics LLC,2024330418,Atlas Optics LLC
"Atlas Pest Control, LLC",2024330121,"Atlas Pest Control, LLC"
"Atlas Plumbing, Inc.",2021316954,Atlas Plumbing
Atomic Goodies LLC,2024330527,Atomic Goodies
Attivo Wellness LLC,2024331635,Attivo Wellness LLC
Aubrey Wadman-Goetsch Counseling LLC.,2019311717,Aubrey Wadman-Goetsch Counseling LLC.
"Audiology Services Company USA, LLC",2022319897; 2022319900,"Audiology Services Company USA, LLC"
Audrey Ann Tarris,2024329951,Audrey Tarris Photography
Audrey Miller,2018307267,"Miller, Audrey"
Audrey Shang,2017305780,"Shang, Audrey"
"Augustina, Inc.",2024331729,"Augustina, Inc."
"Aujom Productions, Incorporated",2018308019,Aujom Productions
Aurora Medical Group LLC,2025332624,Aurora Medical Group LLC
Austin Capital Trust Company LLC,2018309343,Austin Capital Trust Company LLC
Austin Hamilton,2026335980,Austin Hamilton
Authorized Security Nevada,2024329930,Authorized Security Nevada
Auto Dynamic Services LLC,2020314386,Auto Dynamic Services LLC
Auto Medic Mobile Mechanics LLC,2021316503,Auto Medic Mobile Mechanics LLC
Auto Restore Specialist LLC,2006304909; 2005302861,Auto Restore Specialist
"AutoMak Assembly, Inc.",2019309824,"AutoMak Assembly, Inc."
AutoZone Operations LLC,2015303555; 2011303328; 1997038665; 2023323053; 2024331350,AutoZone #106294; AutoZone #4088; AutoZone #2201; Autozone #3622; AutoZone #6871
"Automall Automotive, LLC",2020315313; 2020315312; 2023323145,Towbin Dodge Ram
Automated Integrative LLC,2026335346,Desert Medicinals
Automotive Business Services L.L.C.,2021317150,MYCARLADY
Automotive Street Style LLC,2008301865,Automotive Street Style LLC
"Avandy Medical (Buttrum), PLLC",2022319689,Avandy Medical
"Avanti Group, Inc",2022320489,Avanti Green
Avaruus Studios Inc.,2013301998,Avaruus Studios Inc.
Aventuwrist LLC,2026334912,Scaredy Caps
Avery Hospice LLC,2024329570,Avery Hospice LLC
Aviation Services NV LLC,2026334804,RealClean Las Vegas-Henderson
Avila Group LLC,2026334880,Maximo Renovations
Awareness Coaching LLC,2022319353; 2022319378,The Wise Ashes
Axentra Inc,2026335893; 2026335895,American Punjabi Terriers; Pet Palette
Axion Technology Group LLC,2022318480,Axion Technology Group LLC
Axis Real Estate LLC,2023322478,Axis Real Estate LLC
Azalea Peral & Jose E Peral,2025332914,Peral's Handyman Service
Azha Justyne Abordo,2023329175; 2025332717,Ohana Island Therapy; Azha Justyne Abordo
"Azkin, INC",2018306876,Supercuts
Aztec Fire Protection LLC,2022320877,Aztec Fire Protection
"Azure Auto II, LLC",2023323452; 2023323453; 2023329132; 2023329133,Findlay Nissan Henderson
Azzurra LLC,2022321035; 2022321036,Azzurra
B & C Las Vegas Inc.,2024329641,Griswold Home Care
B & E Inc.,2006301342; 2017304200,SNAP Towing; SNAP Auto Sales
"B & R Property Management, Inc",2024331500,B & R Property Management
B with A Twist LLC,2023323148,Curator Catering
"B&B Distributing, LLC",2019311651,"B&B Distributing, LLC"
"B&G Ventures, LLC",2026334899,Set The Stage Henderson
"B&J Bars, LLC",2009303649; 2009303650,Hammers Grill & Bar
B&J Pressure Washing LLC,2005303425,B&J Pressure Washing LLC
B&M LLC,2020314888,B&M LLC
"B&R Holdco, LLC",2024329564; 2024329565,B&R Auto Wrecking
B-Prime LLC,2025333301,Detest Pests Pest Control
"B. Sharp School of Dance, Inc.",2010302640,B. Sharp School of Dance
"B.A.B.A. Services, LLC",2021315507,"B.A.B.A. SERVICES, LLC"
"B.I.B. CONSULTING, LLC",2011300924,"B.I.B. CONSULTING, LLC"
B2B LLC,2022320525,Elite Distributors
B2B USA LLC,2018308397,B2B USA LLC
BA Resources LLC,2016301670,Liberty Cleaning Services
"BABCOCK, JULIE R",2001301065,Babby's Bulldogs
"BAILEY KENNEDY, LLP",2016303384,"BAILEY KENNEDY, LLP"
"BAKER, TERRY",1992011331,CLOCKS & LOCKS
"BALDWIN, CHRISTOPHER",2005304716,BALDWIN BRO LAWN SERVICE
BALLESTER LLC,2015300940,MANHATTAN PIZZA III
BAMBOO BRIDGES,2014302098,BAMBOO BRIDGES
"BARBIE'S PET SITTING, LLC",2004303566,"BARBIE'S PET SITTING, LLC"
"BARRETO, SEGUNDO G",2013301372,RAMBITOS CLEANING
"BARRICK GOLD OF NORTH AMERICA, INC.",2015301854,BARRICK GOLD NORTH AMERICA
BARRINGTON SECURITIES,2018308625,Barrington Securities
"BASCP, Inc",2025332922,"BASCP, Inc"
"BATTLE ARMS DEVELOPMENT, INC.",2017304254,Battle Arms Development
BATTLE BORN VETERANS SERVICES INC.,2014302014,BATTLE BORN VETERANS SERVICES INC
"BAYADA Home Health Care, Inc.",2024330212,"BAYADA Home Health Care, Inc."
BAYLAANN CANINE CANCER ORGANIZATION,2013303574,BAYLAANN CANINE CANCER ORGANIZATION
BBIG FINANCIAL SOLUTIONS LLC,2020315176,BBIG FINANCIAL SOLUTIONS LLC
BC Pest Control LLC,2022319231,BC Pest Control
BC Racing North America Inc,2025334171,BC Racing North America
"BCC Management, Inc.",2019309910,"BCC Management, Inc."
BCGM Company,1995035660,Johnstone Supply of Henderson
"BCN Telecom, Inc.",2023322840,"BCN Telecom, Inc."
"BCNS Technologies, LLC",2020313804,"BCNS Technologies, LLC"
"BD & Associates CPAS, PLLC",2011302280,"BD & Associates CPAS, PLLC"
"BD Management SK01, LLC",2025332025,Smoothie King
BD Management SK02 LLC,2025333633,Smoothie King
"BDO USA, P.C.",2024329409,"BDO USA, P.C."
"BDP LV Sunset NV, LLC",2023321322,Planet Fitness
BDSJ Inc.,2021317826,The UPS Store #4127
BEACON POINTE INC.,2022319740,Hodapp and Associates
"BEAR CLEANING, LLC",2019310123,"BEAR CLEANING, LLC"
BEAR LABEL LLC,2019310823,BEAR LABEL CONSULTING ENGINEERS
BEAUTIFUL SPA AND SALON L.L.C.,2014303316,BEAUTIFUL SPA AND SALON L.L.C.
BEC Environmental Inc.,2026336048,BEC Environmental Inc.
BECKABELLA INC.,2018307832,Hart & Associates
"BEESON, CARROLL",2014303579,BEESON MEDIATION SOLUTIONS
"BELL PHOTOGRAPHERS, INC.",2022320488,"Bell Photographers, Inc."
BELLA TNT LLC,2019312244; 2019312243,Supercuts
BELegaspi LLC,2026335850,ANI All Nevada Ins
"BEN CAPITAL MANAGEMENT, INC.",2019310362,Lee's Sandwiches
"BEN Managment Group, L.L.C.",2024331856,"BEN Managment Group, L.L.C."
"BENNETT, JACK",2016302825,WILD WEST APPLIANCE REPAIR
BENNY LANDSCAPING AND MAINTENANCE L.L.C.,2006303142,BENNY  LANDSCAPING AND MAINTENANCE
"BERENJI, JAMSHID",2014301820,"DESIGN CORE - JIM BERENJI, AIA"
BERGIN ENTERPRISE,2014302630,LAS VEGAS CUSTOM GOLF
BEST NAILS & SPA II INC,2015302465,BEST NAILS & SPA
"BETH YAMASHIRO DDS MBA, PLLC",2013301461,BETH'S BRACES
BHRC Henderson Trenche Medical PC Inc,2025333543; 2025333544,Beverly Hills Rejuvenation Center - Henderson
BICH THI NGOC NGUYEN,2020314264,Princess Nail & Spa
BIG Adventures LLC,2026335176,BIG Adventures LLC
BIG O BAIL BONDS,2004304191,BIG O BAIL BONDS
BIG TIME DISTRIBUTING,2019312656,BIG TIME DISTRIBUTING
BKLear Network LLC,2023321451,Weightless Financial
BLACK MOUNTAIN GEOTECH,2012300767,BLACK MOUNTAIN GEOTECH
BLACKBURN PEST CONTROL,2007302749,BLACKBURN PEST CONTROL
"BLANCHARD, MARY",2007302707; 2007302708,"BLANCHARD, MARY"
BLL Golf LLC,2025332761,Flyaway Sim Golf
BLOOM L.L.C.,2014303208,BLOOM
BLUE AURA POOL SERVICE LLC,2026335159,Blue Aura Pool Service LLC
"BLUE BELL CREAMERIES, LIMITED PARTNERSHIP",2022318986,"BLUE BELL CREAMERIES, LIMITED PARTNERSHIP"
BLUE RIBBON HOSPITALITY L.L.C.,2019311302; 2019311656,Hometown Country Kitchen
"BLUE SUN OFFICE SUITES, LLC",2016302624,"BLUE SUN OFFICE SUITES, LLC"
BLVD Water LLC,2022321259; 2022321260,BLVD Grille
"BLYNCO MANUFACTURING & DISTRIBUTING, INC.",2018308346,"Blynco Manufacturing & Distributing, Inc."
BM Distributors LLC,2024329936,BM Distributors LLC
"BMA Tax And Business Solutions, LLC",2014302676,"BMA TAX AND BUSINESS SOLUTIONS, LLC"
BMO Bank National Association,2024329589,BMO Bank N.A.
"BMR FINANCIAL ADVISORS, LTD.",2022319586,CORNERSTONE FINANCIAL ADVISORS LTD.
BMR Luxe,2026335401,"Kaleidoscope, Inc."
BMS Tax L.L.C.,2017304778,BMS Financial Insurance & Tax Services
BMaddox Enterprises LLC,2020314307,Silencer Central
BMag VB LLC,2026334656; 2026335534,BMag VB LLC; BMAG Handyman services
BNG Motorsports Inc.,2016300327; 2016303246,Manafre; BTB Products
BNJ Investment LLC,2024329897,Nail Zone
"BNT SEVEN HILLS, LLC",2007301639,SEVEN HILLS ORTHODONTICS
BOB'S HANDYMAN L.L.C.,2017304972,Bob's Handyman LLC
"BOBA KING, LLC",2018306712,Boba King
"BODY TOOLZ, INC.",2015303458,"BODY TOOLZ, INC."
"BOHLMAN, MARY",2003304823,MAXIMUM REIMBURSEMENT PROFESSIONAL
"BON Capital, LLC",2025334299,BON Capital
"BORG LAW GROUP, LLC",2021317721,"Borg Law Group, LLC"
"BOUCHARD, BETTY",2007300652,Cruise Planners
"BOULDER CITY ART GUILD, INC.",2009300834,"BOULDER CITY ART GUILD, INC."
BOULDER CITY HENDERSON SWIM TEAM,2017300004,BOULDER CITY HENDERSON SWIM TEAM
BOWERS TRAVEL LTD,2006305177,ABOVE ALL TRAVEL
"BOWLERSMART, LLC",2017300380,BOWLERSMART
"BOYLE, WILLIAM EUGENE III",2009302896,ABERDEEN BACKFLOW PREVENTION SERVICES
BP Royal MedSpa LLC,2022319855; 2022319856; 2022319857,BP Royal MedSpa
"BP1968, LLC",2022321254,PINOY1968 Buffet & Restaurant
BPOE OF THE UNITED STATES,2006302929; 2008301053,HENDERSON/GREEN VALLEY ELKS LODGE #2802
BR Green Valley LLC,2024330651,BR Green Valley LLC
"BRAINSTORM LOGISTICS, LLC",2010302729,"Brainstorm Logistics, LLC"
BRAND Architecture LLP,2022318916,BRAND ARCHITECTURE
"BRANDON JACKSON, P.T., PROF. CORP.",2017305233,Jackson Physical Therapy
BRB Boba LLC,2024331558,BRB Boba LLC
BREIT MF SPUR LLC,2019312142,Spur Apartments
"BREMNER, DOUGLAS",2000058522,KOKOPELLI ENTERPRISES
"BRETT NOORDA, D.M.D., LTD.",2005305856,Dental Excellence
"BRIAN JONATHAN LIPMAN, M.D.P.C.",2017305075,"Brian Jonathan Lipman, M.D.P.C."
BRIAN LEE GARDNER,2019312742,"GARDNER, BRIAN"
BRIGITTE TCHOROUKIAN,2005306691,"TCHOROUKIAN, BRIGITTE"
BROOKLYNN MAE MOHLER FOUNDATION,2014300267,BROOKLYNN MAE MOHLER FOUNDATION
"BROOKS, JOSEPH C",2011300282,TNZ
"BROWN GROUP RETAIL, INC.",2000058280,Famous Footwear #1589
"BROWN, HAYLEY",2005306559,DESERT HILLS PLASTIC SURGERY CENTER
BRUNELLIS ENTERPRISES LLC,2020314543,DRAGON REPAIRS
BRYCE OLSON INSURANCE AGENCY INC.,2018308210,State Farm
"BRYNER, MICHELLE M",2004302018,MICHELLE'S VICTORIAN GARDEN
BSBED LLC,2026334783,Refined Aesthetics & Wellness
BSD Family Holdings LLC,2025332358,Wheely Kosher Pizza
BSE Development Inc,2023329216,Port Of Subs
BSI Consulting LLC,2026335571,BSI Consulting LLC
BT Americas Inc.,2019311650,BT Americas Inc.
BTB Henderson LLC,2018307366,Brew Tea Bar
BTO Investments,2017304800; 2017304797; 2023322032,Carl's Jr
"BUDDIES EXTERMINATING, LLC",2009304090,"BUDDIES EXTERMINATING, LLC"
BUILDING HOPE NEVADA,2009302450,BUILDING HOPE NEVADA
BULWARK EXTERMINATING LLC,2017300541,BULWARK EXTERMINATING LLC
BUNGALOW SALON SUITES INC.,2020314402,BUNGALOW SALON SUITES
"BURNS & ASSOCIATES, INC.",2008302116,"BURNS & ASSOCIATES, INC."
BUSINESS DATA INSIGHTS LLC,2019311835,BUSINESS DATA INSIGHTS LLC
BUU LLC,2022320577,360 Nails & Spa
BUZY BEE CLEANING SERVICE LLC,2010300522,BUZY BEE CLEANING SERVICE LLC
"BW SUPPLIES NEVADA, LLC",2012310251,"BW SUPPLIES NEVADA, LLC"
Babette Scholl-Wilson,2020314656,Experience Travel by Babs
Bacchus P.C.,2018307788,P3 Health Partners Medical Group
Bach Ngoc Thi Truong,2024330058,Pur Glo Medical Spa
Back At It Chiro PLLC,2026334598,Back At It Chiropractic
Back to Balance Chiropractic Center LLC,2024331447,Back to Balance Chiropractic Center LLC
Backyards Plus LLC,2025332806,Backyards Plus LLC
Bad Beans,2026335230,Bad Beans
Bad Girl Bail Bonds LLC,2010300129,BAD GIRL BAIL BONDS LLC
"Bad Owl Coffee, LLC",2016300145,Bad Owl Coffee
Bad Rat Garage LLC,2023323510,Bad Rat Garage
"Badar Anwar, M.D., Professional Corporation",2019312165,Anthem Medical Center
Baggott Group,2006303216,Baggott Group
Bail Stop Inc,2022320205,Bail Stop Inc
"Bailey and Son Enterprises, Inc.",2010302397,Bailey's Sweeper Service
"Baja Mar, Inc.",2024331219; 2024331220,Bajamar Seafood & Tacos
Baked By Lex LLC,2024330693,Pour Decisions Coffee
"Baker Commodities, Inc",2015302724,THE GREASE COMPANY
Baker Creek Lavender Farm LLC,2021317397,Baker Creek Lavender Farm LLC
Baking By Beth LLC,2025333858,Baking By Beth
"Balance In Motion, LLC",2025333452,"Balance In Motion, LLC"
"Balance Your Books, LLC",2024330714,"Balance Your Books, LLC"
"Balanced Organizing Solutions, LLC",2005306222; 2005306221,"Balanced Organizing Solutions, LLC"
"Balboa Beach Pizza, LLC",2005302914; 2005302912,Balboa Pizza Company; Balboa Beach Pizza
Bald and Boujee Vegas Sphynx llc,2026335183,Bald and Boujee Vegas Sphynx llc
"BalenceCo, LLC",2023321368,the balence companies
Ballard Architecture Professional Corporation,2024330734,Ethos Three Architecture
"Bam T055, LLC",2025333319,BaM
Bamboo Family Clinic LLC,2018308470,Bamboo Family Clinic LLC
Bamboo Sunrise LLC,2018308034,Bamboo Sunrise LLC
Ban Chan LLC,2024330813; 2024331821,Mura BBQ Japanese BBQ & Shabu & Nice Shot & Banchan Village
Bandwith Inc.,2012310688,Bandwith Inc.
"Bank of America, N.A.",1996041362; 1996041617; 2021316803; 1800039042; 2005300425; 2000056326,"Bank of America, N.A.; Bank of America, N. A."
Banks Oreck Vacuum-Henderson NV Inc,2015300799,Banks Oreck Vacuum-Henderson NV Inc
"Banks and Bell Legacy, LLC",2025332845; 2025332846,"Banks and Bell Legacy, LLC"
Baoss Collections LLC,2025332742,Baoss Collections LLC
Baptiste Enterprises LLC,2026334819,Baptiste Enterprises LLC
"Barakat Industries, Inc.",2002302128,Little Caesars Pizza
Barbara Anih-Buford,2021316739,Elite Motions Foto Booths
Barbara Ann Charles,2025332441,Barbara Charles Design
Barbara Quinones,2024331283,Barbie Massage
Barber & Salon WM LLC,2023322958; 2023322959,W & W Barbers
"Barber Central, LLC",2026335719,Barber Central
Barclay Psychology Inc,2024330882,Barclay Psychology Inc
Barclays Services LLC,2014302318,Barclays Services LLC
Bare Body Plus LLC,2025332425,Bare Body Plus
Barela Assist LLC,2025333050,Force Choke Jiu Jitsu
Barlow Richards LLP,2011301243; 2023322298,Clear Counsel Law Group; Full Throttle Law
"Barnes & Noble Booksellers, Inc.",1996040984,"Barnes & Noble Booksellers, Inc."
Barreto BJJ LLC,2023322635,Gracie Barra Henderson
Barrios L.L.C.,2023321865,Fresh Start Carpet Cleaning
Barron's Solar Wash Company,2021315989,Barron's Solar Wash Company
Bartlett Detail LLC,2023329196,Bartlett Detail LLC
"Basic Management, Inc.",2007304363; 2016301916,"Basic Management, Inc.; Cadence"
Basic Post No. 3848 Veterans of Foreign Wars of the Untied Stated Incorporated V,2006304643; 1982000032,VFW Post 3848
"Bath & Body Works, LLC",2007302623; 2017300056; 2007302929,"Bath & Body Works, LLC #119; Bath & Body Works, LLC; Bath & Body Works, LLC #2026"
Battle Born Backflow LLC,2025334451,Battle Born Backflow LLC
Battle Born Ballistics LLC,2019311162,Battle Born Ballistics
Battle Born K9 LLC,2026336034,Battle Born K9 LLC
Battle Born Music USA LLC,2026334685,Battle Born Music USA LLC
Battle Born Pigeon Control LLC,2016300705,Battle Born Pigeon Control LLC
Battle Born Stone & Tile Restoration LLC,2011302991,BATTLE BORN RESTORATION
"BattleBorn Non-Lethal Defense, LLC",2026335168,"BattleBorn Non-Lethal Defense, LLC"
Battleborn Essentials LLC,2023321305,Battleborn Essentials LLC
"Battleborn Fitness Group, LLC",2024331113,Raw Fitness
Battlefront Legal LLC,2025333115,Battlefront Legal LLC
"Bauer Optical Managment, LLC",2020314782,Bauer Management & Consulting
"Bauman Advisory Group, LLC",2022320545,Bauman Wealth Advisors
Bauman Financial Group LLC,2022320546,Bauman Financial Group LLC
"Baxter Bear Sourdough Company, LLC",2025332826; 2026334602,"Baxter Bear Sourdough Company, LLC; Baxter Bear Tactical"
Baxter Craft LLC,2021317606,Baxter Craft LLC
Bay Alarm Company,2024330336,Bay Alarm Company
Bay Area Sports Collective LLC,2025332245,Bay Area Sports Collective LLC
"Bay Breeze Apartments, LLC",2010302038,Bay Breeze Apartments
"Bay Desert, Inc",2024330941,Bay Desert Inc
"Bay Leaf Counseling & Psychotherapy, LLC",2023321444,"Bay Leaf Counseling & Psychotherapy, LLC"
"Bayramoglu Law Offices, LLC",2018308133,"Bayramoglu Law Offices, LLC"
Bcore Edge Henderson LLC,2022320002,The Edge at Traverse Point Apartments
Beacon Oral Specialists Management LLC,2024329417,Beacon Oral Specialists Management LLC
Bead Jungle,2021317092,Bead Jungle
"Beam, LLC",2021317488,Beam
Bear Arms LLC,2020313891; 2020313892,Bear Arms
"Bear Communications, Inc.",2019309892,BearCom
Bear Tracks Holdings LLC,2015300261; 2025332710,Henderson Black Bear Diner
Bear's Bakes & Brews LLC,2025332392,Bear's Bakes & Brews LLC
Beatriz E Loera,2025332391,B+b Global Imports and Exports
Beatus Vita LLC,2024331178,Nails with Love
Beautify Salon and Spa Inc.,2024330556; 2024330557,Beautify Salon and Spa Inc.
"Beautiology Salon and Headspa, LLC",2026335146; 2026335148,Beautiology Salon
Beauty Bar by Sush LLC,2020315479; 2020315480,Hina Eyebrows Threading & Henna Art
Beauty Guru Salon & Spa LLC,2024331411; 2024331412,Beauty Guru Salon & Spa
Beauty Systems Group LLC,2016301064; 2021315927,COSMOPROF
Beauty Therapy LLC,2022320521; 2022320568,Beauty Therapy
Beauty and Bodyworks Studios LLC,2021316903; 2021316541,Beauty and Bodyworks Studios
BeautyBladez LLC,2022321233,Beauty Bladez
"Beaux-Arts, Inc.",2023329273,Joanna Crawford Pilates
"Beaver Brothers Tree Service, LLC",2024330444,"Beaver Brothers Tree Service, LLC"
"Becarra, Maria D",2002300122,Las Cascadas
Beck N Call LLC,2022318906,Beck N Call LLC
"Becklar, LLC",2025332109,"Becklar, LLC"
Becky Ann Misa,2023329165,For My Happy FurBaby
"Bedrock at Home Nevada, LLC",2016303100,"Bedrock at Home Nevada, LLC"
"Bee Master of Las Vegas, Inc.",2016301052,"Bee Master of Las Vegas, Inc."
"Bee Well Collective, LLC",2026335869,"Bee Well Collective, LLC"
BeeBright LLC,2023321706,KoolMinds Henderson
Beer District Brewing LLC,2024329611; 2024329612,Neon Desert Brewing
Beer for Boobs,2011301199,Beer for Boobs
Beetlefire Properties LLC,2025332983,Noble Carpet Cleaners
"Beezlebug Bit, LLC",2024330532,Lee Lanier Paints
Behavior Campus LLC,2019310405,Behavior University
"Behavioral Fluency, LLC",2024329431,"Behavioral Fluency, LLC"
Behavioral Health Solutions LLC,2024329784,Behavioral Health Solutions LLC
Behavioral Solutions of Southern Nevada LLC,2026336069,Behavioral Solutions of Southern Nevada LLC
"Bekam Development, LLC",2006302749,"BEKAM DEVELOPMENT, LLC"
Bekk LLC,2022319866,A Beautiful Bouquet Florist
Belinda M Caldwell,2013301734,Grandma Kitty's Cat Toys
Bell Atlantic Mobile Systems LLC,2020315201; 2020315225; 2019312769,Verizon Wireless; Bell Atlantic Mobile Systems LLC
Bell MD PC,2024330827,West Henderson Anesthesia Partners
Bella MCXIV LLC,2021317887,Bella Detailing & Auto Spa
"Bellum Global, LLC",2026335882,"Bellum Global, LLC"
Beltran Handyman Services LLC,2024329686,Beltran Handyman Services LLC
Beltway Animal Hospital LLC,2004305327,Valley Ranch Animal Hospital
"Benchmark Properties, Inc",2025334320,Associa Nevada South
Benjamin Villafuerte-Avila,2012310081,Avila's Towing
Bensons Pools LLC,2022319375,Bensons Pools
Benton Perry,2025332431,Perrys Services
"BergaMet NA, LLC",2024330811,"BergaMet NA, LLC"
"Bergdale & Hall, LLC",2022320343,Serenity Counseling and Support Services
"Bergman, Walls, & Associates, Ltd. - Architects",2016301777; 2016301529,"Bergman, Walls, & Associates"
Bernardo Lopez-Padilla,2023322324,BL Just Paint
Berry's Wash Works LLC,2026334846; 2026334849,Berry's Wash Works
Berthas Las Vegas Spa L.L.C.,2022320112,Berthas Skin Care and Reiki Healing Center
Berts Returns,2024331027,Berts Returns
Best American Home Improvements LLC,2025332907,Great Job Handyman
"Best Buy Health, Inc.",2025332752,Lively
"Best Buy Stores, L.P.",2001004766,"BEST BUY STORES, L.P. # 358"
Best Cookie Dough Fundraising LLC,2026335064,Best Cookie Dough Fundraising LLC
Best Friends Car Wash LLC,2026335766,Best Friends Car Wash LLC
"Best Maintenance, LLC",2024329912,"Best Maintenance, LLC"
"Best Mattress, Inc.",2018307514; 2013303033; 2015302573; 2003304132,"Best Sleep; Best Mattress; Best Mattress, Inc."
Best Version of Yourself Psychology LLC,2020315430,Best Version of Yourself Psychology LLC
Besties on the Block LLC,2023322039,Besties on the Block
Betsy Thai Roubal,2024331100,Betsy Salon & Skin Care
Better Breakfast Restaurant Group LLC,2020314040; 2023322749,Scrambled
Better Thoughts Transitional Live Corporation,2025333313; 2025334514,Better Thoughts Transitional Live Corporation
Better You Online Personal Training LLC,2025331990,Better You Online Personal Training LLC
"Betty Diaz, LLC",2022318962,Betty's Bodywork
"Beyond Counseling & Consulting, LLC",2020314576,"Beyond Counseling & Consulting, LLC"
Beyond Ilocos LLC,2025334449,Beyond Ilocos LLC
Beyond the Rocks LLC,2005305424,Beyond the Rocks LLC
Beyoutiful Spa LV LLC,2022320634,MeliAura Spa
Bhatia Pulmonary Center P.C.,2024331874,Bhatia Pulmonary Center P.C.
Bhatia Pulmonary Rehabilitation LLC,2025334118,Bhatia Pulmonary Rehabilitation LLC
"Bibbings, LLC",2010300604,ColdStone Creamery #635
"Bibia, LLC",2024329507,Bibia IE
"Bicentennial Animal Hospital, LLC",2016301716,Inspirada Animal Hospital
Big 5 LLC,2026335012; 2026335034; 2026335382,Big 5 Sporting Goods #370; Big 5 Sporting Goods #311; Big 5 Sporting Goods #302
Big Bear Security Solutions LLC,2026335350,ODA Tactical Training
Big Bully Turf Corporation,2023323575,Big Bully Turf
Big Dog's In Home Canine Care LLC,2026335384,Big Dog's In Home Canine Care LLC
Big Gun Enterprises LLC,2009301688; 2018308119,Sin City Paintball
Big Hearts Group Home LLC,2024331580,Big Hearts Group Home LLC
Big Island Co. LLC,2026335201,Kawena & Makoa Poke
Big P Energy LLC,2025334205,Rogue Empire
Big Sky Computers LLC,2008304072,Big Sky Computers
Big T Tacos & More LLC,2025332352,Big T Tacos & More
Biggies Sandwiches LLC,2026334733,BIGGIES Sandwiches
Biggs Endodontics LLC,2021315608,Sunset Endodontics
Biggs Services LLC,2026335987,Biggs Services LLC
Bighorn Auto Group LLC,2024331906,Master Tech Automotive & Cycle Repair
Bighorn at Black Mountain Homeowners Association,2009301570,Bighorn at Black Mountain Homeowners Association
"Bigly Bailey Consulting, Inc",2024330056,"Bigly Bailey Consulting, Inc"
Bill Bryan,2026334584,Bill Bryan
Billi Dunning,2022318733,Kare-A-Beaner
Billie Angela Jones,2018307543,Yoga Yuru
Billy Leonardo LLC,2023321691,Billy Leonardo LLC
BillyRay Statler & Nicole Mason,2020313883,B & N Road Service
Billye Singer,2022319712,"Singer, Billye"
Bily Heavy Equipment Services LLC,2025333969,Bily Heavy Equipment Services LLC
Bini Corp.,2011300806,EVER #4
Bio Logical LLC,2024329558,Bio Logical LLC
BioStride Clinical Solutions LLC,2026335498,BioStride Clinical Solutions LLC
Biolife Plasma Services L.P.,2019311872,Biolife Plasma Services L.P.
Bird Dog Legal Services LLC,2025332773,Bird Dog Legal Services LLC
Bishop Incorporated,2023321522,Nevada Lighting and Sign
Bishop Real Estate Group of Nevada LLC,2020313829,Rustic Elegance Nevada Living
Bitajon Emuna Corp,2020314130,Bitajon Emuna
Bite Em Back Pest Control CO LLC,2020314340,Bite Em Back Pest Control CO LLC
Bite of Vegas LLC,2025333498,Bite of Vegas LLC
Bizwakadak Enterprises LLC,2023322575,Advanced Manufacturing & Distribution
Black & Veatch Corporation,2021316053,Black & Veatch Corporation
Black Diamond Garage LLC,2024331466,Black Diamond Garage LLC
Black Henderson NV,2024330850,Black Henderson NV
"Black Magic Vintage, LLC",2026335439,"Black Magic Vintage, LLC"
Black Mountain Armory LLC,2020314401,Black Mountain Armory LLC
"Black Mountain Capital Partners, A Nevada Limited Partnership",2017304418,Green Valley Storage
"Black Mountain Community Church, Inc. - A Non-Profit Faith Based Ministry",2014303423,Black Mountain Community Church
Black Mountain Group LLC,2024331513; 2026334664,Black Mountain Landscaping; Black Mountain Renovations
Black Mountain Precision LLC,2026336155,Brandon Richey
Black Mountain Surgical LLC,2010302509,Black Mountain Surgical LLC
"Black Mountain Technical Services, Inc",2002302852,"BLACK MOUNTAIN TECHNICAL SERVICES, INC."
Black Mountain Ventures LLC,2024331581,Black Mountain Ventures LLC
Black Sapphire Beauty LLC,2022318670,Black Sapphire Esthetics
Black Seed LLC,2025334335,Black Seed LLC
"Black Wolf Moving Nevada, LLC",2023323075,Two Men and A Truck
Black and Bones LLC,2024330889,The Black & Bones Company
BlackMarket Group LLC,2025332473,BlackMarket Group LLC
Blackbriar Protective Services LLC,2025332897,Blackbriar Protective Services LLC
Blacksmith Partners LLC,2014302259,Blacksmith Partners LLC
Blackwood Transportation Group LLC,2025333331,Avis Rent A Car
Blade and Brush Collective LLC,2024331731,Humble Barber Collective
"Blair, Church & Flynn Consulting Engineers",2018308340,"Blair, Church & Flynn Consulting Engineers"
Blanca Elizabeth Moreno,2019310142,Super Cleaning Services
"Blaque Metal Works, LLC",2023322756,"Blaque Metal Works, LLC"
Blas Tapia,2024330829,Results Landscape Services
"Blazin Wings, Inc.",2008303487; 2008303572; 2008303486; 2008303490; 2008303492; 2008303485,Buffalo Wild Wings Grill and Bar
Blazing Food Chariot LLC,2024331652,Blazing Food Chariot
Blend LLC,2024331276,Blend
"Blendz Solutions, LLC",2018307408,Blendz Events
"Blendzent Enterprise, LLC",2026334921,Rooted Feat Wellness
"Blind Wholesaler, LLC",2015302938,"Blind Wholesaler, LLC"
Bloc9 Architecture LLC,2017305838,Bloc9 Architecture LLC
Block 9 Enterprise Inc.,2023322872; 2023322873,Block 9 Thai Street Eats
Blockhash LLC,2026335604,BlockHash Studios
Blockhaven LLC,2025333542,Blockhaven LLC
"Blondie's Bail Bonds, LLC",2013301970,"Blondie's Bail Bonds, LLC"
Bloom Choice,2023322838,Bloom Choice
Blooming Psyche Therapy LLC,2026335988,Blooming Psyche Therapy
Bloss Bar & Event Consulting LLC L.L.C.,2025334204,Bloss Bars
"Blu Sky Lawn and Pool, LLC",2024331396,"Blu Sky Lawn and Pool, LLC"
"Blue Cactus Foods, LLC",2024329788,Hong Kong Market
Blue Child LLC,2024331267,Blue Lotus Transformations
Blue Flamingo Ice Cream Company LTD,2025332506,Blue Flamingo Ice Cream Co.
"Blue Horizon Pool Service, LLC",2024330202,Blue Horizon Pool Service
Blue Iris Therapy Solutions LLC,2025332001,Blue Iris Therapy Solutions
Blue Lake Detail Services LLC,2026335623,Blue Lake Detail Services LLC
Blue River Pool and Spa Maintenance LLC,2025333660,Blue River Pool and Spa Maintenance
BlueDragon Global LLC,2024331451,BlueDragon Global LLC
"Bluefields Pools Management, LLC",2026335111,Bluefields Pools Management
"Bluemercury, Inc",2025332978,Bluemercury
Blush Fashion Boutique LLC,2025332597,Hair by Sandy Safari Salon
"Board & Graze Events, LLC",2021317760; 2021317761,Board & Graze
"Bob's Discount Furniture, LLC",2019311491,Bob's Discount Furniture
Boba All Day LLC,2024331057,Boba All Day
Boba Boy LLC,2023322186,Boba Boy
"Boba Concept, LLC",2020313122,NO. 1 BOBA TEA
Boba Society USA LLC,2022319683,Boba Society
Bobbi's Cocina LLC,2026335488,Bobbi's Cocina LLC
Bobby J Merritt,1992011043,Sonic Drive In of Henderson
Bobs Computer LLC,2016300464,702 Computer Repair
Bobsweep USA,2017304974,Bobsweep USA
Boby Motel L.L.C.,2007303264,Boby Motel
Bodin Law PLLC,2026335272,Bodin Law PLLC
Body Alliance Manual Therapy LLC,2024331210,Body Alliance Manual Therapy LLC
Body Balance Salon Suite Professional LLC,2024331594,Body Balance Salon Suite Professional LLC
Body Jewelry Accessories Inc.,2007305022; 2023322243,Body Jewelry Etc.; Optic And Fashion
"BodySpa Group, LLC",2019310102; 2019310870; 2019310871; 2022320429,Body Spa Salon
Bogatti Inc,2015303859,Bogatti Inc
"Boman & Associates, PLLC",2014300257,"Boman & Associates, PLLC"
Bombshell Nail & Spa L.L.C.,2018306717,Bombshell Nail & Spa
Bon Tool Company,2007301932,Bon Tool Company
Bonnie Lynne Roberts,1800039419,Bonnies Floral Boutique
Boom Video Productions LLC,2026334523,Boom Video Productions LLC
"Boomerang Wireless, LLC",2013303005,"Boomerang Wireless, LLC"
Booshka LLC,2023321529,Chris Ancell PT DPT
"Boost Health Clinic, PLLC",2024330551,Gameday Men's Health Green Valley
"Boot Barn, Inc.",2024331501; 2025333517,"Boot Barn, Inc.; Boot Barn"
Boot a Pest,2005305731,BOOT A PEST
Bootleggers Distributing LLC,2021317448,Bootleggers Distributing LLC
"Borderless BAS, LLC",2022318386,"Borderless BAS, LLC"
Borgna Investment Services LLC,2025333274,Borgna Investment Services LLC
Boring Indie Ink LLC,2025332579,C.A Belle
Borracha LLC,2018307357,Borracha Mexican Cantina
Boss Babe Balloons LLC,2023329371,Boss Babe Balloons and Bouncers
Boss Babes 2 LLC,2019310633; 2019310634,Cafe' Lola
Boss Glass & Mirror Inc.,2015300189,BOSS GLASS & MIRROR INC.
Boss Me Up Services LLC,2026334791,Boss Me Up Services LLC
Boston Dental at Anthem LLC,2013303345,Boston Dental at Anthem
Botanical Bar LLC,2026335162,Botanical Bar LLC
Bottiglia LLC,2018307358,Bottiglia Cucina & Enotca
"Boulder Choppers, Inc",2001002201,Boulder Choppers
Boulder Strip LLC,2011302080,BOULDERHIGHWAY.COM
Boundless Chiropractic LLC,2020314114,Boundless Chiropractic
Boutique el Habayeb LLC,2025332505,Boutique el Habayeb LLC
Bowden Boyatt Law PLLC,2024331555,Bowden Boyatt Law PLLC
Bowin Associates LLC,2007301532; 2007302399; 2022321184,China Tango Bistro; ProFoods
Bowltastic LLC,2025332887,Bowltastic!
Boxzooka EFulfillment LLC,2023321374,Boxzooka eFulfillment LLC
Boyd Shared Services Inc,2007304338,Boy Linen & Uniform Services
Boykin Sewer and Drain LLC,2023329361,Boykin Sewer and Drain LLC
Bradley Dennis Swart,2024331455,Dutchman's Oasis
Brads Toys LLC,2021315960,Brad's Toys & Collectibles
"Bragg Investment Company, Inc",2017304205,Coastline Equipment
Brainwaves & Counseling LLC,2022318773,Brainwaves & Counseling
Brake Masters of Nevada LLC,2019312513; 2023322888; 2024329599,Brake Masters #230; Brake Masters #239; Brake Masters #242
Brana Mental Health L.L.C.,2016301789,"Mark Brana, MS LCPC LCADC"
Brandi Lynn O'neill,2026335227,Organizing Elegance by Brandi
Brandon Allen,2023321686,Sin City Corso Kennel
Brandon Laskin,2019312212,Perfect Moving & Packing
Brandy Jean Knapp,2018308668; 2018308671,Corner of Heaven & Earth Healing Center
BratPak LLC,2025332627,BratPak Dog Kamp
"Bravo Landcape, LLC",2025334494,Bravo Landscape
"Bray Capital Group, LLC",2024329807,Bray Financial Services
Breakin' The Ice LLC,2022319950,Breakin' The Ice LLC
"Breakthru Beverage Nevada Beer, LLC",2015303888,"Breakthru Beverage Nevada Beer, LLC"
"Breakthru Beverage Nevada, LLC",2016300083,"Breakthru Beverage Nevada, LLC"
Breanna Stephens,2023323580,Brasma
Breit Henderson TRS LLC,2018307768; 2018307772; 2018307771; 2018307767; 2018307774; 2018307769; 2018307773,Towneplace Suites; Springhill Suites
Breit MF Dream Apartments LLC,2017305583,Dream Apartments
Brelivy LLC,2026336098,Brelivy
Bren Grusman,2019310281,Medical Dynamix
Brenda Castleforte,2025332810,New Beginnings Estate Sales
Brenda Herbstman,2024330605,Snazzy Dog
Brenda Potter,2012309748,"Potter, Brenda"
Brennan Capital Partners LLC,2012301015,BRENNAN CAPITAL PARTNERS LLC
Brett Randal Storsved,2024329506,Rapid Sign Service
"Bretton Dialysis, LLC",2018306711,The District Dialysis
"Brewer Global, LLC",2020314999,"Brewer Global, LLC"
Bri Eyebrow Threading,2026335249; 2026335250,Bri Eyebrow Threading
Briali Inc,2020313029,Don Tortaco Mexican Grill #18
Brian Bertemati Agency Inc.,2025332378,Brian Bertemati Agency
"Brian D. Jones, D.M.D., P.L.L.C.",2018307820,"Brian D. Jones, DMD"
"Brian G. Sanford D.D.S., Limited",2006304242,"Brian G. Sanford D.D.S., Limited"
Brian Hurlburt,2006304765,Golf Las Vegas Now
Brian Joseph Freitas Sr.,2024331573,HS Baseball Hub
Brian Smith,2024331104,Ufolojoy
Briana Furukawa,2022320523,Saphy Kiko Creations
Brianna Maxim-Trumbo,2022319986,ClayLeafCreations
Brianne Isa,2021317673,Bri Art and Designs
Brianne Jean Stephens,2022319237,"Stephens, Brianne"
"Bridgestone Hosepower, LLC",2019309832,"Bridgestone Hosepower, LLC"
"Bridgestone Retail Operations, LLC",2014301705; 2012300062; 2013300293; 2013300204,Firestone Complete Auto Care
Bright Future Educational Services LLC,2025333529,KUMON
"Bright International, LLC",2024331696,Viodair Pneumatics
Bright Minds ABA LLC,2026335499,"Bright Minds ABA, LLC"
Bright Morning Therapy LLC,2024329552,Bright Morning Therapy LLC
Bright Pipes LLC,2024331213,Bright Pipes LLC
"Bright Trading, LLC",2025333927,"Bright Trading, LLC"
"Brighter Beginnings Pediatric Therapy, LLC",2026335485,"Brighter Beginnings Pediatric Therapy, LLC"
"Brighton Collectibles - Nevada, LLC",2022320091,Brighton Collectibles
Brightpath Health Parners,2026335984,Brightpath Health Partners
Brillo Restoration L.L.C.,2022319649,Brillo Restoration L.L.C.
Bring It Back LLC,2022321120,Bring It Back
"Brinker Nevada, Inc.",2001001692; 2001001693,Chili's Grill & Bar #676
Brio Hospice LLC,2023321793,Brio Hospice LLC
Brio Investments Inc.,2024329742,Lucky 7 Hand Car Wash
"Brisas GD, LLC",2024330166,Madison at Green Valley
Britni Favero,2012310648,Born To Sing Vocals
Britta Rottschy,2020314001; 2026335653,Nerio Firearms Training; Desert Sunflower Quilting
"Brittany A Sud Insurance Agency, Inc.",2024330048,"Brittany A Sud Insurance Agency, Inc."
Brittany Janae Hopkins,2024330591,"Bloom and Blossom Plants, Flowers, Events"
Brittany Joy Ann Young,2026335692,Ms. B's Country Couture
Brittany Lo Photo LLC,2019310252; 2025333260,BRITTANY LO PHOTO LLC; Little Lo Floral
Brittany Olsen,2025334515,Pets 4 Life
Brittany Stevenson-Sharp,2025333844,Brittany Soul - Soul Stone Group
"Britton-Adamo Group, LLC",2010303054,ROI Appraisal
Briza's Cleaning Services LLC,2025332328,Briza's Cleaning Services LLC
"Broadband Dynamics, L.L.C.",2018306902,"Broadband Dynamics, L.L.C."
Broadband Strategies Group Ltd.,2024331401,"Broadband Strategies, LTD"
"Broadbent & Associates, Inc.",2006302393,"Broadbent & Associates, Inc."
"Broadview Networks, Inc",1997TC0865,"Broadview Networks, Inc"
Brock Racing Enterprises LLC,2016300799,Brock Racing Enterprises LLC
Broke Da Mouth Foods LLC,2026335117,Mai Ana's Ice Cream Truck
Broken Rubik SRL 2,2025332714,Testing Property Maintenance License Cert
Brokers Broker,2019312395,Brokers Broker
Brooke Allison Blanke,2025334305,Harmony Canine Behavior Academy
Brooke Spickelmier,2024331575,Hand Over Paw Massage Therapy
Brooks Brothers Bail Bonds LLC,2017304838,Brooks Brothers Bail Bonds LLC
Brow Artistry LLC,2025332439,Brow Artistry LLC
Brown Bears Courier,2023322259,Brown Bears Courier
Brown and Caldwell,2006300182,Brown and Caldwell
"Brown, Kelli",2007300989,Action Comics & Games
Brownie Bar LV LLC,2024329767,Brownie Bar LV
"Brownstein Hyatt Farber Schreck, LLP",2016303037,"Brownstein Hyatt Farber Schreck, LLP"
"Brows Me Beauty, LLC",2024331589,Brows Me Beauty
Bruce Edward Soucy,2023322480,"Soucy, Bruce Edward"
"Bruckner Automotive, Inc.",2021316241,"Bruckner Automotive, Inc."
Bruner Holdings LLC,2021317963; 2021317965; 2021317964,7-Eleven Store #41125A
"Bruski, Inc",2002301590,"BRUSKI, INC"
Bryan Thomas Hill,2022319254,BRYAN T HILL HANDYMAN
"Bryz Guyz, Inc.",2016300791,Blaze Fast-Fire'D Pizza
Bubbles & Wicks LLC,2024329871,Bubbles & Wicks LLC
Bubbles N Bows LLC,2024331193,Bubbles N Bows
Buddies Administrative Services Inc.,2025333911,Buddies Administrative Services Inc.
Buddies Golden Munchies LLC,2026335875,Buddies Golden Munchies
"Budget Bail Bonds, LLC",2008303718,Budget Bail Bonds
Budget Watchers L.L.C.,2024330659,Budget Watchers L.L.C.
Buettner Global Services,2025333132,Buettner Global Services
Bug Thug LLC,2019310188,Bug Thug Pest Control
"Build-A-Bear Workshop, Inc.",2003303759,Build-A-Bear Workshop
Builder and Blooms LLC,2025332791,"Builder and Blooms, LLC"
Builders FirstSource Group of Nevada LLC,2022321211,Builders FirstSource
"Building & Component Design & Engineering, LLC",2020314737,"BCDE, LLC"
Building Plus LLC,2024330764,Building Plus LLC
Built To Lift LLC,2025332355,Built To Lift
Bullfrog International,2020313417,Bullfrog Spas Factory Store
Bullseye Outdoor Services LLC,2022320169,Henderson Junk Solutions
Bundle & Tumble Co LLC,2026335187,Bundle & Tumble Co
Burgeon Brands LLC,2024330196,Burgeon Brands
Burgers Bowls n More LLC,2026335190,Burgers Bowls n More
Burlington Coat Factory Warehouse Corporation,2019312523; 2023322222,Burlington
"Burns Pest Elimination, INC.",2023323016,"Burns Pest Elimination, INC."
Bushido Fire Design LLC,2026335127,Bushido Fire Design LLC
Business Simple Computer Services LLC,2008301560; 2013301405,Innovative
Busted Knuckle Mobile Mechanics LLC,2019311668,Busted Knuckle RV & Trailer Repair
Butter and Bloom Inc,2025333945,Butter and Bloom Inc
"C & C MARKET RESEARCH, INC.",2008301838,"C & C MARKET RESEARCH, INC."
"C & E Investments, Inc.",1999048733,Academy of Gymnastics and Dance
"C B A S, LLC",2008302823,"C B A S, LLC"
"C G Asset Recovery, Inc.",2007303753,C G Asset Recovery
C H Spencer LLC,2024331436,C H Spencer LLC
C NOTE CAPITAL LLC,2021315730,C NOTE CAPITAL LLC
"C Richards Insurance Agency, LLC",2021317496,The Richards Agency
C and F Enterprises LLC,2006304150; 2006304204,The UPS Store #1519; The UPS Store #2939
"C&C Architecture Studio, LLC",2024331582,"C&C Architecture Studio, LLC"
"C-POLAR Technologies, Inc",2026336224,"C-POLAR Technologies, Inc"
"C. Logan, Incorporated",2026335865,Elite Property Care Solutions
"C.A. Group, Inc.",2008301967,"C.A. Group, Inc."
C.I.A Sales LLC,2024330918,C.I.A Sales LLC
"C.J. & Company, LLc",2007300670,NEWBY'S AUTOMOTIVE
"C.L.E. Designs, Inc.",2004301775,"C.L.E. Designs, Inc."
"C1OMNY HOLDINGS, LLC",2021316570,Crumbl Cookies
CA Summer Lido Owner LLC,2023321755,The Lido
"CABINETS TO GO, LLC",2019311585,"CABINETS TO GO, LLC"
CAFE KATAN ATC,2016300141,CAFE KATAN ATC
CAGE Puerto Rico II Inc.,2024330495,BetCAGESports
"CALDER B. GABROY, LTD.",2024331736,Calder B. Gabroy LTD
"CALEY, DOROTHY A",2002301721,CAMYS TREASURED HEIRLOOMS
"CALIBRATION SERVICES, LLC.",2011302932,"CALIBRATION SERVICES, LLC."
"CALICO RACING, LLC",2007301547,"CALICO RACING, LLC"
"CALVIN CONSULTING SERVICES, LLC",2014300316,"CALVIN CONSULTING SERVICES, LLC"
CAMARENA LANDSCAPE MAINTENANCE LLC,2015301177,CAMARENA LANDSCAPE MAINTENANCE
CAMEROON SOCIAL AND CULTURAL ASSOCIATION OF LAS VEGAS,2011303411,CAMSOCAL
CAMPBELL'S APPLIANCE SERVICE LLC,2014300076,CAMPBELL'S APPLIANCE SERVICE LLC
"CAMPER, MELISSA",2008304234,"CAMPER,  MELISSA"
"CAN DO K9'S, LLC",2008303871,"CAN DO K9'S, LLC"
CAN YOU IDENTIFY ME,2011300617,CAN YOU IDENTIFY ME
CANDICE'S CANDY LLC,2022318542,CANDICE'S CANDY LLC
CAPITAL CONSULTANTS MANAGEMENT CORP.,2002304160,CAPITAL CONSULTANTS MANAGEMENT CORP.
CAPITOL PROPERTIES,2014300519,Solutions
"CARE PROPERTY SERVICES, LLC",2024329628,"CARE Property Services, LLC"
"CAREY, MARGARET & JOHN",2006303134,MACAR SERVICES
CARLOS CESAR AVALOS,2017305220,Silver Valley Lawn Services
CARLOS NICOLAS NUNEZ,2020314341,C.N.R. SERVICES
"CARLOU, INC.",2019311099,Blue Bird Carpet Cleaning Co.
CARMELO MARTINEZ CABALLERO,2019312458,CMC MOBILE CARWASH AND DETAILING
"CARNES, GREGG CECIL",2010300977,TRUH'ST
"CARPENTER SELLERS DEL GATTO ARCHITECTS, PC",2016300441,CARPENTER SELLERS DEL GATTO ARCHITECTS
"CARPENTER, MARC D.",2005305758,MARCS POOL SERVICE
"CARRINGTON REAL ESTATE SERVICES (US), LLC",2013303088,VYLLA HOME
"CARSON'S CORNER, INC.",2007304465,FASTSIGNS 260501
"CARTER'S RETAIL, INC.",2016300733,Carter's/Oshkosh B'gosh
"CARUSO, PAUL",1999048720,EXPRESS BAIL BONDS
CARY BAIRD,2019311687,CARY BAIRD LANDSCAPE ARCHITECT
"CARY, JAMES A",2005305265,JAMES A CARY TREE SERVICE
"CASH 1, LLC",2015303728,CASH 1
"CASTILE APARTMENTS, LLC",2018308666,Castile Apartments
CASTLE HOME INSPECTIONS LLC,2018308995,Castle Home Inspections LLC
"CASTRO, ABELARDO & ORIGINALES DE CASTRO, JUANA",2016301798,Mary's Catering
CATHOLIC CHARITIES OF SOUTHERN NEVADA,2006301702,CATHOLIC CHARITIES OF SOUTHERN NEVADA -
CATHOLIC DIOCESE OF LAS VEGAS CAPITAL MANAGEMENT CORPORATION,2014300479,ST PETER THE APOSTLE CATHOLIC CHURCH
"CAVAZOS, LINDA P",2014301289,"CAVAZOS, LINDA P, M.S., MFT"
CBGX LLC,2025334251,Chuys
CBL Pool Service LLC,2023322297,CBL Pool Services
CBT LLC,2021317618,CBT Analytics
CBTS TECHNOLOGY SOLUTIONS LLC,1997TC0295,CBTS TECHNOLOGY SOLUTIONS LLC
"CC Services, Inc.",2023321938,Country Financial
CC Wellness LLC,2022319036,Cielo Chriopractic
"CCR Exotics, LLC",2017304229,"CCR Exotics, LLC"
CClear Pool Service LLC,2024329925,CClear Pool Service LLC
CDS Consulting LLC,2014302477,CDS Consulting LLC
"CEC Entertainment, Inc.",1999046900; 2003300646,Chuck E. Cheese's
"CEEC, INC.",2011300686,"CEEC, INC"
CELIA ESTRADA MENDEZ,2023323108,Celia's Cleaning Services
CELSA ARENAS,2019311231,MAGIC JUMPER
"CEMEX CONSTRUCTION MATERIALS PACIFIC, LLC",2019310963,"CEMEX CONSTRUCTION MATERIALS PACIFIC, LLC"
"CENTER FOR SIGHT, EVA I. LIANG, M.D., P.C.",2013302712,CENTER FOR SIGHT
CENTER STATE DANCE,2013302208,CENTER STAGE DANCE
"CERCA TROVA SOUTHWEST RESTAURANT GROUP, LLC",2017300817; 2017300818,Outback Steakhouse
"CERO'S, LLC",2012301474,ALERT SECURITY ASSET PROTECTION
CF ENTERPRISES LAS VEGAS LLC,2019312844,CF ENTERPRISES LAS VEGAS LLC
CFB PRODUCTIONS LLC,2019311056,CFB PRODUCTIONS LLC
CGG ENTERPRISES LLC,2017300771,World's Best Corndogs
CGI Technologies and Solutions Inc.,2024331782,CGI Technologies and Solutions Inc.
"CH2M Hill Engineers, Inc.",2025332478,"CH2M Hill Engineers, Inc."
"CH2M Hill, Inc.",2005306290,"CH2M Hill, Inc."
CHAMPION SOLUTIONS OF NEVADA LLC,2013302233,CHAMPION SOLUTIONS OF NEVADA LLC
"CHAPMAN CHRYSLER JEEP, L.L.C.",1998038177; 1998038178,Chapman Chrysler Jeep
CHAVELO'S LLC,2018307857; 2018307858,Chavelo's Mexican Bar and Grill
"CHEF RUDY JANEO FOUNDATION, THE",2017300609,"Chef Rudy Janeo Foundation, The"
"CHEF'S RESTAURANT CONCEPTS, INC.",2004302009; 2004302010,TODD'S
"CHERRY HILL PROGRAMS, INC.",2022319186,"CHERRY HILL PROGRAMS, INC."
CHIC - Nevada LLC,2022319726; 2022319727; 2024331008; 2024331009,Cheba Hut Toasted Subs
"CHILDREN'S SERVICE GUILD OF SOUTHERN NEVADA, THE",2006302310,CHILD HAVEN
CHOSEN FOR SUCCESS,2022321175,Chosen For Success
"CHRISTIAN CRISIS HEALING MINISTRY, INC.",2012300561,"CHRISTIAN CRISIS HEALING MINISTRY, INC."
"CHRISTIAN HOSPICE, LLC",2020315465,"CHRISTIAN HOSPICE, LLC"
CHRISTINE C. SCHULZE LEGACY FOUNDATION,2020313466,CHRISTINE C. SCHULZE LEGACY FOUNDATION
"CHROVIAN, CARY",2005305230,PROFFITI
CHRYSTAL DEL ROSARIO,2021315718,TOURING VENTURES
CHUNPING YANG,2022318781,"Yang, Chunping"
CIDP WILL NOT WIN INC.,2015302326,CIDP WILL NOT WIN INC.
CINNAHOLICLASVEGAS LLC,2018306865,Cinnaholic
CIP Real Estate Property Services,2025333785,CIP Real Estate Property Services
CIPRES TREE SERVICE,2007301089,CIPRES TREE SERVICE
"CIRCA, INC.",2005306732; 2005306746,CIRCA SALON
CIRO J AGNELLI,2021317767,Fit By Ciro
"CITY LIGHTS APARMENTS, LLC",2013302860,Citi Lights
CITY OF HOPE,2006300251,CITY OF HOPE
"CIVIL SCIENCE INFRASTRUCTURE, INC.",2020313386,"CIVIL SCIENCE INFRASTRUCTURE, INC."
"CIVILWORKS, LLC",2007303341,"CIVILWORKS, LLC"
"CJRFLY, INC.",2009301444,"Flight Ventures, Inc."
CKW Artistry LLC,2025334437,CKW Artistry LLC
CL Global Enterprises LLC,2018308612; 2018308613,CHAMPAGNE LIFE
CL Therapy LLC,2025333219,CL Therapy LLC
"CLAIRE'S BOUTIQUES, INC.",1997039515,"CLAIRE'S BOUTIQUES, INC. #6454"
CLARK COUNTY LEGAL NEWS,2018306644,Clark County Legal News
"CLASSIC DOOR AND TRIM, INC.",2015303124,CLASSIC DOOR & TRIM CO.
CLASSIC POOL CARE LLC,2016301885,CLASSIC POOL CARE LLC
CLAUDE HARMON JR.,2018308997,THE BUTCH HARMON SCHOOL OF GOLF
CLEAN A LOT L.L.C.,2016301997,CLEAN ALOT
CLEAN FREAKS MOBILE DETAILING LLC,2022318615,CLEAN FREAKS MOBILE DETAILING LLC
"CLEAN IT TO THE MAX, LLC",2016300225,"CLEAN IT TO THE MAX, LLC"
CLEAN KINGS LLC,2025333174,Clean Kings LLC
CLEAN WATER COALITION,2004305569,CLEAN WATER COALITION
"CLEARY, KAY",2003301391,KAY CLEARY INTERIORS
CLJ LLC,2019310466; 2019310465; 2019310467,The Local
CLUB CHRIST MINISTRIES,2012309929,CLUB CHRIST MINISTRIES
CM2 CONSULTANTS CORPORATION,2018308212,CM2 Consultants Corporation
CMB Consultants LC,2022320064,UNVC
CMC Industries LLC,2026334809,King Printing
"CMG Mortgage, Inc.",2023322808,CMG Home Loans
"CMH HOMES, INC.",2022320763,Clayton Homes # 1048
CMI LLC,2013300167,CMI LLC
"CMJJ Gourmet, Inc.",2007301082,"CMJJ GOURMET, INC."
CML Las Vegas LLC,2019311324,Cousins Maine Lobster
CMP Agency LLC,2017306037,"The Piccirillo Agency, LLC"
"CMWorks, Inc",2024331484,"CMWorks, Inc"
"CMY Body, Inc.",2022319929,Rejuven8
"CNP Henderson, LLC",2024330864; 2024330865,Chicken N Pickle
COALITION OF AFRICAN AMERICAN PASTORS USA,2018307892,CAAP
COBBLESTONE NEVADA LLC,2016302381,THE UPS STORE 320
"COLEMAN, THOMAS & COLEMAN, ELAINE",2001003618,TOM & ELAINE COLEMAN
"COLLIER COUNSELING AND LIFE COACHING, INC",2015302411,"COLLIER COUNSELING AND LIFE COACHING, IN"
"COLLIERS INTERNATIONAL REMS US, LLC",2020313692,"COLLIERS INTERNATIONAL REMS US, LLC"
COLLINS' CLEANING SERVICE INC.,2019311107,COLLINS' CLEANING SERVICE INC.
COMANDOR FLEET LLC,2019312008,COMANDOR FLEET LLC
"COMMERCIAL WEST BROKERS, LLC",2018308596,Commercial West Broker
"COMMERCIAL YARD, LLC",2021317280,"COMMERCIAL YARD, LLC"
COMMITTEE TO ELECT TERRY SUOMINEN,2010301322,COMMITTEE TO ELECT TERRY SUOMINEN
"COMMUNITIES IN SCHOOLS OF NEVADA, INC.",2020313560,COMMUNITIES IN SCHOOLS OF NEVADA
COMMUNITY DEVELOPMENT PROGRAMS CENTER OF NEVADA,2009302021,COMMUNITY DEVELOPMENT PROGRAMS CENTER OF
COMMUNITY YOUTH INTER ALIA,2005305348,COMMUNITY YOUTH INTER ALIA
"COMPETITOR'S EDGE, LLC",2018307256,"Competitor's Edge, LLC"
"COMPLETE PAIN MANAGEMENT & REHABILITATION, LLC",2008303076,DYNAMIC PAIN REHABILITATION
"COMPREHENSIVE PSYCHOLOGICAL SERVICES, LLC",2007303764,COMPREHENSIVE PSYCHOLOGICAL SERVICES
CONAM Management Corporation,2025333491,CONAM Management Corporation
CONCIERGE MOBILE BUSINESS SERVICES LLC,2022319573,Concierge Mobile Business Services
CONNECTED TECHNOLOGY GROUP LLC,2007300720,COMPUTER MEDICS
CONNOR & CONNOR PLLC,2013302710,CONNOR & CONNOR PLLC
CONSCAN L.L.C.,2016300617,CONSCAN L.L.C.
"CONSOLIDATED ELECTRICAL DISTRIBUTORS, INC.",2015303141,Vegas Electric Supply
"COOLING & POWER RENTALS, INC.",2018308646,CPR TENT & EVENTS
COOPER AND ASSOCIATES INC,2016300497,COOPER AND ASSOCIATES INC
COPPEL MEDICAL ENTERPRISE LLC,2010300535,NEVADA COMPREHENSIVE PAIN CENTER
CORMIER SURVEY CONSULTANTS LLC,2018306802,CSC
CORNERSTONE WEALTH MANAGEMENT LLC,2018308573,Cornerstone Wealth Management
"CORONADO SURGICAL RECOVERY SUITES, LLC",2010302717,CORONADO SURGICAL RECOVERY SUITES
CORPORATION OF THE PRESIDENT OF THE CHURCH OF JESUS CHRIST,2011300403,CHURCH OF JESUS CHRIST OF LATTER DAY SAI
CORRINA ELAINE MAGDALENO,2019311601,"MAGDALENO, CORRINA ELAINE"
COTTRILL RESEARCH LLC,2016303329,COTTRILL RESEARCH LLC
COVENTRY RESIDENTIAL CARE LLC,2019309705,COVENTRY RESIDENTIAL CARE AT ANTHEM
CPR 2 You,2025333410,CPR 2 You
"CPR Connections, LLC",2005302935,CPR Connections
CR BRICKS (2019) LLC,2019311538,Charlotte Russe
CR Fence & Rail Inc.,2025333919,CR Fence & Rail Inc.
"CRADDOLPH, FREDERICK K",2007302788,CRADDOLPH INSURANCE GROUP
"CRAM Henderson, LLC",2024331901,Camp-Run-A-Mutt Henderson
CRAVOTTA JOSEPH,1994029940,Joseph A Hemp Consulting
CRAY Real Estate Media LLC,2026335776,CRAY Real Estate Media LLC
"CRBG/Henderson, LLC",2022318560,Craggy Range Bar and Grill
CREATIVE FUND RAISERS CORPORATION,2011301771,PROTECTING AMERICAS ABUSED CHILDREN
"CREBBIN, CONNE A",2011302473,"CREBBIN, CONNE A"
CREDIT COUNSELING CENTERS OF AMERICA,2001300638,CREDIT COUNSELING CENTERS OF AMERICA
"CRESCENT RIDGE ASSOCIATES, LLC",2022321205,Crescent Ridge Apartments
"CRP-GREP Album Union Village Owner, L.L.C.",2024331543,Album Union Village
CRP/CRE Homes LLC,2025332276,CRP/CRE Home LLC
"CRS Services, Limited",2021317235,"CRS Services, Limited"
"CRYSTAL ALLEY EMPORIUM, LLC",2015300811,Crystal Alley Emporium
"CSAA Insurance Services, Inc.",2015300895; 2015300932,"CSAA Insurance Services, Inc."
"CSC WIRELESS, LLC",2021316138,ALTICE
CSL Plasma Inc.,2014303088,CSL Plasma
CSL Services LLC,2023322925,Ridtechs
CSM Nevada LLC,2026335029,Campaign Sign Management
CT District LLC,2022320210,District Clear Title
CTYL LLC,2024331014,CTYL LLC
CULTURAL ARTS TRAINING FOUNDATION,2011302083,CULTURAL ARTS TRAINING FOUNDATION
"CURE MEDICAL, LLC",2018308280,"Cure Medical, LLC"
"CURLEY, KEITH T",2005306479,Curley's Mobile Detail
"CURT SAMLASKA, LTD.",2005305374,ACADEMIC DERMATOLOGY OF NEVADA
"CUSTOM FLEET SERVICE, INC.",2019309924,"CUSTOM FLEET SERVICE, INC."
"CUSTOM SECURITY GUARD AND PATROL, LLC",2020314050,CUSTOM SECURITY GUARD AND PATROL
CVL NEVADA INC.,2022318468,CVL NEVADA INC.
CVT Consultant LLC,2025334447,CVT Consultant LLC
CWR LLC,2021316343,L & L HAWAIIAN BBQ
"CYCLE GEAR, INC.",2022318429,Cycle Gear #65
CYMATICS LLC,2019312716,Henderson Care Home
CYSTIC FIBROSIS FOUNDATION,2006304990,CYSTIC FIBROSIS FOUNDATION
Cabral Car Wash Inc,2023329153,Tommy's Express Las Vegas
"Cactus Aviation, Inc.",2009302482; 2009302481,"Cactus Aviation, Inc."
Cactus Car Care LLC,2018309222,Jiffy Lube 3892
Cactus Mexican Buffet LLC,2024330846,Cactus Mexican Buffet
"Cade Hayes, Architect LLC",2025334116,"Cade Hayes, Architect LLC"
"Cadena, Paul",2012307882,CADENA ENTERPRISES D.B.A. TEK SERVICES
"Cadence Animal Hospital, LLC",2018309371; 2018309370,"Cadence Animal Hospital, LLC"
Cadence Pest Control LLC,2025332313,Cadence Pest Control LLC
"Cafe Breizh Henderson, LLC",2026335037,"Cafe Breizh Henderson, LLC"
Cafe Calavera LV LLC,2026335394,Cafe Calavera LV LLC
Cafe Peru 2 LLC,2024331560; 2024331561,Cafe Peru 2
"Cafe Rio, Inc.",2019312281; 2014302710; 2012309696; 2023322058; 2023322697,Cafe Rio Mexican Grill
"Cafe Zupas, L.C.",2013301745; 2014301736,Cafe Zupas
"Cal Closets Retail, Inc",2026334780,California Closets
Calderon Sports Services LLC,2025332475,Calderon Sports Services LLC
Caliber Holdings LLC,2022318949; 2022318950,Caliber Collision Centers
Caliber Marketing Solutions LLC,2024331299,Casino Marketing Solutions
"Calidad Services, Inc.",2025333607,"Calidad Services, Inc."
"Call The Caterer, LLC",2015302956,Call The Caterer
"Calm Mind Therapy By Dr. Nick Carfagno, PLLC",2025332831,"Calm Mind Therapy By Dr. Nick Carfagno, PLLC"
Calm The Storm LLC,2023321312,Calm The Storm LLC
"Calmify Wellness Center, LLC",2024329618,Calmify Wellness Center
Calvary Chapel of Henderson,2006304564; 2023322778,CALVARY CHAPEL OF HENDERSON; Calvary Chapel of Henderson
Calvin Crittenden,2026335430,Cal's Xpress Detail
Cambra Blau,2014302287,"Blau, Cambra"
Cameron Empey,2024329787,Hippie Steamers
Camp Harder LLC,2024330999,Camp Harder LLC
Campbellslife LLC,2020314987,I9 Sports
Campus Park Tavern LLC,2008303905; 2008303904,Remedy's
"Camstin Concepts, LLC",2020313635,CROWN TROPHY
"Canadian Composite Structures, LLC",2010302848,"Canadian Composite Structures, LLC"
Canary Island Corporation Inc.,2024329681,Canary Island Corporation Inc.
Candace L Marshall Smith,2026334847,Aya's Love Tree
Candelaria Mental Health Services LLC,2026334552,Candelaria Mental Health Services LLC
Candice Faith Frye,2025332903,Brow Elite
Candice Michels,2022319794,"Candice Michels, LMT"
Canine Logic LLC,2020314688,Snooty Larue Pet Spa
Canopy Mortgage LLC,2025332263; 2025332976,"Canopy Mortgage, L.L.C.; Canopy Mortgage LLC"
Canto Rodado LLC,2024330267,Bodegon Las Vegas
Capener and Sanford L.L.C.,2021316460,Aspire Dental
Capistrano Pines LP,2019311941,Capistrano Pines Aparments
Capital 8 Inc.,2021317622,Green Valley Senior Care
Capital Advisors Inc.,2022320491,Capital Advisors Inc.
"Capital Commercial, LLC",2021317862,"Capital Commercial, LLC"
"Capital Pump and Equipment, LLC",2021316634,"Capital Pump and Equipment, LLC"
Capital Tint LLC,2009302796,Capital Tint & Customs
"Capitol North American, Inc.",2015302741,"Capitol North American, Inc."
Capriotti's BH LLC,2013301861,Capriotti's Sandwich Shop
"Capriotti's Horizon Store, LLC",2008301434,Capriotti's Sandwich Shop
Capstone Capital LLC,2024330447,Capstone Capital Wealth Advisors
"Capstone On-Campus Management, LLC",2023322877,"Capstone On-Campus Management, LLC"
Captivation Dance Affiliates LLC,2025332096,Captivation Dance Affiliates LLC
"Car Care Auto Touch Up Plus, LLC",2023323460,"Car Care Auto Touch Up Plus, LLC"
"Car Care Plus, Inc",2019310906; 2019310904; 2019310905; 2021318268,AAA Auto Repair Center
"CarMax Auto Superstores, Inc.",2022318665; 2022318667; 2022318666,CarMax The Auto Superstore
Card Shop Live Inc.,2023321501,Card Shop Live Inc.
"Cardiac Imaging, Inc.",2017305606,"Cardiac Imaging, Inc."
"Cardinal Financial Company, Limited Partnership",2023321817,Sebonic Financial
Cardinal Home Health Care Inc.,2022319322,Cardinal Home Health Care Inc.
Care Art Homecare Nevada Inc,2025332078,Care Art Homecare Nevada Inc
Care Connect LLC,2026335419,Care Connect LLC
Care One Hospice Inc,2023321910,Care One Hospice Inc
Care Plan Financial Coaching LLC,2026335039,Care Plan Financial Coaching LLC
Carefree Purified Water LLC,2024330545,Carefree Purified Water LLC
"Carelon Medical Partners of Nevada, P.C.",2016302600,"Carelon Medical Partners of Nevada, P.C."
Carina Bareng Renzi,2025332268,Doughmestic
Caring Hands Home Health LLC,2022319933,Caring Hands Home Health LLC
Caring Ohana Group Home LLC,2024330990,Caring Ohana Group Home LLC
"Caring Touch, Inc",2015303263,"Caring Touch, Inc"
Carissa Shima,2023323097,Carissa Shima
Carissimi Mental Health & Wellness PLLC,2026335104,Carissimi Mental Health & Wellness PLLC
Carla Maione,2025332986,Forever Auto Express
Carland LLC,2022319451,Carland Auto Sales
Carli Broadbent,2017305745,Carli's Creations
Carlos Alberto David Castrillon,2025333580,Eco-Zeo
Carlos Licea Mendoza,2018307251,C Licea Palm Service
Carlos R Ludizaca & Diana I Quintero,2026335361,Hop To It
Carlson Gracie Henderson LLC,2022320265,Carlson Gracie Henderson LLC
Carmen Doris Streit,2026335508,Soapy Bubbles Cleaning
Carmen Duran,2016300051; 2016300052,"DURAN, CARMEN"
Carmen W Angulo,2023323480,God 1st-Bully Breed
"Carmine's Pest Control, LLC",2005305723,Carmine's Pest Control
Carmona Appliance Repair LLC,2024330075,Carmona Appliance Repair LLC
"Carnegie Heights, LP",2020313838; 2020313839,Carnegie Heights at Henderson
Carol B Frisby,2001002477,American Canine Training
Carol Conti,2016300515,Seven Hills Counseling
Carol Drake,2006301752,State Farm Insurance
Carol Shirley Riback,2026335061,Carol Shirley Riback
Carole Hartman LLC,2016301312,Affirm Hartman Realty
Carolina Clavel,2026336319,EDLAB Consulting & Training
"Caroline A. Bobbett, D.D.S., Professional Corporation",2012300874,"Caroline A. Bobbett, DDS, PC"
"Carollo Engineers, A Professional Corporation",2006301883,Carollo Engineers
"Carolyn A. Matzinger, M.D., A Professional Corporation",2013302110,Matzinger Institute of Healing
Carolyn Cae Andrews Studio Salon LLC,2022319779; 2022319780,Honi and Hive Salon Spa
Carolyn J Maindonald,2025332910,A Journey Awaits
Carrie Ann Aquino,2009303472,#Hair
Carrie Pollard,2021318015,Carrie Pollard Photography
"Carrington Mortgage Services, LLC",2014300507,"Carrington Mortgage Services, LLC"
Carroll Design Collaborative LLC,2020315069,Carroll Design Collaborative
Carrot & Daikon Banh Mi Henderson LLC,2025332471,Carrot & Daikon Banh Mi Henderson LLC
Carver Services LLC,2023323327,Carver Services LLC
Casa Concierge LLC,2024331001,Casa Concierge LLC
Casandra Bosse Perches,2025333600,Las Vegas Taekwon-Do Club
Casey Akana Agency LLC,2024330352,Casey Akana Agency LLC
"Cash America West, Inc.",2004305425; 2004305190,SuperPawn
Cash Out Vegas LLC,2025334466,Ice Machine Cleaning Pros
"Casillas, Cesar",1998039557,Santa Rosa Taco Shop
Casino AML Solutions LLC,2026334600,Casino AML Solutions LLC
"Casino Valle Verde, Inc.",2011302825,Casino Valle Verde
Casita Olvera Home Care LLC,2025333531,Casita Olvera Home Care
"Cass Holland, LLC",2023323150,"Cass Holland, LLC"
"Cassady Law Offices, P.C.",2024330189,"Cassady Law Offices, P.C."
Cassandra J Law,2024330279,Law of Massage
Castle Mountain Venture,2017306095,Castle Mountain Venture
Castro LLC,2023322052,Flat Rate Handyman
"Casual Male Retail Store, LLC",2014302124,Destination XL #9720
"Catapult Global, LLC.",2012310323,"Catapult Global, LLC."
Catapult Recruiting LLC,2022321234,Catapult Recruiting LLC
Catchment Consulting Group LLC,2023323615,Catchment Consulting Group LLC
Catherine Metzger,2017304557,"METZGER, CATHERINE"
"Catholic Sites, Inc.",2020313486,"Catholic Sites, Inc."
"Cathy Jensen Boutahiri, MSA, CPA, PLLC",2015300671,Profit Pro Accounting and Tax
"Catlow Consulting, LLC",2015300103,"Catlow Consulting, LLC"
"Cause Based Commerce, Inc.",2009303677,The Sienna Group
Cavaliers Insurance Marketing Alliance Corporation,2024329525,Cavaliers Insurance Marketing Alliance Corporation
Cave Enterprises Operations G LLC,2025334362,Buffalo Wild Wings GO
"Cavender Stores, L.P.",2025333708,"Cavender Stores, L.P."
Cblue Aquatics LLC,2025333230,Cblue Aquatics LLC
Cecila Dearman,2026335416,Sacred Connections 7
Cecilia Rose Rivas,2021317749,"Rivas, Cecilia Rose"
Cecily Broadhead,2021315609,"Broadhead, Cecily"
"Celano, Darlene",2020314075,HANDMADE BY DARLENE
Celia Alicia Cabrera,2025332809,A La Carte Tours and Cruises
Cellco Partnership dba Verizon Wireless,2016303221,Verizon Wireless
Celly's Party Rentals LLC,2023321747,Celly's Party Rentals LLC
Centennial Realty Brokerage & Investment Corp,2026335651,"Centennial Advisor, LLC"
Center for Behavioral Development LLC,2024331108,Center for Behavioral Development
"CenterWell Senior Primary Care (NV), P.C.",2021316003,CenterWell Senior Primary Care
"Centerfire Ninth, LLC",2025334236,Centerfire Ninth
Central Christian Church,2020314908,Central Christian Church
"Central Power Systems & Services, LLC",2026336178,Central Power Systems & Services. LLC
Central Valley Systems Consultants LLC,2023322010,Central Valley Systems Consultants
"Centre Firearms Company, Inc.",2017305114; 2015300888,"Centre Firearms Company, Inc."
Centre Ice Hockey LLC,2022320767,Centre Ice Hockey
Centron Life Products L.L.C.,2025333838,Centron Life Products L.L.C.
Century Executive Suites of Henderson LLC,2011302422,Century Executive Suites of Henderson LLC
Century Graphics Printing of Nevada LLC,2015302997,Century Graphics Printing of Nevada LLC
"Century Theatres, Inc.",1993015634,"Century Theatres, Inc."
"CenturyLink of Nevada, LLC",2022321218,"CenturyLink of Nevada, LLC"
"Centurylink Communications, LLC",2014303144,"Centurylink Communications, LLC"
Certainty Management LLC,2022319852,Certainty Management LLC
Certified Moving Service LLC,2026335139,Certified Moving Service LLC
"Certified Project Resources, Inc.",2002303325,Fiala Project Resources
"Certify My Company, Inc.",2019310722,"Certify My Company, Inc."
"Certus Gaming, USA Inc.",2026336371,Certus Technologies
Cesar A Salazar Gonzalez,2022319527,Triple C Cleaning
Champion Carpet Cleaning LLC.,2011302161,Champion Carpet Cleaning LLC.
Champion Lovelock Law PLLC,2017306082,Champion Lovelock Law PLLC
Champion Pups LLC,2024329944,Scenthound Henderson Green Valley
Champions Tavern LLC,2019312697,Aces East
"Chandra Reddy Narala, M.D., PLLC",2024331549,Desert Cardiology & Vascular Center
"Chang, Richard",2008303660,ACME Construction Services
Change Lending LLC,2025333450,Change Home Mortgage
Change Management International LLC,2014303015,Change Management International LLC
Changing Minds LLC,2020314375,Changing Minds Psychiatry
Chapel House Holdings LLC,2024331550,Little Chapel on the Corner
Chapman N. Jon,2009303402,Nick Chapman Insurance Agency
"Chari Phillips, Inc.",2017304591,"Chari Phillips M.S., M.F.T."
Charlene Carberry,2019312338,Psychic Eye Charlene
Charles Blain,2025334217,Pooper Scooper Vegas
"Charles Edward Kamen, MD, PC",2026334766,LiveNow Longevity
Charles Farber,2020314993,FLEUR DE LIS CONSULTING
Charles Saba,2020313207,US JUDICIAL TRAINING CORPS
"Charles Schwab & Co, Inc.",2006300638,"Charles Schwab & Co, Inc."
Charles Schwab Bank,2019311123,Charles Schwab Bank
Charles Schwab Premier Bank,2019311126,Charles Schwab Premier Bank
Charles Schwab Trust Bank,2018308115,Charles Schwab Trust Bank
Charles Schwab Trust Company,2015301689,Charles Schwab Trust Company
Charnel SPA LLC,2024329626; 2024330411,Charnel SPA
"Charter Fiberlink NV-CCVII, LLC",2019312004,"CHARTER FIBERLINK NV-CCVII, LLC"
ChasingSnow LLC,2022319152,ChasingSnow LLC
Chauncy Co.,2014302838,Chauncy Insurance
Chavez Cleaning Service LLC,2023323295,Chavez Cleaning Service
"Chavez Construction Clean-Up Co, LLC",2007301436,Chavez Construction Cleanup
"Check City Partnership, L.L.C.",2015303081; 2015303089; 2015303068; 2015303080; 2017304370; 2017304371; 2017304372; 2017304373,Check City
CheerCats Las Vegas LLC,2021316391,CheerCats Las Vegas
Chef Hearted LLC,2021318305,Chef Hearted LLC
Chefs Office LLC,2024331256,Chefs Office LLC
"Chem Source, Inc.",2017305069,"Chem Source, Inc."
Cherise Higashi,2021316481,"Higashi, Cherise"
Cherose Sweet Creations LLC,2026334752,Cherose Sweet Creations
"Cherry Lashes, Inc.",2024329956,Cherry Lash
Cheryl Ann Davis,2022320325,"Davis, Cheryl Ann"
"Chetu, Inc.",2025333613,"Chetu, Inc."
Chewsy Chews LLC,2025334090,Chewsy Chews LLC
Cheyenne Medical LLC,2021315761,Thrive Cannabis Marketplace
Chiara Crespi,2025333671,Prestine' Bakery
"Chic and Cozy Consignment Furniture, LLC",2021316106,Chic and Cozy Consignment Furniture
"Chicago America Holding, LLC",2009300677; 2009300678; 2009300679,BJ'S Restaurant & Brewhouse
"Chicago Title of Nevada, Inc.",2024329809,"Chicago Title of Nevada, Inc."
Chicali Tacos L.L.C.,2025333497,Chicali Tacos
"Chicho, LLC",2025333358; 2025333359,Keke's Breakfast Cafe
"Chicken Bonz Of Nevada, Inc.",2005301637; 2006300201,CHICKEN SHACK
"Chico's Fas, Inc.",2004302151,CHICO'S #467
"Chill Day, LLC",2022320842,Jeremiah's Italian Ice
China A Go Go II LLC,2025332572,China A Go Go
China A Go Go XI Inc.,2013303257; 2014300858,China A Go Go
China Tango Inc.,2011301065,CHINA TANGO
"Chinitas Venue, LLC",2025333225; 2025333226,Chinitas Venue
"Chip Shots, LLC",2025333891; 2025333893,"Chip Shots LLC; Chip Shots, LLC"
"Chipotle Mexican Grill, Inc.",2003302381; 2020312991; 2003303857; 2007301794; 2007301793,Chipotle Mexican Grill
ChiropracTED L.L.C.,2014302592,ChiropracTED L.L.C.
"Chiropractic For Life, P.C.",2025333863,"Chiropractic For Life, P.C."
Chiropractic Wellness Center of Southern Nevada,2006304901,Horizon Ridge Chiropractic
Chopstix Marks LLC,2018306756,Chopstix
Choten LLC,2026334672,Choten
Chris Lewis,2025332368,Nevadacool
"Chrisbarry, Inc.",2015302802,Air Gourmet
Christel L. Watson,2026336331,Sage & Stone Therapeutics
Christian Joseph Darwick,2024331291,Wick AEM
"Christian N Griffin, Attorney At Law, LTD",2021316143,Griffin Law Group
"Christianne M. Yung, M.D. LTD.",2006300456,"CHRISTIANNE M. YUNG, M.D. LTD."
Christina Parise LLC,2024330859,Clear Mind Counseling
Christine Anderson LLC,2026336035; 2026336036,Black Cat Accounting Services; Black Cat Entertainment
Christine Crovetti Aesthetics LLC,2025334415,Christine Crovetti Aesthetics LLC
Christine LLC,2017304687,7 Hills Massage
Christine Minhchau Nguyen,2005306228,Beauty Nails II
"Christine Navales DDS, A Professional Corporation",2022320038,ADCO Dental
Christine Prato,2021317565,This Little Stitch of Mine
"Christopher Cheng MD, PLLC",2022318605,"Christopher Cheng MD, PLLC"
"Christopher Khorsandi, M.D., PLLC",2020313573,VIP Plastic Surgery
Christopher Michael Rubino,2025333207,Grime Reaper Pressure Washing
Christopher R. Houtakker DC. Prof. Corp.,2006304639; 2006304638,Mountain Side Chiropractic
Christy Meshell Tice,2023323093,"Tice, Christy"
Chucky's Choice LLC,2026336111,Chucky's Choice LLC
Chumino Enterprises Inc,2021316627; 2023321904,Taco Man
Church of Scientology of Nevada,2025333138,Dianetics Foundation
"Churros 101, LLC",2018308589,Churros 101
Chuy's Mobile Car Wash LLC,2019312382,Chuy's Mobile Car Wash
Chynoweth Hill and Leavitt LLC,2022319320,Kelly Hawkins Physical Therapy
"Cimon Co., LTD.",2019310739,"Cimon Co., LTD."
Cimon Inc,2019310738,Cimon Inc
CinderBellas Cleaning Services LLC,2025333221,CinderBellas Cleaning Services LLC
Cindi White Designs LLC,2024329500,Cindi White Designs LLC
Cindy Cowley,2025332596,CLC Fine Art
Cindy Schoonover,2021316223; 2023323003,Distinct Impressions
Cintas Corporation NO. 2,2003304507,CINTAS CORPORATION NO. 2
"Cintil8, Inc",2022320436,"Cintil8, Inc"
Circle K Stores Inc.,1800039791; 1996039665; 2007300000; 2007300001; 2019310375; 2019310374; 2019310376; 2007300002; 2003300802; 2026334882; 2026334883; 2026334884,"Circle K Stores, Inc. #8655; Circle K Stores, Inc. #2703360; Circle K, Store #5394; Circle K #2709566"
Circle S Farms LLC,2017306180,Circle S Farms LLC
"City Automotive, Limited Liability Company",2018307629; 2013302351; 2020313918; 2024331713; 2025332564,"City's Crany Crane; City Automotive, LLC; City Automotive, Limited Liability Company"
City Dog Watch Inc,2021317253,City Dog Watch Inc
City Electric Supply Company,2018308830,City Electric Supply
"City Hotels Group, Inc.",2011301725; 2011301724; 2011301726,Best Western
City Lights Artists' Co-Op,2023323212,City Lights Art Gallery
City Towing Inc.,2011301668,QUALITY TOWING
"City View, Inc.",2025332816,Marker Storage
"CivilOne, LLC",2026335979; 2026335995,CivilOne
Clairsentient Counseling LLC,2025332690,Clairsentient Counseling LLC
Clarence Henry Sherrick Jr.,2024330637,Zarin
Clarity 462 LLC,2025334395,Clarity 462 LLC
Clarity Chiropractic LLC,2026334677,Clarity Chiropractic LLC
Clarius Green Valley Owner LLC,2026334702,The Sorrelle
"Clark County Appraisals, LLC",2022319372,"Clark County Appraisals, LLC"
"Clark County Carpet Cleaning, Inc.",2011302229,"Clark County Carpet Cleaning, Inc."
Clark County Home Inspections L.L.C.,2018308319,City Structural Inspections
Clark County Public Auctions LLC,2023321582,Clark County Public Auctions LLC
"Clark County Water, Incorporated",2015301879,Kinetico Qualilty Water Systems of Las Vegas
Clark's Counseling LLC,2018307027,Clark's Counseling LLC
Claros Landscaping Services L.L.C.,2023321631,Claros Landscaping Services L.L.C.
"Classic Landscapes, LLC",2005304980,"Classic Landscapes, LLC"
Classic Products Corp.,2020313559,CLASSIC PRODUCTS CORP.
"Claudia Garcia MD, A Professional Corporation",2015300279,My Kid's Doctor Inc.
"Claudia K. Vogel, M.D., Ltd.",2005305691,"Claudia K. Vogel, M.D., Ltd."
Claudine Atilano,2026335268,The Doodle Duo
Claudine's Skin Care Inc,2019309944; 2026335210,Claudine's Skin Care Inc
Claudio Ruben Teterycz,2012307870,ItalianMetals
Claw Planet LLC,2023329373,Claw Planet
"Clay Health & Care, PC",2025332568,"Clay Health & Care, PC"
Clay Pryor Interiors LLC,2019312394,Clay Pryor Interiors LLC
Clean Break Hawaii LLC,2026334680; 2026334681,Clean Break Hawaii LLC
"Clean Cans, LLC",2024329408,"Clean Cans, LLC"
Clean Cut Landscape LLC,2026334889,Clean Cut Landscape LLC
"Clean Edge Printing, Inc.",2012301354,"Clean Edge Printing, Inc."
Clean Freak Janitorial LLC,2018308466,Clean Freak Janitorial LLC
Clean Haul and Dump LLC,2026335460,Clean Haul and Dump LLC
Clean Waves Pool Services LLC,2025334412,Clean Waves Pool Services LLC
"CleanSpark, Inc.",2023321892,"CleanSpark, Inc."
"Cleaning Well, LLC",2024329548,Cleaning Well
Cleaning With Yenny LLC,2026335909,Cleaning With Yenny
Cleanspec Commercial Services LLC,2026335100,Cleanspec Commercial Services LLC
Cleansphere Commercial Cleaning LLC,2025332452,Cleansphere Commercial Cleaning
Cleanup Kings of Nevada LLC,2026334902,PuroClean of East Las Vegas
Clear Blue Pool Service Nevada LLC,2024330330,Clear Blue Pool Service Nevada LLC
"Clear Channel Outdoor, LLC",2021317408,"Clear Channel Outdoor, LLC"
Clear Insurance Strategies LLC,2025332413,Clear Insurance Strategies LLC
"Clear Live, LLC",2023322857,"Clear Live, LLC"
Clear Out Ink Laser Tattoo Removal LLC,2013302395,Clear Out Ink Laser Tattoo Removal
"Clear River, LLC",2017305892; 2019311854,Nevada Made Marijuana
Clear Solutions LLC,2023321982; 2025331916,Clear Solutions LLC; CS Fitness
"Clear Title Company, Inc.",2019311167,"Clear Title Company, Inc."
"Clear Valuation, Inc.",2022319735,"Clear Valuation, Inc."
"Clear Value Insurance, LLC",2024330467,"Clear Value Insurance, LLC"
Clear Water Pools LLC,2024330233,Clear Water Pools NV
ClearEdge Lending LLC,2022320730,ClearEdge Lending LLC
Clearcut Shutters LLC,2026334699,Clearcut Shutters
Cleardatum Inc,2013301679,Cleardatum Inc
Clearly Clean LLC,2025333282,Cleary Clean LLC
Cleotilde Alaniz,2025333404,Cleo's Shop
Clever Brod Bakery LLC,2025334195,Clever Brod Bakery LLC
"Clifford Senior Law, PLLC",2023321525,"Clifford Senior Law, PLLC"
"Clinical Pathology Laboratories, Inc.",2015302355; 2023322896,"Clinical Pathology Laboratories, Inc."
"Closeout Surplus & Savings, LLC.",2021316623,"Closeout Surplus & Savings, LLC."
Cloud 9 Studio Salons LLC,2022320302,Cloud 9 Studio Salons
"CloudTalk.io, Inc.",2026335177,"CloudTalk.io, Inc"
Clownfish Entertainment LLC,2012309705,Clownfish Entertainment LLC
Club Champion LLC,2026335495,Club Champion LLC
"Club Demonstration Services, Inc.",2017304449; 2024330587,"Club Demonstration Services, Inc."
Club Design Studio LLC,2022319065,Club Design Studio
"Club Loco, LLC",2026334796,Club Loco LLC
Club Social LLC,2025334139,Club Social LLC
Clyde Caldwell,2014301962,AB Screen Printing
"Coaching Pros Personal Injury Academy, LLC",2023321308; 2023321309,"Coaching Pros Personal Injury Academy, LLC; CP Legal Staffing"
"Coast to Coast Computer Products, Inc.",2021317304,"Coast to Coast Computer Products, Inc."
"Coastal Dream Docs, Inc.",2018309288,"Coastal Dream Docs, Inc."
"Coastal Medical Supply, Inc.",2018309285,"Coastal Medical Supply, Inc."
Code 4 Consulting LLC,2021318024,Code 4 Consulting & Private Investigations
Code Central LLC,2024330544,Code Central
"Coinstar Asset Holdings, LLC",2017306352,Coinstar
Cold Brothers LLC,2025332581,Cold Brothers
Cole Law Offices Ltd.,2025333040,Cole Family Law Firm
Coleman Enterprises LLC,2026335455,Aces Auto Sales
Coleman Financial Corp.,2018307503,Coleman Financial Corp.
Colette Meighan,2025332518,"Meighan, Colette"
Collaborative Awakenings Counseling LLC,2020314461,COLLABORATIVE AWAKENINGS COUNSELING LLC
Collector's Haven LLC,2026335758,Collector's Haven LLC
College Villas L.P.,2024329393,College Villas Senior Apartments
"Collins, Audrey",2016302001,A. Collins 3D Brows
"Color Gamut Digital Imaging, LLC",2018309290,"Color Gamut Digital Imaging, LLC"
"Color Shift, Inc.",2024331706,Dixie Walnut Co
"Colorado River Coffee Roasters, LLC",2015303197,"Colorado River Coffee Roasters, LLC"
Columbia Bank,2017300050,Columbia Bank
"Combined Public Communications, LLC",2020313453,"Combined Public Communications, LLC"
"Comcast Business Communications, LLC",2018309090,"Comcast Business Communications, LLC"
"Comcast IP Phone, LLC",2024329527,"Comcast IP Phone, LLC"
Comforting Companions Home Care LLC,2026335614,Comforting Companions Home Care LLC
Common Ground LLC,2025332133,Common Ground LLC
Common Sense LLC,2019310775,Common Sense LLC
Community Improvement Services L.L.C.,2012310835,Community Improvement Services
"Community Placements of Nevada, LLC",2020314046,"Community Placements of Nevada, LLC"
Community Shield Services LLC,2025334010; 2026336265,Community Shield Services LLC
"Community Vegas, LLC",2022321248; 2023323058,Chef's Roma Kitchen
"Community Vision, Inc.",2020313846,"Community Vision, Inc."
Community of Grace Church,2026335849,Community of Grace Church
"Community of Nevada Diagnostics, LLC",2019312793,"Community of Nevada Diagnostics, LLC"
"Companion Pet Partners US, LLC",2022319099; 2022319100,WARM HEARTS PET HOSPITAL
Compare My Plan LLC,2022320486,Compare My Plan LLC
"Compassion Crest, LLC",2022319991,Compassion Crest Home Care
"CompassionCare Hospice Las Vegas, LLC",2019312671,Compassioncare Hospice
Compassionate Mindful ABA LLC,2024329916,Compassionate Mindful ABA LLC
"Compassionate Pet Cremation, LLC",2005303489,"Compassionate Pet Cremation, LLC"
Competition Realty LLC,2015300126,Competition Realty LLC
Complete Risk Management LLC,2025332874; 2025332875,Complete Risk Management LLC
Complete Services LLC,2018309672,Baby Bliss
"Comprehensive Dental Care, LLC",2015300127; 2023322649,Comprehensive Dental Care
"Comprehensive EyeCare Partners, LLC",2022319280,"Comprehensive EyeCare Partners, LLC"
Comprehensive Therapy Centers LLC,2006302000,Comprehensive Physical Therapy
"Comprehensive and Interventional Pain Management, LLP",2015302504,"Comprehensive and Interventional Pain Management, LLP"
"Compressed Air Specialties, Inc.",2025333201,"Compressed Air Specialties, Inc."
"Computer Surgeon 4 U, LLC",2024330538,"Computer Surgeon 4 U, LLC"
"Concentra Health Services, Inc.",2003301020,Concentra Medical Center
"Concierge Care Physicians, LLP",2006303373,Concierge Care Physicians
"Concierge Credit Solutions, Inc.",2022320275,"Concierge Credit Solutions, Inc."
Concierge Nursing Solutions LLC,2023323107,Concierge Nursing Solutions LLC
Concrete Dreams Corporation,2016301352,Nielsen's Frozen Custard
"Concrete Dreams GVR, LLC",2026335390,Nielsen's Frozen Custard
"Condev Nevada, Inc.",1996040048,Dillard's
Conner Family & Associates LLC,2013302115,Conner Family & Associates LLC
Connolly Enterprises LLC,2023322804,Connolly Care
Connor Soley,2024330804,"Soley, Connor"
"Conrad Lochner III, OD., a professional corporation",2005305309,"Conrad Lochner III, OD., a professional corporation"
Conscious Gaming,2021317270,Conscious Gaming
Conscious Healing Therapy LLC,2023322498,Conscious Healing Therapy
"Consor North America, Inc.",2023322038,"Consor North America, Inc."
"Construction Quality Management of Nevada, Inc.",2021317979,Pete Fowler Construction Consultants
"Construction Reality Capture, LLC",2023321340,Multivista
Consumer Cellular,1997TC0820,Consumer Cellular
Contemporary Services Corporation,2025332210,Contemporary Services Corporation
Continental Battery Company,2022319034,Bridgeview Power
Coo Coo's Cafe LLC,2022318569,Coo Coo's Cafe
CooCoo Cahoo LLC,2023321970,BallyWho? Consulting
Cookie Friday LLC,2023322791,Cookie Friday
Cool It Portable AC Rentals LLC,2026335825,Cool It Portable AC Rentals LLC
"Cool Kat Productions, LLC",2021317619; 2020314628; 2025332058,Vegas Best Pool Supply; Vegas Best Pool Service
CooperTeam LLC,2024331741,Synergy HomeCare of Anthem
"Copa Fina NV, LLC",2025334471,"Copa Fina NV, LLC"
Copper Cat Books LLC,2017306330,Copper Cat Books LLC
Coral Gables LV LLC,2025331952,The Coral Gables
Corazon Home Care LLC,2025334163,Corazon Home Care
Core & Main LP,2015303168,Core & Main LP
Core Crew Solutions LLC,2025332103,Core Crew Solutions LLC
Core Fitness & Martial Arts,2019311744,Core Fitness & Martial Arts
Core Solutions LLC,2026335107; 2026335538,Core Wellness and Conscious Healing; Core Wellness & Conscious Healing
"Core Title Group, LLC",2021317850,"Core Title Group, LLC"
"Core-Mark US, LLC",2025332739,"Core-Mark US, LLC"
Corethentic LLC,2025332021,Corethentic Lagree
"Corn, LLC",2017304248,Corn Auto
Corner Your Market LLC,2019310312,Corner Your Market LLC
Cornerstone Caregiving West LLC,2025334038,Cornerstone Caregiving
Cornerstone Nails LLC,2024330906,Me Nails & Spa
"Cornerstone Park Apartments SPE, LLC",2020313900,Cornerstone Park Apartments
Cornerstone Softball Inc.,2021316010,Clean and Sober National Softball Association
"Coronado Drive Senior Housing, LLC",2011302238,Coronado Drive Apartments
"Coronado Surgery Center, LLC",2024329486,Coronado Surgery Center
"Corporate Complete Systems, LLC.",2023322671,"Corporate Complete Systems, LLC."
Corporate Flight International,2018309525,Thrive Aviation
Cory F Ayers,2011300855,Aayers Backflow Services
Cosmetic Solutions Group LLC,2026335991,Butterfly Society Salon
"Cosmic Concepts, Ltd.",2025333583,Media Star Promotions
"Cosmopawlitan, LLC",2024330491,Cosmopawlitan Mobile Dog Grooming
Costco Wholesale Corporation,2018308956; 2001300527; 2005306010; 2018309196; 1991008970; 2018308955; 2003300803,Costco Wholesale #1320; Costco Wholesale #673/35170-00; Costco Wholesale #673
"Cotter, Geoffrey L",2009301890,Geoffrey L Cotter Firearms
Cotton On USA Inc,2022321243,Cotton On
Coulter Management LLC,2026335595,Paws In Charge
Country Club Village MHC LLC,2025331980,Country Club Village MHC LLC
County Funeral Services L.L.C.,2020313887,Perfect Cremations
"Courtney Haight, Ph.D. LLC.",2022320990,"Courtney Haight, Ph.D. LLC."
"Couture MMA & Fitness, LLC",2026335050,Xtreme Couture MMA
"Covenant Protectors, LLC",2004303291,COMFORT KEEPERS
Covenant Real Estate Group LLC,2024329889,Covenant Real Estate Group LLC
Cowgirl Cantina LLC,2026336271,Patriot Party Rentals
"Cox Advanced Services Nevada, LLC",2017305740; 2017305739; 2014303309; 2015300388,Cox Business Security Solutions; Cox Homelife
"Cox Communications Las Vegas, Inc.",2017305602,Cox Solutions Store
"Cox Construction Law, PLLC",2026334821,"Cox Construction Law, PLLC"
"Cox Nevada Telcom, L.L.C.",2025332542,"Cox Nevada Telcom, L.L.C."
"Cox Wireless, LLC",2025332282,"Cox Wireless, LLC"
Coyote Pool Care LLC,2025334117,Coyote Pool Care LLC
Cozy Home LLC,2026336137,Cozy Home LLC
Crab Corner II LLC,2022321213,Crab Corner
Crab N Spice Henderson Incorporated,2022321119; 2023322327,Crab N Spice
Craftfluent LLC,2025333279; 2025333281,CraftFluent; Ginger & Snow
"Crafthaus Brewery, LLC",2014302367; 2014302366,CraftHaus Brewery
"Craftsman Industries, Inc.",1996040410,"Craftsman Industries, Inc."
Craig Lucas,2007302785,Law Office of Craig J. Lucas
Craig Tribus,2026335990,Real Estate Strategists
Craigen LLC,2025332601,Craigen LLC
"CraneCo, LLC",2023322109,Poke Poku
Crash Champions LLC,2024331251,Crash Champions LLC
"Crawford Oil, Inc",2024330610,"Crawford Oil, Inc"
"Crazy Pita Two, LLC",2007304063,Crazy Pita
Create Credit Union,2005306680,Create Credit Union
"Creative Applications, Inc.",2016301291,"Creative Applications, Inc."
Creative Behavioral Connections LLC,2024331199,Creative Behavioral Connections LLC
Creative Bizness Solutions LLC,2018307836,Creative Bizness Solutions
Creative Labs LLC,2026335563,Creative Labs LLC
"Creative Technology Group, Inc.",2024331383,"Creative Technology Group, Inc."
Creature of Habit LLC,2023322980,Creature of Habit
Credit Mileage LLC,2025332246,Credit Mileage
Credit Union 1,2015300218; 2015300222,Credit Union 1
"CreditFresh LaaS, Inc.",2025332535,"CreditFresh LaaS, Inc."
Creole Hippie Cuisines LLC,2025333602,Creole Hippie Cuisines LLC
"Crest Insurance Group, LLC",2024331298,"Crest Insurance Group, LLC"
"Crexendo Business Solutions, Inc.",2013300254,"Crexendo Business Solutions, Inc."
"Crime Busters of Nevada, Inc.",2015300545; 2009300807,ASAP SECURITY
Cristian Alberto Aguilar Rivas,2023322111,Roberto's Taco Shop
"Cristina A. Hinds, Attorney LLC",2024331647,Hinds Injury Law Las Vegas
Cristine Stephens,2022320841,Cristy's Multimedia Shop
Cristobal Pedro Santiago & Israel Garcia Barrera,2023323415,C and I Lawn Services
"Critical Nurse Staffing, LLC",2022320565,CNSCares
Cross Country Inspections LLC,2021317170,Cross Country Inspections LLC
"CrossCountry Mortgage, LLC",2024330025; 2024330026; 2024331013; 2025333865,"CrossCountry Mortgage, LLC; CrossCountry Mortgage"
"Crossmed Healthcare Staffing Solutions, Inc.",2023321605,"Crossmed Healthcare Staffing Solutions, Inc."
Crossover Association Management LLC,2023322192,Crossover Association Management LLC
"Crovetti Bone and Joint Institute of Southern Nevada, Ltd",2006300790,Crovetti Orthopaedics & Sports Medicine
Crown Equipment Corporation,2002301325,Crown Lift Trucks
Crown Marketing LLC,2023323493,Crown Marketing
Crown Specialties LLC,2021317706,Crown Inspections Associates
"Crowther, Crystal",2013301789,CRYSTAL L CROWTHER/MILESTONE CHRISTIAN C
"Cruise America, Inc.",2011303241; 2017304250,"Cruise America, Inc."
Crystal Diamond Cleaning LLC,2025334127,Crystal Diamond Cleaning LLC
Crystal Foggy,2025332363,Next Level Skin and Wellness
Crystal Moses,2017304388,Archer and Jane
Crystal Rivera Sanchez,2026335963,8 and Bailey LV Bullterriers
Crystal Salon and Headspa LLC,2024331892,Crystal Salon and Headspa LLC
Crystal Skies Aviation Detailing LLC,2025331988,Crystal Skies Aviation Detailing LLC
Ctrl Alt Relief Mental Health Services PLLC,2024330774,Ctrl Alt Relief Mental Health Services PLLC
CubeSmart TRS Inc,2026334817; 2026334818,CubeSmart 163
"CubeSmart, L.P.",2015300304; 2017304403,"CubeSmart, L.P."
"Cuevas Meat Market, Inc.",2010303060; 2011301664,Cuevas Meat Market
"Culinart, Inc.",2023323503,"Culinart, Inc."
Culinary Chapter Holdings LLC,2024331674,Good Hood Burgers
"Culpepper D.M.D., PLLC",2025333244,Excellence in Dentistry
"Cult Fitness, LLC",2024331337,"Cult Fitness, LLC"
"Cultivation AP, LLC",2025333147,Nature's Chemistry
Cultured Origins LLC,2024331182,Cultured Origins LLC
Cumorah Credit Union,2004301949; 2008300140; 2008300649,Cumorah Credit Union
"Curtain Wall Design and Consulting, Incorporated",2009300838,"Curtain Wall Design and Consulting, Incorporated"
Curtis Wealth Management LLC,2026335589,Curtis Wealth Management LLC
Custom Executive Services LLC,2024330756,Hot Mess Cleanup & Junk Removal
Custom Eyes LLC,2008302475,Custom Eyes LLC
Custom Realty LLC,2023323546,Custom Realty LLC
Custom Souvenir & Novelty Inc.,2024330996,Custom Souvenir & Novelty Inc.
Custom Suits LLC,2026334676,Eastin Suits
Customizable Surfaces,2024329437,Customizable Surfaces
"Cuyamaca Properties, LLC",2009300688,Arabella Apartments
Cuzin's Hawaiian BBQ and Poké LLC,2026334541,Cuzin's Hawaiian BBQ and Poké LLC
"Cyber Quest Nevada, Inc.",2020315416,Cyber Quest
Cybersecurity CoPilot LLC,2024329563,Cybersecurity CoPilot LLC
Cyclepath L.L.C.,2022318354,Giant Henderson
Cygoose It LLC,2020314344,TerryTek Consulting
Cymatica LLC,2025334393,Henderson Group Home
Cynthia Eaton,2017305770,"Eaton, Cynthia"
"D & B Home Repairs, LLC",2021317238,"D & B Home Repairs, LLC"
D & D Thompson LLC,2022320083,D Cup Customs
D & G SCALE NEVADA INC.,2009302860,D & G SCALE NEVADA INC.
"D & G Salon, Inc.",2005306494; 2001004568; 2010302042,Exclamations ! Salon
"D & N GROUP, LLC",2010303002,REALTY EXPERTISE
"D & R General Contracting & Design, Inc.",2013302472; 2013302471,Eureka Tanning and Hair
D & S Enterprises LLC,2025333562,Juicy Snow
D J T INC.,2002303426,Jesse's Pizza
"D and J Vending Services, LLC",2007304807,"D and J Vending Services, LLC"
D&M Sharkey Inc,2016302219,The Flying Locksmiths-Las Vegas
D&R RV SERVICES LLC,2022320516,D&R RV SERVICES
"D&T Imports, Inc.",2024329899,"D&T Imports, Inc."
"D&T POOL & SPA CARE, LLC",2007302548,"D&T POOL & SPA CARE, LLC"
D' Hair Salon LLC,2023323243; 2023323244,D' Hair
"D'Aquino Importing Co., Inc.",2015303201,"D'Aquino Importing Co., Inc."
D.A.R.E. INC.,2006301089,D.A.R.E. INC.
"D.C. Petersen, LLC",2011300801,"D.C. Petersen, LLC"
D.C.N.S ARMORY L.L.C.,2013301661,D.C.N.S ARMORY L.L.C.
D.J. CRAVOTTA INCORPORATED,2010301390,COMPLIANCE SCIENCE
D.L.F. CORP INC.,2013300558; 2013301158; 2015301600,Mr. D's Fastlane; Mr. D'S Fastlane; MR. D'S FASTLANE
"D.R. Backflow Services, LLC",2015302846,"D.R. Backflow Services, LLC"
D4 Advisory Services LLC,2025332692,D4 Advisory Services LLC
"DA LOCO HAOLE, LLC",2022318348,HAPAHAOLE'S
"DADEJ & OHRINER, LTD.",2015303934; 2015303933,EYECARE CENTER
DADON-HARRIS SMILES LTD,2019310236,Green Valley Dental Center
"DAGMoney, LLC",2025333283; 2025333284,The Willows of Henderson
DAILY SPARK COFFEE ROASTERS LLC,2019312256,Daily Spark Coffee
"DAIOHS U.S.A., INC.",2019311973,DAIOHS FIRST CHOICE SERVICES
DANCING 4 CANCER,2011302888,DANCING 4 CANCER
"DANESHGAR FAMILY FUND DELAWARE, LLC",2020315021,HORIZON SENIORS APARTMENTS
DANIEL JOSEPH CHENIN LTD.,2016300787,DANIEL JOSEPH CHENIN LTD.
"DARKO PROMOTIONAL PRODUCTS, INCORPORATED",2008302938,Darko Promotional Products Incorporated
"DARLENE F. CROSS, M.S., M.F.T.",2008302690,"DARLENE F. CROSS, M.S., M.F.T."
"DASH CREATIONS, LLC",2007303030,DASH CREATIONS
"DAUN, JOANN E",2013303697,Daun's Hair Studio
"DAVID BINDRUP LAW FIRM, PLLC",2012309877,"DAVID BINDRUP LAW FIRM, PLLC"
DAVID ENTERPRISES CORPORATION,2022320335,Mr. Towing
DAVID O MCKAY ACADEMY INC,2016302790,DAVID O MCKAY ACADEMY INC
"DAVIDSON, DARLENE",1991008704,CAKES ON THE MOVE
"DAVIS, RICHARD A.",2005305356,"DAVIS, RICHARD A., C.P.A."
"DAVSAR, LLC",2016300525,JB Bowling Supply
"DAY, LORI FAYE",2011302012,"DAY, LORI FAYE"
DB & Sons Handyman Services LLC,2026335335,DB & Sons Handyman Services LLC
DB Cryotherapy LLC,2026334778,Deep Blue Cryotherapy
"DB NV Operations, LLC",2022320174; 2022320173; 2023322908,Drybar
DBJ Property Services LLC,2024330115,DBJ Property Services LLC
DC CLEANING SERVICES LLC,2020313434,DC CLEANING SERVICES LLC
DCR Enterprises LLC,2021317306,Postnet NV180
DD&D Enterprises llc,2022318332; 2022318333,Red Apple Liquor
DDM Mechanical Solutions LLC,2025333476,DDM Mechanical Solutions LLC
"DE LEON, JOEL JOHN E",2006302822,ATELIER
DEA Family Kennels LLC,2026335666,DEA Family Kennels
"DEAN BIOMECHANICS, LLC",2019312259,"DEAN BIOMECHANICS, LLC"
"DEBLANC, CHERYLANNE",2012300056,DEBLANC MUSIC ENTERTAINMENT
"DEBORAH CAMPBELL AND ASSOCIATES, LLC",2014300682,DEBORAH CAMPBELL AND ASSOCIATES
"DEEPALI KASHYAP, M.D. PLLC",2015302560,GALLERIA WOMEN'S HEALTH
"DEJAERO, LLC",2016300597,"DEJAERO, LLC"
"DEKRA Services, Inc.",2018307297; 2018307298; 2018307301; 2018307299; 2018307300; 2018307302; 2018307303,"Jiffy Smog, A DEKRA Company"
"DEMARIS, DALE",2005304376,Keep It Clean Pool & Spa Care
"DEMOLAY FOUNDATION OF NEVADA, INC. L",2012310273,DEMOLAY INTERNATIONAL
"DEMOS, REBECCA",2014302236,"DEMOS, REBECCA"
"DEMPSEY, ROBERTS & SMITH, LTD.",2010303186,"DEMPSEY, ROBERTS & SMITH, LTD."
"DENMAN, CHRISTOPHER G",2007300021,CHRIS D COMPUTER SERVICES
"DEREK MACLEAN, D.D.S., A PROFESSIONAL CORPORATION",2006300039,MACLEAN FAMILY DENTAL
DESERT BEHAVIORAL HEALTH,2022321147,DESERT BEHAVIORAL HEALTH
DESERT BREEZE LANDSCAPING INC,2018308537,Desert Gardens
"DESERT DECOR, INC",2002303428,DESERT ART SUPPLIES
DESERT FLYING CLUB,2014303368,DESERT FLYING CLUB
"DESERT FROST VENTURES, INC.",2021318250,"DESERT FROST VENTURES, INC."
DESERT GEM ESTATE SALES LLC,2015300043,DESERT GEM ESTATE SALES LLC
"DESERT GMC, L.L.C.",1995036146; 1995036147,Autonation Buick GMC Henderson
DESERT HEAT GIRLS SOFTBALL,2001003366,DESERT HEAT GIRLS SOFTBALL
"DESERT ORTHOPAEDIC CENTER, LTD.",2008303867,"DESERT ORTHOPAEDIC CENTER, LTD."
DESERT QUILTERS OF NEVADA,2007300688,Desert Quilters of Nevada
DESERT SKY APPRAISALS LLC,2015303591,DESERT SKY APPRAISALS LLC
DESIGN LINE GRAPHICS INC,2003304089,DESIGN LINE GRAPHICS INC
"DESIGNATED DRIVERS EVENTS, INC.",2006303933,"DESIGNATED DRIVERS EVENTS, INC."
DEVELOPMENT UTILITY ORGANIZATION LLC,2007304057,Development Utility Organization LLC
DEVIL'S HANDYMAN SERVICES LLC,2008301153,DEVIL'S HANDYMAN SERVICES LLC
"DEVRY UNIVERSITY, INC.",2003305242,DEVRY UNIVERSITY
DGP Services LLC,2026335521,DGP Services
"DHI Mortgage Company, LTD.",2008300112,"DHI Mortgage Company, LTD."
"DHI Title of Nevada, Inc.",2010301628,"DHI Title of Nevada, Inc."
"DIAMONDBACK LAND SURVEYING, LLC",2010301334,"DIAMONDBACK LAND SURVEYING, LLC"
"DIANA DANTIAN LEE, PLLC",2014302600,"DIANA DANTIAN LEE, PLLC"
"DICKINSON, KATHLEEN M",2004301736,DYNAMIC IMPRESSIONS
"DICKINSON, SUE",1992011038,JUST SUE
DIEGO SEBASTIAN RIOS SANCHEZ,2010301022,RIOS MAINTENANCE SERVICE
"DIGITAL ALPHA ADVISORS, LLC",2020313510,"DIGITAL ALPHA ADVISORS, LLC"
DILLON G CASTRO,2014302754,JUMP N BOUNCE HOUSE RENTALS
DINAH JOHN,2010301684,"JOHN, DINAH"
DINO DEGREGORIO,2015303746,DINO DEGREGORIO AGENCY
DIQ Brands LLC,2026335736,Our Daily Breads and Spreads
"DIRECT MOBILE IMAGING, LLC",2015303063,"DIRECT MOBILE IMAGING, LLC"
"DIRECTV, LLC",2019309936; 2022321112,"DIRECTV, LLC"
DIRTY LIFE TOOLS LLC,2022320709,DIRTY LIFE TOOLS LLC
DISABLED AMERICAN VETERANS' CHAPTER 12,2006301378,DISABLED AMERICAN VETERANS' CHAPTER 12
"DISCOUNT DUMPSTERS, LLC",2020314971,WESTERN ELITE
"DISORBO, KAREN",1998039183,Designs by Karen
"DIVINE CAR AUDIO, INC.",2006303736,DIVINE ONE CUSTOMS
DIXIE DOG SERVICES LLC,2017304939,"Soggy Dog, The"
"DJ MOBILE HOME SERVICING, LLC",2016303278,"DJ MOBILE HOME SERVICING, LLC"
DJH Systems & Integration,2017305574,DJH Systems & Integration
DJJ ENTERPRISES LLC,2017306557,Anytime Fitness
DJJ2 PROPERTIES LLC,2011300349,DJJ2 PROPERTIES LLC
"DJs All-American Tavern, LLC",2023323467; 2023323469,DJ's All-American
DK Family LLC,2021317273,Paws R Us
DKANG INC.,2014302197,Nicole Beauty Supply
DL Handyman Services LLC,2022321016,DL Handyman Services LLC
DLB Essentials LLC,2026336031,DLB Essentials LLC
DLR Group Inc.,2013301143,DLR Group Inc.
DM Luxury Landscape & Maintenance LLC,2021317138,DM Luxury Landscape & Maintenance LLC
"DM STEWART INVESTMENTS, LLC",2019310424,"DM STEWART INVESTMENTS, LLC"
DMA,2022319023,DMA SOLUTIONZ
DMJD Consulting LLC,2026335475,DMJD Consulting LLC
DMOJ LLC,2017300186; 2023329279,CHICK-FIL-A; Chick-Fil-A Lake Mead and Water Street
DNA Automotive LLC,2017304552,DNA Automotive LLC
DNA TACTICAL INC.,2016301584,DNA TACTICAL
"DNP Beauty Solutions, LLC",2017300607; 2017300606,INails and Spa
DNP Imagingcomm America Corporation,2024330816,Innovative Foto
"DOBSON, SUSAN E.",1800040030,SUGAR ART NOVELTIES
DOGS ROCK CANINE TRAINING LLC,2022321231,Dogs Rock Canine Training LLC
DOUBLE DOWN AVIATION L.L.C.,2017305193,Double Down Aviation L.L.C.
"DP Video Productions, LLC",2004305596,"DP Video Productions, LLC"
"DR. DEATH PEST CONTROL, LLC",2018309282,DR. DEATH PEST CONTROL
DR. DOIRON LLC,2019310715,DR. DOIRON LLC
DRAGONBOAT RACING ASSOCIATION GROUP OF NEVADA FOUNDATION,2017305819,Dragonboat Racing Association Group of Nevada
"DRC Surveying Nevada, Inc.",2018307579,"DRC Surveying Nevada, Inc."
DREAM LIFE BOUTIQUE LLC,2020314192,DREAM LIFE BOUTIQUE
"DREAMCAST ENTERTAINMENT, INC.",2009303084,"DREAMCAST ENTERTAINMENT, INC."
"DREAMSICKLE KIDS FOUNDATION, INC.",2020313881,"DREAMSICKLE KIDS FOUNDATION, INC."
"DRG Meats, LLC",2021316233; 2019312886; 2019312890; 2019312888; 2024331097,Arby's #8862; Arby's #6568; Arby's #6723; Arby's #7564; Arby's Food Truck #8440
"DRIP DOCTORS, HENDERSON (AMIN & HO) LTD.",2017300570,REGENERATE MEDICAL CONCIERGE
"DRS PROPERTIES, LTD.",2010303187,"DRS PROPERTIES, LTD."
DS Beg LLC,2022319121; 2022319123; 2022318574; 2025334006,Light Rockets; Sunset Train; Crazy Bungee; The Ornament House LV
"DS MOBILE DIESEL SERVICE, LLC",2020314950,"DS MOBILE DIESEL SERVICE, LLC"
"DS Services of America, Inc",2024330055,"DS Services of America, Inc"
"DSCI, LLC",2023321542,"DSCI, LLC"
DSP Credentialing LLC,2024330198,DSP Credentialing LLC
DSW Shoe Warehouse Inc,2002302250,DSW Shoe Warehouse Inc # 29182
"DT Legal Consulting, Inc.",2024329804,Type Monkeys
DTLemaire LLC,2025332063,HomeWell Care Services
"DUI and DWI Bail Bonds, Inc",2022319731,"DUI and DWI Bail Bonds, Inc"
"DUNBAR COMMERCIAL, LLC",2013302714,"Dunbar Commercial, LLC"
DUNN DEAL LLC,2023321344,Deal 47
DURANGO SOCCER LEAGUE,2015302324,DURANGO SOCCER LEAGUE
DUSTREE PRODUCTIONS INC.,2021318018,DUSTREE PRODUCTIONS INC.
DUTPHET T ARMSTRONG,2016301232,"ARMSTRONG, DUTPHET"
"DVA Renal Healthcare, Inc.",2006301491,DaVita Anthem Village Dialysis
"DVID L. MAHON, DDS, LTD.",2011301966,Siena Dental
"DVL, INC",2023321274,"DVL, INC"
DVS TECHNOLOGIES LLC,2018308563,DVS TECHNOLOGIES LLC
"DYE, GREG K",2005304540,"DYE, GREG K"
DYFL TOURNAMENTS,2011301581,DYFL TOURNAMENTS
DYLANGERS INC.,2010301166; 2010301164,DYLAN'S GAMING LOUNGE
DYNASTY CLEANING SERVICES LLC,2015300215,DYNASTY CLEANING SERVICES
Da Bartenders LLC,2025332840,Da Bartenders
Da Braddahs Grindz LLC,2023322708,Da Braddahs Grindz LLC
Daewoojeon Limited Liability Company,2011302742,The Dojang
"Daikin Comfort Technologies Distribution, Inc",2011301597,"Daikin Comfort Technologies Distribution, Inc"
Daily Chicken and Bakery,2013300542,Stephano's Greek & Mediterranean Grill
Daily Dental Staffing LLC,2024330097,Daily Dental Staffing LLC
Daiso California LLC,2022321127; 2023322559,Daiso
Daisy Fresh Services LLC,2021315786,Daisy Fresh Services LLC
Daisy Zazueta Pena,2022318609,BUTTON DAISY
Dakota Leigh Shaw,2025333361,Fourth & Threads
Dale Jones LLC,2019312874,RE/MAX LEGACY
Dale M Huebner,2023322271,Emerald Touch Landscaping
Damalia K. Gutierrez,2026335652,Sin City Sweets & Treats
Dan Henry Patlingrao,2021318161,Patingrao and Associates
Dana Delites LLC,2023322471,Dana Delites LLC
"Dana Forte, D.O., LTD.",2020313555,Forte Family Practice
Dance & Aerial Fusion LLC,2023323098,Dance & Aerial Addiction
"Danceabilities, LTD",2023323002,LynneBauer.com
Dancing Lil's Collection LLC,2025332020,Dancing Lil's Collection LLC
Dancing Starz LLC,2025333890,Dancing Starz LLC
"Dang, Jay",2016301970,SL Nails & Spa
Dangio Repair Services LLC,2019312054,Dangio Repair Services LLC
Daniel Ali Banks,2023322048,Ali Services
Daniel Bozich,2024330904,Apex Bodywork
"Daniel J. Oehler D.M.D., PC",2012306922,Daniel J. Oehler D.M.D.
Daniel James Murray Jr.,2020314021,BUYMSELLM
Daniel Marmo,2022318941,Superior Window Cleaning & Pressure Washing
Daniel Robert Embody,2018308356,"Embody, Daniel Robert"
Daniel Ross Hunter,2026336260,Hunter Family Auctions
Daniel Steven Madrid Jr,2026335885,Gray Ghost Laser Co.
"Daniel Taheri MD, P.C.",2021318269; 2024331295,Henderson Dermatology and Skin Cancer; Skin and Cancer Institute - Whitney Ranch
Danielle Carillo,2025334055,Rekindled Relics
"Danielle Gilbert, NP, PLLC",2026335985,"Danielle Gilbert, NP, PLLC"
Danielle Hoffman,2024329987,Safe and Sound Pet Grooming
Danielle Mandarino,2022319357,Hiawatha Healings
Danielle Mary Scheid,2024331595,"Scheid, Danielle Mary"
Danielle McKinney,2023329163,"Danielle McKinney, CPA"
Danna Valdovinos,2013301169; 2013301168,Sparkles Beauty Salon
Dannos Tools LLC,2025333788,Dannos Tools LLC
Danny W Campbell,2024329872,Handy Home Repair
Dano 5-0 Corporations,2019312910,The Coder School Nevada
Daren M. Libonati L.L.C,2000056844,DAREN M. LIBONATI L.L.C.
Dark Moon Coffee LLC,2018308800; 2018308801,Dark Moon Coffee Roasters
"Dark Water Productions, LLC",2007301622,Samera Entertainment
Darlene Ann Roye,2019312950,Back on Track Counseling
Darlene F Cross,2022318932,"Cross, Darlene F"
Darren Roman,2022318554,LITTLE BUGGERS PEST CONTROL
Darrin D Illges,2021317016,5 Axis Firearms
Daryll W Franco,2024330416,Salsa de Franco
Dash Emporium LLC,2025334077,Dash's Loaded Soda Shop
DataPLUS Communication Limited,2015303831,DataPLUS Security
Datumsurge LLC,2025333993,Datumsurge
"Dave & Buster's of Nevada, LLC",2023323588; 2023323589,Dave & Buster's
"Dave Linden Productions, LLC",2010302394,"DAVE LINDEN PRODUCTIONS, LLC"
David B Tepper,1800039011,David B Tepper
David Bakshi Inc,2018306701,Las Vegas Real Estate Specialists
"David Evans and Associates, Inc.",2024330552,"David Evans and Associates, Inc."
David Frank Mcfarlan,2021317571,Exacto Inspection Services
David Herbert Marquardt,2008302458,Cinemedia
David J Oyhancabal,2025334391,Dave O's Fix-it Pros
David M McCracken,2026335095,Kraken PressWorks
David Otto,2006305142,Hands In Motion
David Pascoe,2019310055,MAXIMAL AUDIO
David Persin,2022318774,Henderson Bulldogs Basketball
David Ray Polan,2012301341,Polan's Guns
David Todd Bates,2018308234,Mesa Pest Control
David Tomas,2023321372,Tomas Tombs Halloween
David Willis,2022319414,Bethesda Pools
David Wolfson LLC,2024330384,Top Property Real Estate
"David's Bridal, Inc.",2024329566,David's Bridal
Davis Stanley LLC,2023322854,Davis Stanley LLC
Dawn Cook Consulting LLC,2023322606,Dawn Cook Consulting LLC
"Dawn Herald, LLC",2021316811,"Dawn Herald, LLC"
Dawn on the Rise Bakery LLC,2026335125,Dawn on the Rise Bakery LLC
"Dawson Enterprises, Inc.",1992011392,SONITROL OF SOUTHERN NEVADA
"Day 1 Dental, PLLC",2024329917,Day 1 Dental
Daybreak LV LLC,2026335568,Daybreak Acai LV
"Daylite Consulting, LLC",2019312704,"Daylite Consulting, LLC"
De Corazon Counseling Las Vegas LLC,2023329389,De Corazon Counseling Las Vegas LLC
"DeBelloy, James Harding",2011301303,Basic Barber Shop
DeSimone Gaming Inc.,2020315328; 2015302631; 2015302632; 2020315329; 2020315330; 2015302634; 2015302635; 2022320989; 2022320997; 2023322996; 2023322997; 2024330958; 2024330959; 2024330960; 2024330961; 2024330962,The Pass at Water Street; Railroad Pass Hotel & Casino; Holiday Inn Express; Bullet Train; Atwell Suites Henderson at The Pass; Wine on Water Street
DeTomaso Tanning LLC,2021318154,Ultimate Tanning
Deadwood Meadery LLC,2022318737; 2022319181,Deadwood Meadery; DEADWOOD MEADERY
Deanna Fossett,2025333026,Resurfaced Skinlab
Deanna M Yoder,2021317288,Dream Clean
Deanna Remark,2021315990,Cambeiro Development & Design
Deb's Dog Grooming LLC,2012310678,Deb's Dog Grooming LLC
Debbie R. Treadway,2024330617,Apriill
Debits & Credits Bookkeeping LLC,2025333003,Debits & Credits Bookkeeping LLC
Debora Ann Schilling,2022318396,Debora Ann Schilling
Deborah Kroposky-Pecoff,2024331765,Whimsiwicks Candles
Deborah L Wake,2017306547,Deborah L Wake Consulting
Deborah Lynn Shields,2023321453,Epic Relocation & Referral Services
Deborah O'Brien,2020313199,DOB MARKETING
Deborah R Lowndes,2025334405,Tilted Brushes
Deborah Wiley Manning,2014301162,Jus a Dream Creations
Debra A Jeter,2021317402,DEBBEE'S HIDDEN TREASURES
Debra Drake Gilbertson,2026335994,The Grout Maids
Debra K Miller,2005300244,Horizon Falls Water
Debra March Ventures,2024329640,Debra March Ventures
Debra McCarty,2020314186,SIN CITY YARN
Debra Simpson,2014300069,We Can Do It
Debra Stefan LLC,2023322393,Vegas Fitness Retreats
Debris Buddies Inc.,2023322647,Debris Buddies Inc.
"Debry Medical Services, P.C.",2013302806,NV Eye Surgery
"Debt Does Deals, LLC",2025333045,reAlpha Mortgage
DeeAnn Bill,2025334312,DLB3 Consulting
"Deep Blue Cryo, Inc.",2026335122,"Deep Blue Cryo, Inc."
Deep Detailing LLC,2026335643,Deep Detailing LLC
"Deep Roots Aria Acqco, Inc.",2024331184; 2024331188; 2024331189,The Source
"Deep Roots Harvest, Inc.",2023322473; 2023322675; 2025334493; 2026334668,Deep Roots Harvest; The Happy Car
"Deidre J. Call, ESQ., P.C.",2013302238,"Deidre J. Call, ESQ., P.C."
Delco Western,2024329656,Delco Western
Delena Annette Gregory,2023329226,Elegant Silk Fresh Floral Design & Accessories
"Deli Management, Inc.",2017304890,Jason's Deli
Deloris Demetrius Scott,2024329443,Lady Confident
"Delta Liquid Energy Holdings, LLC",2026334929,Delta Liquid Energy NV
"Deltacom, LLC",2012310522,"Deltacom, LLC"
Dena Lynn Green,2011301170; 2011301171; 2011301172,Beach Retreat Day Spa
Denboris Enterprises Corporation,2023322164,The UPS Store #7290
Deniese Bast,2015301957; 2015301956,Designs by Deniese Bast
Denise Marie Rutherford,2022319600,DMR Services
Dennis J Cuiffi,2017305727,Denny's Handyman Services
Dennis Madden,2022320403,Dennis Madden
Dennis McClain Barnum,2022318766,Barnum Maintenance
Dent Wizard International Corporation,2017304458,Dent Wizard International Corporation
"Dependable Repair Service, LLC",2008301767,"Dependable Repair Service, LLC"
Derek Morgenstern,2020313579,Demand Components
Dermaclinic Vegas LLC,2023323562,Dermaclinic Vegas LLC
Desert Bloom Flowers LLC,2023329383,Live Love Flowers
Desert Bloom Recovery Ltd.,2020314209,Desert Bloom Recovery
"Desert Bookkeeping Services, LLC",2023329231,Desert Bookkeeping Services
"Desert Capital Advisors, LLC",2021316418,Desert Capital Advisors
Desert Digital Tech Inc.,2024329996,Desert Digital Tech Inc.
Desert Edge Ledgers LLC,2024330322,Desert Edge Ledgers LLC
"Desert Flour, L.L.C.",2003302258; 2005300311,Panera Bread Bakery Cafe; Panera Bread
Desert Gold Home Services LLC,2025334388,Desert Gold Home Services LLC
"Desert Innovation, Research and Technology",2020313398,DIRT
Desert Lifeguard Management L.L.C.,2018308310,Desert Lifeguard Management
"Desert Lights Insurance Group, LLC",2017306222,"Desert Lights Insurance Group, LLC"
"Desert Medicinals, LLC",2022319345,Naturopathic NV Apothecary
"Desert Paradise Pool Cleaning Service, LLC",2020314778,"Desert Paradise Pool Cleaning Service, LLC"
"Desert Phoenix, LLC",2025332516,Desert Phoenix Candle Co
Desert Premiere LLC,2020313506,Desert Premiere LLC
Desert Ready Mix of Nevada LLC,2025332302,Desert Ready Mix of Nevada LLC
Desert Retina PLLC,2024331336,Desert Retina PLLC
Desert Roots Academy,2025332835,Desert Roots Academy
Desert Shutters and Shades LLC,2025333413,Solar Screen City
Desert Skin Studio LLC,2025332920,Desert Skin Studio
"Desert Slims, LLC",2024331709,Slim Chickens #15304
Desert Soul Wellness LLC,2025332999,Desert Soul Wellness LLC
"Desert Sunrise Aviation, LLC",2021317052,"Desert Sunrise Aviation, LLC"
Desert Tactical Armory LLC,2020314603,Desert Tactical Armory LLC
Desert Therapy and Wellness LLC,2026335774,Desert Therapy and Wellness LLC
Desert Treatment Behavioral LLC,2021316197,Desert Treatment Behavioral LLC
Desert Treatment Clinic LLC,2009303986,Desert Treatment Clinic LLC
"Desert Valley Audiology, LLC",2015301991,Desert Valley Audiology and Balance Center
Desi Huerta LLC,2023322002,Desi Huerta LLC
"Design Vision, Inc.",2005306273,SLA Land Architects
Designated Defense Security Services,2021317599,Designated Defense Security Services
"Designs for Health, Inc.",2014300740; 2025332112,"Designs for Health, Inc."
Designs with Prestige LLC,2013303115; 2021316522; 2024330306; 2025333652,Dog Supplies Outlet
Desiray Inc,2017306326,Desiray Inc
"Deslauriers, Inc.",2014300356,"Deslauriers, Inc."
"Dessert Oil Collection, LLC",2018308464,"Desert Oil Collection, LLC"
Detail Boulevard LLC,2023321884,Detail Boulevard
Deuces Duct Cleaning llc,2020313961,DEUCES DUCT CLEANING LLC
Developed Expertise LLC,2023322539,Developed Expertise LLC
Device Masters LLC,2024331203,Device Masters
"Di Domani, Inc.",2018307855; 2018307854,"Di Domani, Inc."
Di Nuovo LLC,2014303561; 2015300144,Carmines Pizza Kitchen
"Di Sab's Food Services, LLC",2023329372,Di Sab's Mangia Mobile
"Dialpad, Inc.",2016301734,"Dialpad, Inc."
Diana Barrera,2023323029,"Barrera, Diana"
Diana Gisel Yanez,2022320875,All the Colors
"Diane Schaal Interior Design, Inc.",1991008609; 1991008608,"Diane Schaal Interior Design, Inc."
Dianes Delightful Desserts LLC,2023323408,Dianes Delightful Desserts LLC
"Diazo, LLC",2024329663,Diazo Wealth
Diblueprints LLC,2025332649,Diblueprints LLC
"Dick's Sporting Goods, Inc",2022320988,Dick's Sporting Goods
"Dickinson Chiropractic of Nevada, LLC",2025334332; 2025334435,"Dickinson Chiropractic of Nevada, LLC"
"Digestive Associates, LLP",2018308235,Digestive Associates
Digit Pop Media LLC,2021316204,Digit Pop Media LLC
"Digital Dolphin Products, LLC",2022320050,Digital Dolphin Products
Digital Innovations & Development Services LLC,2026335824,Digital Innovations & Development Services LLC
Digital Insight Printing Inc,2011302093,Digital Insight Printing Inc
Digital PCS Nevada,2020315061; 2014302319,My Wireless AT&T
Dignity Health,2007303888; 2013300428; 2013300429; 2013300430; 2013300431; 2013300432; 2013300433; 2013300434; 2013300436; 2013300437; 2013300446; 2013300464; 2013300652; 2013302225; 2014300837; 2015300472; 2015300473; 2015300568; 2017305614; 2019312108; 2019312311,Dignity Health; Barbara Greenspun Womenscare Center of Excellence; St Rose / Stanford Neurology Clinic; St Rose Dominican Health Foundation; St Rose Dominican Hospitals Admin Office; St Rose Dominican Hospitals IT Services; St Rose Dominican Hospitals Rehab Services; St Rose Dominican Hospitals Pediatric Diabetes Clinic; St Rose Dominican Hospitals Wound Care; St Rose Home Health & Hospice Admin Offices; St Rose Dominican Hospitals WIC Program; The Dream Fund Pediatric Endo Clinic; St Rose Dominican Hospitals / Dignity Health Medical Group Nevada Clinic; Dignity Health Medical Group Nevada-Pavilion; Dignity Health Medical Group Nevada - Dream Fund Clinic; Dignity Health Medical Group Nevada - Henderson Clinic; Dignity Health Urgent Care; ST. ROSE DOMINICAN HOSPITAL ROSE DE LIMA CAMPUS; St. Rose Dominican Hospital Siena Campus
"Dignity Health Medical Group Nevada, LLC",2018308138; 2023323444,"Dignity Health Medical Group Nevada, LLC; Dignity Health Cardiovascular & Thoracic Surgery-Siena"
"Dignity Select Nevada, LLC",2021316133; 2021316132; 2019311377; 2022319893; 2022319894; 2019311645; 2019311646; 2019311647; 2019311648; 2019311375; 2019310358; 2026335852,Select Physical Therapy; Dignity Health Physical Therapy; Dignity Health Rehabilitation Hospital
Dignus Mirus Medical Consulting PLLC,2024331258,Dignus Mirus PLLC
Dillon J Martin,2021315961,Dillon J Martin
Dinkers LLC,2026334582; 2026334583,Dinkers
Dinnah Angel Moses,2026335839,Angel of Defense
Dionicio Zapata Cea,2015300062,Dioni's Landscaping
Direct Supply Finance Consulting LLC,2025331913,Direct Supply Finance Consulting LLC
Dirt Fix LLC,2024329984,Dirt Fix LLC
Discount Crane Services LLC,2025332291,American Crane
"Discount Nutrition, LLC",2023321931,Vegas Discount Nutrition
"Discount Tire Company of Nevada, Inc.",2010302789; 2020313848; 1995036134; 1996040757; 2008304423,Discount Tire
Discount Truckmounts L.L.C.,2014302368,Cleaning Depot
"Discovery Legal Services, LLC",2017300046,"Discovery Legal Services, LLC"
"Distributor Operations, Inc",2025332745,IBS Las Vegas
"District Apartment Land, LLC",2015303776,Elysian at The District
"Diverse Colors, Inc.",2017300060,"Diverse Colors, Inc."
Diversified Consulting Services,2021317381,Diversified Consulting Services
Diversified Protection Corporation,2023322329,Diversified Protection Corporation
Divine Love and Light LLC,2024329601,Divine Love and Light LLC
Divine Pool Solutions LLC,2023329201,Divine Pool Solutions LLC
Divine Soul Mental Health Pierre-Louis PLLC,2024330435,Divine Soul Mental Health Services
"DivorceWell Legal, PLLC",2026334945,Carmen Marisol Family Law
Dixie Bend Corporation,2021317400,Dixie Bend Corporation
Doctor Vegas PLLC,2024331482,Doctor Vegas PLLC
"Document Recording and Retrieval Services, LLC",2008302286,"Document Recording and Retrieval Services, LLC"
"Dodge A Slagle, D.O., Ltd.",2005305557,"Dodge A Slagle, D.O., Ltd."
"Dog Diggin Designs, LLC",2024330407,Dog Diggin Designs
Dog Grooming Skills Academy LLC,2024331622,Dog Grooming Skills Academy
DogUp LLC,2021318294,DogUp LLC
Doggie Detailing LLC,2023322549,Doggie Detailing
"Dogos El Viejon, LLC",2026335760,"Dogos El Viejon, LLC"
"Dolgen Midwest, LLC",2023323516,Dollar General #25980
"Dollar Loan Center, LLC",2015303087; 2015303088; 2015303067; 2025332365,Dollar Loan Center
"Dollar Self Storage #20, LLC",2021317441; 2021317442,"Dollar Self Storage #20, LLC"
"Dollar Self Storage #8, L.L.C.",2017304411; 2007301560,"Dollar Self Storage #8, L.L.C."
"Dollar Tree Stores, Inc.",2016302523; 2005304352; 2001001567; 2003303427; 2013302857; 2024329958; 2024330745,"Dollar Tree #7010; Dollar Tree Store #2874; Dollar Tree Stores #1734; Dollar Tree Stores; Dollar Tree #5304; Dollar Tree Stores, Inc.; Dollar Tree #10385"
"Domain Property Owner, LLC",2020314509,DOMAIN
Domenico Ardito,2020314169,Ohh Snap Photo Booths by Bell and Mel
"Domestic Violence Bail Bonds, Inc",2022319732,"Domestic Violence Bail Bonds, Inc"
Domiano-Sader Therapy LLC,2010302425,Las Vegas Couple and Family Clinic
"Dominion Environmental Consultants NV, Inc.",2014300832,"Dominion Environmental Consultants NV, Inc."
Domino's Pizza LLC,1800039220; 2002302289; 2015303810; 2007300597; 2022320913; 2023322919; 2024331293,Domino's Pizza #7454/L.A. Region; Domino's Pizza LLC #7466; Domino's; Domino's Pizza; Domino's Pizza 7462; Domino's Pizza #9029; Domino's Pizza #7409
Don Tortaco Corp,2021317847,Don Tortaco Mexican Grill #4
"Don't Pass Don't Pay, Inc.",2001002658; 1999047367; 2022319777; 1998038365; 2025332795; 2026334560,Smog Busters
Donald A Wong Jr. Holdings Inc.,2017300599,Avanti Realty Group
Donald Lee Cunningham,2025332711,"Cunningham, Donald Lee"
"Donan Engineering, LLC",2022321225,"Donan Engineering, LLC"
Done Right Auto Repair 1 LLC,2026336039,Done Right Auto Repair 1 LLC
"Donna Curry Investments, LLC",2008304036; 2008304071; 2008304035; 2023321734,Subway #28914; Subway #4854; Subway #28725; Subway #27530
"Donnelly and Milner, PLLC",2017306518,"Donnelly and Milner, PLLC"
Donnie Castleman LLC,2022320308,Donnie Castleman LLC
Donorbasis LLC,2013303556,DONORBASIS LLC
Donut Dispensary LLC,2024331463,Donut Dispensary
Donut Haus NV LLC,2024331833,Daddy Donut
"Donuts of Las Vegas, LLC",2002300782,Subway
"DoorDash, Inc.",2024331391,"DoorDash, Inc."
Dooty Duty LLC,2026335728,Dooty Duty LLC
Doppio Express LLC,2022319830,Doppio Express
"Dorn, Inc.",2006300061,Dorn Insurance Services
"Doroshow Insurance, Inc.",2010303063,"Doroshow Insurance, Inc."
"Douglas C Stoker, D.D.S., LTD",2005305505,Stoker Family Dental
Douglas K Chapman,2012309777,Chapman's Complete Home Services
"Douglas P. Sanchez, DMD, PC.",2016300200,Infinity Dental
Douglas Parker,2023329114,DOuGTrainer
"Douglas Ross, M.D., PC",2016300301; 2016300646,Ross Medical Group
Down4Dirt LLP,2024331117,Down4Dirt
Downstairs Loft Creative LLC,2014301437,Downstairs Loft Creative LLC
Downtown Tattoo Henderson LLC,2021318196,Downtown Tattoo
Downtown Vintage Barbershop LLC,2025333189; 2025333190,Downtown Vintage Barbershop
"Doyle & Rastegar-lari, PLLC",2023323378; 2023323379,Vivid Vision Care
Doyle Law Group LLC,2025333840,Doyle Law Group LLC
Dr Glow Up (Fortunato) PLLC,2024331395; 2024331399,Skin and Tonic
"Dr Martinez OD, PLLC",2021317139; 2021317140,St. Rose Eye Care
Dr Susan Vincent LLC,2016301421,Dr Susan Vincent LLC
"Dr. Colin Campbell, DDS, Inc",2010302220,St Rose Family & Cosmetic Dentistry
"Dr. Devin J. Luzod Inc., A Professional Corporation",2012310742,Gentle Pain Care Centers
"Dr. Kim Anh Nguyen, LLC",2021317152,Dr. Kim Anh Nguyen
"Dr. Mullin's Psychological Solutions for Nevada, PLLC",2026335167,Psychological Solutions for Nevada
"Dr. Nancy Sylvanie, Inc.",2007304788; 2007304784,"Dr. Nancy Sylvanie, Inc."
"Dr. Peter Tran, D.O., L.C.",2006302466,"Dr. Peter Tran, D.O., L.C."
"Dr. Robert P. Menard, A Professional Corporation",2006300290,Horizon Neck & Back
"Dr. Thomas Ha, Prof. Corp",2012309416,IMAGE EYE CARE
DrAtomic’s Fusion Emporium LLC,2024330766; 2024330767,DrAtomic’s Fusion Emporium
Dragon Bite LLC,2023329245,China Bite
Dragonfly Designs LV LLC,2016301738,DRAGONFLY DESIGNS LV LLC
Dragons Delight LLC,2024330108,Dragons Delight LLC
Dream Repairs LLC,2024330099,Dream Repairs
Dream and Legacy LLC,2025332060,Dream and Legacy LLC
Dreaming Out Loud LLC,2022318695,Dreaming Out Loud LLC
"Dreger Holdings, LLC",2021317095,"Dreger Holdings, LLC"
Drew Home Inspections llc,2020314124,Drew Home Inspections llc
Drexel LLC,2025332198; 2025332199,Giuseppe's by the Lake
"Driggs Title Agency, Inc.",2013300934,"Driggs Title Agency, Inc."
Drill & Hang LLC,2025333134,Drill & Hang LLC
"DriveSafe Online by NexLearn, LLC",2024330826,DriveSafe Online
Drone Video Photography LLC,2023322114,Drone Video and Photography LLC
Droneheadz LLC,2020314010,Droneheadz
"Drug Crimes Bail Bonds, Inc",2022319724,"Drug Crimes Bail Bonds, Inc"
Duane Zook,2017304341,Duane Zook
Dubreuil Culinary Consulting LLC,2025334398,Dubreuil Culinary Consulting
Duct Pros Air Care LLC,2026336307,Duct Pros Air Care LLC
"Duke Forage Anson Neurosurgical, LLP",2012309425,The Spine and Brain Institute
Dulce Enterprises LLC,2026334820,Smog Vets II
"Dung Bui & Joanne Nguyen, DMD, A Professional Corporation",2025331911; 2025333609,Dedicated Dental
"Dungarvin Nevada, LLC",2014300396,"Dungarvin Nevada, LLC"
Dunn-Edwards Corporation,2006303107,Dunn Edwards Paint
Dupree-O'Brien Law LLC,2023322930,Dupree-O'Brien Law LLC
Durango Taco Shop #6 LLC,2022318559,Durango Taco Shop #6
Dusica Dordevic,2020315071,"Dordevic, Dusica"
Dust - Solve LLC,2019310788,Dust - Solve LLC
Dust Busters Cleaning Services LLC,2025333204,Dust Busters Cleaning Services LLC
Dust Monitors of Nevada LLC,2022321263,Dust Monitors of Nevada LLC
"Dutch Bros, LLC",2022318974; 2021315589,Dutch Bros. Coffee
"Dutch Bros., LLC",2025333866,Dutch Bros Coffee
Dwayne Carlton Melvon,2018308984,Big Mama's Wings and Things
Dwyer Engineering Corporation,2005305312,Dwyer Engineering Corporation
Dylan Leach,2020314100,"Leach, Dylan"
"DynaLink Communications, Inc.",2024331511,"DynaLink Communications, Inc."
"Dynamark Monitoring, Inc.",2025332496,"Dynamark Monitoring, Inc."
"Dynamic Cleaning, LLC",2007301105,"Dynamic Cleaning, LLC"
"Dynamic Spine & Sport Rehabilitation, LLC",2012310130,"DYNAMIC SPINE & SPORT REHABILITATION, LLC"
Dynamic Stem Cell Therapy L.L.C.,2017300621,Dynamic Stem Cell Therapy L.L.C.
E & G Professional Tax Services LLC,2015302190,Premier Bookkeeping Services
E Marquez Wholesale LLC,2024330112,E Marquez Wholesale LLC
"E Mortgage Capital, Inc.",2022320673,"E Mortgage Capital, Inc."
E Plant Dental PLLC,2025331925,E Plant Dental
"E&H Distributing, LLC",2015303104,"E&H Distributing, LLC"
E&J Dental Partners PLLC,2026334695,Redesign Dental
E&M Pool Services LLC,2025334442,E&M Pool Services LLC
"E-Bail, L.L.C.",2010302902,E-Bail
"E. G. Radig, Inc.",2006300654,"E. G. Radig, Inc."
"E.B.G., LLC",2022318878,Envelove Beyond Gifts
"E.J. Vivi Holdings, LLC",2022318904,"Navvee, LLC"
"E.V. Santiago, DDS, PLLC",2025334047,Pecos Dental
"E2 Property Solutions, LLC",2022320496,"E2 Property Solutions, LLC"
"E3BALANCE NEVADA, LLC",2008302138,"E3BALANCE NEVADA, LLC"
EA Pools LLC,2026336191,EA Pools LLC
"EAGLE EYE HOME INSPECTIONS, LLC",2020313638,EAGLE EYE HOME INSPECTIONS LLC
EAGLE FIRE SUPPLY LLC,2022320377,Eagle Fire Supply LLC
"EARTHLINK, LLC",2021317094,"EARTHLINK, LLC"
EAST COAST CAPITAL CORP.,2020314226,ECAP HOME LOANS
EASTER SEALS NEVADA,2019311495,EASTER SEALS NEVADA
"EATEGGS, LLC",2008304548,The Cracked Egg
"EBS Nevada, PLLC",2022320714,Elite Body Sculpture Las Vegas
EBV Enterprises Inc,2024331572; 2024331718,Joe's NY Pizza
EC Auto Sale LLC,2022318925,EC Auto Sales
ECL Water Street LLC,2023323192; 2023323194; 2023323195; 2023323197,Rainbow Club Casino; Emerald Island Casino
"ECLECTIC SERVICES, INC.",2005302972,BOBS BAIL BONDS OF LAS VEGAS
"ECOCENTRIC, LLC",2016302928,"ECOCENTRIC, LLC"
"ECOS, INC.",2006304116,"ECOS, INC."
"ED DEANDRADE, DDS. LTD.",2007302204,Anthem Periodontics
"EDELBLUTE, STEPHEN",1800039820,DAVALEX MICROSYSTEMS
"EDF RESOURCE CAPITAL, INC.",2008301176,RESOURCE CAPITAL
EDGE DESIGN CONCEPTS LLC,2023321645,"Edge Design Concepts, LLC"
EDHER RUBEN RAMIREZ YANEZ,2018309261,THE KEY GUY LOCKSMITH
EDT Realty LLC of Nevada,2023322694,Urealty
EDUARDO ESQUINCA,2022320324,"Esquinca, Eduardo"
EDUARDO HERNANDEZ,2017305873,Rivas Mexican Grill #4
"EDWARDS, PAVLINA",2013301509,PE&CE Photography
"EH Home Health of the West, LLC",2018308536,Enhabit Home Health
"EICKIRLAN, INC.",2015300346,STEP BY STEP DANCE STUDIO
"EIG Services, Inc.",2014302465,"EIG Services, Inc."
"EIGHTEEN MANAGEMENT SERVICES, LLC",2010302687,VALLE VERDE HAND CAR WASH
"EJA Design Studios, LLC",2021317022,"EJA Design Studios, LLC"
ELEMENTS SALON INC,2017300107; 2017300108,Elements
ELENA JOHNSON,2019312405,"JOHNSON, ELENA"
ELITE AUTOMOTIVE L.L.C.,2011302909,"ELITE AUTOMOTIVE, LLC"
"ELITE CLEANING, LLC",2016300990,"ELITE CLEANING, LLC"
ELITE DETAILING LLC,2016302283,ELITE DETAILING
ELITE MOBILE RV SERVICE & REPAIR LLC,2022319153,ELITE MOBILE RV SERVICE & REPAIR LLC
ELLENA CO.,2007301059; 2007301058,BRASH & SASSY
ELLIOTT'S SEWER & DRAINS,2005305726,ELLIOTT'S SEWER & DRAINS
EM Builders LLC,2026335252,EM Builders LLC
EM Enterprise LLC,2026335129,EM Enterprise LLC
"EM LAWN SERVICE, LLC.",2012309712,"EM Lawn Service, LLC"
"EMA, Inc.",2016300647,"EMA, Inc."
EMC Innovations LLC,2023322501; 2023322502,The Wig Cottage
EMELV LLC.,2015300223,EmbroidMe
EMERGENCY RESTORATION EXPERTS LLC,2015303439,EMERGENCY RESTORATION EXPERTS LLC
EMILY JACKSON,2019310996,"Jackson, Emily"
"EMPIRE STRUCTURAL, INC.",2017306573,"Empire Structural, Inc."
EMSLV LLC,2026334587,The Resistance Training and Wellness
EMWaves Corp.,2009303238,EMWaves Corp.
EN GEDI OUTREACH,2012300455,EN GEDI OUTREACH
ENCE ORTHODONTICS INC.,2019311404,ENCE ORTHODONTICS
"ENG Purchaser, Inc",2025333072,MEPCAD
ENTEGRA GENERAL,2022321138,Entegra General Insurance Services
ENTERTAINMENT DEVELOPMENT CORPORATION OF LAS VEGAS,2001301458,CINEVEGAS INTERNATIONAL FILM FESTIVAL
"ENVIROSECT MARKETING, INC.",2012301168,"ENVIROSECT MARKETING, INC."
ENVISION SALES LLC,2019311528,ENVISION SALES LLC
EPILEPSY FOUNDATION OF AMERICA,2015300824,EPILEPSY FOUNDATION OF NEVADA
"EQUAL HOUSING OPPORTUINY, INC.",2012310523,"EQUAL HOUSING OPPORTUINY, INC."
"EQUESTRIAN APARTMENTS, LLC",2017304909,The Equestrian by Picerne
"EQUIPMENT REPAIR SERVICES OF NEVADA, LLC",2009303295,"Equipment Repair Services of Nevada, LLC"
"ERE Commercial, LLC",2025332736,"ERE Commercial, LLC"
"ERIC DOBBERSTEIN, PLLC",2017306307,Dobberstein Law Group
ERICK E. DE LEON MORALES,2020314585,2KG DESIGN
"ERICSSON, ROLAND S",2008301114,"ROLAND S ERICSSON, ATTORNEY AT LAW"
ES Elite LLC,2021317393,Z Smokes & Vapes
ESC Strategy Group LLC,2024331693,ESC Strategy Group LLC
"ESN Swim School, LLC",2021316684,All Star Swim Academy
"ESPOSITO, BARRY",2009301326,INTERIOR TOUCHUP
ESSENTIAL POOL SERVICE LLC,2015300622,ESSENTIAL POOL SERVICE
ESTEBAN'S CORPORATION,2013301828,The Shop Towing
"ESTECH SYSTEMS, INC.",2016302692,"ESTECH SYSTEMS, INC."
ESTEL PURA TARWATER & HOWARD DAN TARWATER,2006300088,T-INSURANCE SERVICES
"ESTHER H. TAN O.D. AND ASSOCIATES, L.L.C.",2008301172,ESTHER H. TAN O.D.
ET Moments LLC,2026335619,ET Moments LLC
ETCS Enterprises LLC,2025332479,CJ's Italian Ice & Custard
"EUGENE RAMOS INSURANCE AGENCY, INC.",2011302908,State Farm Insurance
EV Mobile Las Vegas LLC,2025334467,EV Mobile Charging Las Vegas
"EVELYN ASHLEY GRIMES, LLC",2014302799,DIVERSIFIED FIRST REALTY
"EVERSAUL, GEORGE",2015303361,"EVERSAUL, GEORGE"
EVERY KID COUNTS INC.,2020313567,EVERY KID COUNTS INC.
EVOLGEAR Inc.,2024331843,EVOLGEAR Inc.
EVOLVE PROSTHETICS AND ORTHOTICS,2002300971,EVOLVE PROSTHETICS & ORTHOTICS
EVOQUA WATER TECHNOLOGIES LLC,2019309990,EVOQUA WATER TECHNOLOGIES LLC
EWEST Restoration LLC,2023322523,EWEST Restoration LLC
EXCEL EDUCATION INC.,2015302473,EXCEL ACADEMY
EXCLUSIVE BEAUTY LLC,2019311418; 2019311419,EXCLUSIVE BEAUTY
EXO Environmental LLC,2025333488,EXO Environmental
EXP REALTY LLC,2018308574,EXP Realty LLC
EYE CANDY LLC,2019310225,Eye Candy Salon Suites
"EYE ENVY, LLC",2021316105,"EYE ENVY, LLC"
EYEGUY LLC,2007304617,J CRIMI EYEWEAR BOUTIQUE
EZ Scoopers LLC,2019310224,EZ Scoopers LLC
"EZPAWN Nevada, Inc.",2008304189; 2008304149; 2008304153; 2008304151; 2008304155,EZPAWN
Eagle Traffic and Safety LLC,2025332940,Eagle Traffic and Safety LLC
"Eagles, F.O. Basic Aerie 2672",1970000023,"EAGLES, F.O. BASIC AERIE 2672"
"Ear Nose & Throat Consultants of Nevada, L.L.P.",2012309638,Ear Nose & Throat Consultants of Nevada
Earl Therapy PLLC,2023321917,Starline Therapy
Earley Esthetics LLC,2022318577,Earley Esthetics
Earnest Physical Therapy LLC,2022320072,Earnest Physical Therapy
East Coast Collision L.L.C.,2018309139,East Coast Collision L.L.C.
East Highland LLC,2015302660; 2015302659,Burger King #12775; Burger King #10206
East Park Research,2018307372,East Park Research
Eastern Point Trust Company LLC,2026334721,Eastern Point Trust Company LLC
Eastern Seafood LLC,2023322383; 2023322384,Cajun Crack'N
Eastgate FHS LLC,2012309767,Firehouse Subs #795
Eastpro Multiservice LLC,2026335024,Eastpro Multiservice LLC
"Ebony Bail Bonds, Inc",2022319723,"Ebony Bail Bonds, Inc"
Eccles & Taruc Law PLLC,2025332110,Eccles & Taruc Law PLLC
Echo & Rig Green Valley LLC,2022321064,Echo & Rig Steakhouse
"EchoPark NV, LLC",2020315039,EchoPark
EcoWeed Disposal Solutions LLC,2025332047,EcoWeed Disposal Solutions LLC
Ecolab Inc.,2019310525,Ecolab Inc.
"Economy Towing, LLC",2026334939,Economy Towing
Ed Pailes,2005306606,Ed Pailes
Ed Wannebo Production Management,1997040326,PRODUCTION SOLUTIONS INTERNATIONAL
Edbert Stagen,2024331206,Edbert Stagen
"Eden Cafe and Lounge, LLC",2023329275; 2023329276,The Hookah Lounge
Eden Medspa and Wellness LLC,2025333820; 2025333821; 2025333822,Eden Medspa and Wellness
Edmiston C Alice,2011301797,MY MERRY LEGS
"Edward D. Jones & Co., L.P.",2017305581; 2005305236; 2005305237; 2007301959; 2005305238; 2024330687,Edward Jones; Edward Jones & Co.; Edward D. Jones & Co Limited Partnership; Edward Jones Investments
Edward J Hanigan,2006302687,"Hanigan, Edward J"
Edward Weiss,2019311282,BILO WOOD INDUSTRIES
Edwards MD PC,2024330905,West Henderson Emergency Physicians
Egan MT Psychiatry LLC,2026335731,Egan MT Psychiatry LLC
Egg Works 4 L.L.C.,2013301667; 2013301666,Egg Works
Einstein and Noah Corp.,2003300092; 2007303293; 2026334601,Einstein Bros Bagels #1214; Einstein Bros Bagels #3458; Einstein Bros Bagels #3988
"Eisen Consulting Group, LLC",2020313045,"Eisen Consulting Group, LLC"
"Eithan, LLC",2010302967,Fiesta Filipina Cuisine
"Ek Bharat, LLC",2024330245; 2024330246,7-Eleven Store #22272E
"Ekom, Inc",2025334369; 2025334370; 2025334371,7-Eleven Store #42916A
"El Pollo Loco, Inc.",2008301627; 2005302394; 2009300012,El Pollo Loco #6042; EL Pollo Loco #6007; El Pollo Loco #6066
El Queso Guero LLC,2022318603; 2022320346; 2022320347; 2022320348; 2024331654,The Food Factory LV; Sincity Pizza; Slidin Thru; Sincity Wings; El Queso Guero
El Torito Cafe Inc.,1800039850; 2002304338,El Torito Cafe Inc.
"El-Salibi Infectious Diseases of Southern Nevada, A Professional LLC",2011302865,Infectious Diseases of Southern Nevada
Elan Beaute & Supplies Inc,2025332057,Elan Beaute & Supplies Inc
Elana Rubin,2025333352,Calibohovibes
Elaphos Environmental LLC,2021316043,Elaphos Environmental LLC
"Eldorado, Inc.",1993016064; 2013302802; 2003300550,Cadence Crossing Casino
Eleanor A. Marks Prior,2025332499,Wet Ink Doc Prep
Eleazar Viray Santiago,2021317251,Coronado Canyon Dentistree
Elegance Hair Care & Beauty Supply L.L.C.,2018308468; 2018308469,Elegance Hair Care & Beauty Supply
"Elegant Properties, LLC",2016301748,"Elegant Properties, LLC"
"Element 79, LLC",2026336021,Prudential Metals
Elemental Pool Service LLC,2026336071,Elemental Pool Service LLC
Elena Aleksandrovna Lopez,2023329186,"Lopez, Elena Aleksandrovna"
"Elena Langdon, MD., PLLC",2009303848,"ELENA LANGDON, M.D., PLLC"
Elena Louise Risto,2013301492,Laini Risto Sings
Elev8 Auto Styling LLC,2026335921,Elev8 Auto Styling LLC
Elevate Medical Group (Edwards) PLLC,2025333080,Elevate Medical Group
Elevate Restore LLC,2022320847,Elevate Restore LLC
Elevation Physical Therapy LLC,2024330732; 2025332284,Elevation Physical Therapy
Elever LLC,2025331964,Elever LLC
Eliana Home Healthcare Agency LLC,2024331752,Eliana Home Healthcare Agency LLC
Eliana Patient Attendant Services Agency LLC,2024331751,Eliana Patient Attendant Services Agency LLC
Eliany Reyes,2024330210,Verde Counseling
Elisabet Monteros Segura,2021316229,Just Pro Solutions
Elisabeth Ayala,2026336027,Estetica Dental
Elite Auto Sales L.L.C.,2017304262,Elite Auto Sales L.L.C.
Elite Cleaning Group Inc,2016301483,Elite Cleaning Group Inc
Elite Consulting LLC,2023323266,Elite Consulting LLC
Elite Image One LLC,2024330761; 2024330762,Elite Image One
Elite Marketing LLC,2023323306,Elite Focus Group
"Elite Media, Inc",2003305317,"Elite Media, Inc"
Elite Power Holdings LLC,2022319131,Elite Power Holdings LLC
Elite Touch Cleaning Services LLC,2025333824,Elite Touch Cleaning Services LLC
Elite at Wildhorse Golf Club L.L.C.,2017300403; 2019311293,Elite at Wildhorse Golf Club L.L.C.
Elizabeth Deveau,2014303438,Red Yucca Designs
Elizabeth S. Ashley,2019312961,Ashley Law
Elizabeth Urias,2022318794; 2023322172; 2024330436,3UUU Events
Ellianse LLC,2022320108,Ellianse LLC
"Elliott Auto Supply Co., Inc.",2013303087,Factory Motor Parts
"Ellis, Bandt, Birkin, Kollins, & Wong, Prof. Corp.",2005306709,Desert Radiologists
"Ellsworth Dental, LP",2023323014,"Ellsworth Dental, LP"
"Elmer S. David M.D., PLLC",2019310233,A Las Vegas Medical Group
"Elmer, Danny K",2005304465,ALLTRADES 2
Elocution LLC,2021317893,Elocution LLC
Eloy Perez-Flores,2019310266,Indeed Solutions Pools and Spa Care
"Elves Family Investments NV, LLC",1800039452,Midway Trailer Park
"Em Johnson, M.D., PLLC",2024331136,LV Precision Surgery
Em-Orn Nathaemploy,2020314420,Em-Orn Nathaemploy
"Emanuel Industries, Inc.",2021315674; 2005305883; 2024329758,Postnet; PostNet
Embellish Fudge & Gifts LLC,2024329459,Embellish Fudge & Gifts
Emediate Infusion Center Professional LLC,2026335069,Emediate Infusion Center
"Emerald Anam Cara, LLC",2025333293,Decor Amor Home Store
"Emerging Vision, Inc.",2025333618,"Emerging Vision, Inc."
Emerson Law Group,2016300312,Emerson Law Group
"Emile's Sporting Goods, Inc",1996039722,Gene's Marine
Emilio's Pizza & Bistro Inc,2021317785; 2021317786,Trattoria Rustica
Emily Katherine Couture,2022321069,Couture Publishing
Emily Wydeven,2012306971,Edited By Emily
Empanada Factory LLC,2023321998,Empanada Factory
Empanadas_702 LLC,2023322234,Empanadas 702
"Empire Home Tours, LLC",2013303689,Empire Home Tours
"Empire Southwest, LLC",2024330370,Empire
Empire Stock Transfer Inc.,2007300985,Empire Stock Transfer Inc.
Empower 2 Excellence LLC,2024329794,Kumon - Henderson Inspirada
Empower Athletic Care LLC,2025333041; 2025333042,Empower Athletic Care
Empower Wellness Institute of Nevada LLC,2025333157,Empower Wellness Institute of Nevada LLC
"EmpowerCare, Inc",2025332779,Home Helpers Homecare of Henderson
"Empress Design, Inc.",2010303343,"Empress Design, Inc."
Empyreal Logistics LLC,2023329106,Empyreal Logistics LLC
En Fuego Henderson LLC,2015303383,En Fuego Cigars
"Enchanted Forest Reiki Center, Spiritual Items 'N More L.L.C.",2023329137,Enchanted Landings
Enchanted Pixel LLC,2023321287,Enchanted Pixel LLC
Enclave Armory llp,2022321265,Enclave Armory llp
"Encompass Health Rehabilitation Hospital of Henderson, LLC",2001301303,"Encompass Health Rehabilitation Hospital of Henderson, LLC"
"Encompass Lending Group, LP",2022320873,"Encompass Lending Group, LP"
Encore Group (USA) LLC,2026336124,Encore Group (USA) LLC
"Encore Management Services, LLC",2023321943,"Encore Management Services, LLC"
Encore Real Estate Services Inc,2023322417,Home Smart Encore
"Endeavour, LLC",2021317330,"Endeavour, LLC"
"Enders, Inc.",2020315206,Hounds Town Henderson
Endless Commercial Cleaning and Maintenance LLC,2022318913,Endless Commercial Cleaning and Maintenance
"Endorf Ins And Fin Svcs, Inc.",2013302303,Carl Endorf State Farm Insurance
Energy Project Solutions LLC,2026335753,Energy Project Solutions LLC
"Enerspect Medical Solutions, LLC",2011300404,"Enerspect Medical Solutions, LLC"
Eng Physiatry PLLC,2025333068,Eng Physiatry PLLC
"Engaging Faith Nevada, Inc.",2021317528,"ENGAGING FAITH NEVADA, INC."
"Engineering Economics, Inc.",2018308067,"Engineering Economics, Inc."
"Engle, Christopher",2017304526,CE Brazilian Jiu Jitsu
"Enlightened Passage, LLC",2023323389,"Enlightened Passage, LLC"
Enrich Acupuncture LLC,2023322710,Enrich Acupuncture LLC
Enrique Montanez-Gutierrez,2016301891,Alcom Handyman
"Entech Oil, Inc.",2024331716,"Entech Oil, Inc."
"Entellus, Inc",2025333242,"Entellus, Inc"
"Enterprise Leasing Company-West, LLC",1997039120; 2002305020; 2017304847; 2021316525; 2017304264,Enterprise Rent-A-Car; Enterprise Truck Rental; Enterprise Car Sales
Entity Protect Registered Agent Services LLC,2025332330,Entity Protect Registered Agent Services LLC
"Environmental Dynamics Group, Inc",2021316345,"Environmental Dynamics Group, Inc"
Environmental Reclaiming Services LLC,2024329519,Environmental Reclaiming Services LLC
Envoce Digital LLC,2025334520,CJ Liquidators
Epic Deed Service Corp,2023322071,Epic Deed Service Corp
"Epic Horizon, LLC",2023322601; 2024330928; 2024330929,Epic Storage
"Epic IT Group, LLC",2020314090,"EPIC IT GROUP, LLC"
Epic Innovations,2000055996,EPIC INNOVATIONS
Epic Nails LLC,2020313601,EPIC NAILS
"Epic Real Estate & Management, Inc.",2024331170,"Epic Real Estate & Management, Inc."
Epic Rescue Solutions LLC,2026334865,Epic Rescue Solutions LLC
"Epiphany Dermatology of Nevada -Hatch, PLLC",2024330431,"Epiphany Dermatology of Nevada -Hatch, PLLC"
Equality Project,2020314492,Henderson Equality Center
"Equity Title, LLC.",2020314952; 2015301683; 2004305659,Equity Title of Nevada
Erb's Vegan Kitchen LLC,2025333289,VeggiEat
"Eric Hui, DMD, P.C.",2023322094,Affordable Dentures & Implants - Henderson
"Eric Johnson CPA, LLC",2020313668,ERIC JOHNSON CPA
Eric Keoki Donner,2026334931,KD Farms
Eric Paton,2024329881,Bighorn Party Rentals
"Eric T. Matsuda, Chiropractic, Inc.",2026335913,"Eric T. Matsuda, Chiropractic, Inc."
Erika Duggan O.D. PC,2011301926; 2011301925,Envision Eyecare
Erika Haggerty LCSW LLC,2023322969,Erika Haggerty LCSW LLC
Erika Spiker,2024331355,Erika Spiker LMT
Erika's Kitchen Spices LLC,2023329377,Erika's Kitchen Spices LLC
Erikka Elizabeth Kendall,2022318402,Kendall Solutions
Erilene Charles & Destin Azor,2026335260,Erilene Charles & Destin Azor
Erin Maupin,2024331440,Erin the Dog Whisperer. And Cats Too
Ernest Brooks,2026335253,The Organic Hair Doc
Ernesto Sanchez,2019310257,"Sanchez, Ernesto"
Ernst & Young LLP,2005305867,Ernst & Young LLP
Ernst-Wilhelm Martens,2005304397,Ed'll Fix It
Erudite Candor LLC,2026334570,Erudite Candor Publishing
"Escape Bail Bonds, LLC",2007302739,Escape Bail Bonds
Escobar Cleaning Services LLC,2022320458,Escobar Cleaning Services
Espinos Investment LLC,2025333686,Espinos Investment
"Essence Henderson, LLC",2018308604,Rise
"Essence Tropicana, LLC",2024330184,RISE
"Essential Clinic, LLC",2024330641,"Essential Clinic, LLC"
Essential Partners LLC,2026335186,Essential Cleaning
"Essential Pest Control, LLC",2024331546,Essential Pest Control
Estela Guardado-Ortega,2013302778; 2017306446; 2017306445,Clavel Fashion; Stella Home Decor; Home to Home Pillows
"Ethel M. Chocolates, LLC",2016302418; 2018307414,ETHEL M CHOCOLATES; Ethel M Chocolates
"Ethnos Movement International, Inc.",2025332449,"Ethnos Movement International, Inc."
Ethos Inc,2025333124,Teriyaki Madness
Etiquette Dog Training LLC,2026335030,Etiquette Dog Training
"Etiquettesystems.com, Inc.",2011302981,"Etiquettesystems.com, Inc."
Euphoria Wellness LLC,2020314697,Euphoria Wellness LLC
Eureka Restaurant Group LLC,2025332203; 2025332204,Eureka! Henderson
EuroZone LLC,2022321113,EuroZone LLC
Eurpac Service Incorporated,2014303149,Muscle Foods USA
"Evan C. Allen, MD, PC",2007302291,Total Care Family Practice
"Event Consultants, LLC",2015300699,"Event Consultants, LLC"
Event Logistic Services LLC,2026334698,Event Logistic Services LLC
Event Production Industry Xperts LLC,2022321238,EPIX
EverGlow Studios LLC,2023329108,EverGlo Studios
Evergreen Gaming Inc.,2015302670; 2015302668,Dylan's Grill and Pub
Evergreen Therapy Services LLC,2024330476,Evergreen Therapy Services
"Everon, LLC",2023323184; 2023323185; 2023323186,"Everon, LLC"
Everpoint Distribution LLC,2026334722,Everpoint Distribution LLC
"Everside Health, LLC.",2022318756,Union Family Health Center Henderson
"Every Orbit, LLC",2021316847; 2021316848,EVERY ORBIT
Everyday Henderson LLC,2024331174,Tous Les Jour
Everything Done Wright LLC,2024330295,Hibachi Done Wright
Everything Tobacco LLC,2020315375; 2018308677,Everything Tobacco LLC
Evolv Advisors LLC,2025331909,Evolv Advisors LLC
"Evolve Technology Group, LLC",2024331371,"Evolve Technology Group, LLC"
"Evolve Vacation Rental Network, Inc.",2025333267,"Evolve Vacation Rental Network, Inc."
Evolved Worldwide LLC,2018308743,Evolved Worldwide LLC
Evolving Business LLC,2026335965,DartCart
"Ewing Bros., Inc.",2002302754; 2015302768; 2000055899,"Walker Towing; Ewing Bros., Inc."
Exapulse L.L.C,2012310466,EXAPULSE L.L.C.
Exceed Photography Inc,2024329595,Exceed Photography Inc
Excelencia Cleaning LLC,2025331989,Excelencia Cleaning LLC
Excellence Home Care LLC,2025332989,Excellence Home Care LLC
Excellence Restoration LLC,2025332537,Excellence Restoration LLC
Excellent Auto Care & Sales LLC,2023322272,Excellent Auto Care
Excellent Network LLC,2025334423,Excellent Network LLC
"Exclusive Auto Interiors, LLC",2026334646,"Exclusive Auto Interiors, LLC"
Exclusive Chefs Inc.,2023321712,Exclusive Chefs
Exclusive Creative Events Design LLP,2022320180,Exclusive Creative Events Design LLP
Exclusive Transportation L.L.C,2010301351,ANDIAMO TRANSPORTATION
"Execuclean Janitorial Services, Inc.",2005305026,"Execuclean Janitorial Services, Inc."
"Executive Fitness, Inc.",2008302101,Timothy B. Soder Physical Therapy
"Executive Option, LLC",2022320295,"Executive Option, LLC"
"Exhibit-A, LLC.",2009300528,Crashteams Las Vegas
Exilon Solutions LLC,2012300353,Exilon Solutions LLC
Exotica Skin Care L.L.C,2015301925; 2023323297,EXOTICA SKIN CARE; Exotica Skin Care L.L.C.
"Expedite Biohazard Cleaners, Inc.",2012310089,Expedite Biohazard Cleaners
"Experia Creative, LLC",2026334558,Experia Creative
"Express Smog, Inc.",2013300409,Express Smog
Exquisite Sounds Production LLC,2025334093,Exquisite Sounds Production LLC
"Extra Space Management, Inc.",2017304414; 2017304415; 2017304416; 2006305052; 2017304413; 2024329842; 2024331637; 2024331638; 2024331641; 2024331642; 2024331886; 2024331887; 2025332042; 2025332075; 2025332076; 2025332340; 2025332341; 2025334024; 2025334025; 2025334026; 2025334028; 2025334432; 2025334444,"Extra Space Storage; Extra Space Storage (#8537); Extra Space Storage #830; Extra Space Storage (#3817); Extra Space Storage (#3818); Extra Space Storage (#6728); Extra Space Storage (#2247); Extra Space Storage (#3484); Extra Space Storage (#3495); Extra Space Management, Inc"
Extreme Live Productions Inc,2019310182; 2019310181,InterACT Entertainment; Sure Wave Media
Extreme Loans LLC,2024330985,Extreme Loans LLC
Extreme Maintenance Solutions LLC,2023321978,Extreme Maintenance Solutions LLC
Eye Associates of Nevada - Wellish Professional Corporation,2018308432,Wellish Abrams Vision Institute
Eyes On Eastern LLC,2020315214; 2020315213,Eyes On Eastern LLC
Eyvonne Carter-Riley,2006303480,Talking Dogs Mobile Grooming
F E O ENTERPRISES INC,2005304561,Pool Boys
F J M Corporation,2005305843,ERA Brokers Consolidated
F&B Candle LLC,2026335457,F&B Candle LLC
F.C. LANDSCAPING INC.,2013303156,F.C. LANDSCAPING INC.
"F45 VEGAS, LLC",2017305674,F45 Training Henderson
FA Transportation PC,2025331953,FA Transportation PC
"FABIAN & CLENDENIN, A PROFESSIONAL CORPORATION",2025334243,Fabian VanCott
FAIR FIGHT,2011301971,"FAIR FIGHT, A"
FALCON BAND BOOSTERS,2011301007,FALCON BAND BOOSTERS
FALCON TREE SERVICE LLC,2023323103,Falcon Tree Service
"FALZONE, LAURIE & RICK",1991008811,SOUTHWEST STAINED GLASS
FAMILY FIRST SERVICES LLC,2017300551,FAMILY FIRST SERVICES
FAMILYFUNTENNIS,2016301967,FAMILYFUNTENNIS
FARMER BROS. CO.,2017300117,FARMER BROS. CO.
"FARRUKH IQBAL, M.D., LTD.",2006304584,"FARRUKH IQBAL, M.D., LTD."
"FASHION FISHER, LLC",2020315246,FASHION FISHER BOUTIQUE
"FATHERHOOD SUPPORT NETWORK, THE",2015300091,"FATHERHOOD SUPPORT NETWORK, THE"
FAUX & ASSOCIATES A PROFESSIONAL CORPORATION,2007302613,The Faux Law Group
"FB Stations, Inc.",2011302439,Fat Burger
FBF Ontario LLC,2017305032; 2023321632,Farmer Boys
"FC Juice Partners, LLC",2023322147; 2024331461,JAMBA JUICE; Jamba Juice
FCL LLC,2022320359,1st Choice Logistics
"FEDERAL LOAN MODIFICATIONS, INC.",2009301422,NEVADA LOAN MODIFICATIONS
"FEELINGS GIFT SHOP, INC.",2016302847,"FEELINGS GIFT SHOP, INC."
FEET FIRST GROUP L.L.C.,2016302896; 2016302897,Feet First
FEINBERG & SONS HOLDINGS LLC,2019310840,INTEGRITY MANAGEMENT GROUP
"FF Aesthetics, Prof. Corp.",2024331626,"FF Aesthetics, Prof. Corp."
FFM L.L.C. - DBA The Warren Group,2021317770,The Warren Group
"FG Pools, LLC",2024331115,"FG Pools, LLC"
"FGKG, LLC",2025334277,Brace Yourself
FHS LLC,2021315693,FHS LLC
"FIGHT FOUNDATION, INC",2014300266,"FIGHT FOUNDATION, INC"
"FIL-AM Landscape, LLC",2025332827,"FIL-AM Landscape, LLC"
"FINDLAY EASTGATE, LLC",2018309629; 2018309628,FINDLAY MAZDA
FINE ART PHOTOGRAPHY LTD,2021317863,FINE ART PHOTOGRAPHY LTD
FINNEGAN ERICKSON ASSOCIATES,2005305852,FEA CONSULTING ENGINEERS
"FIRE PRO, LLC",2015302921,FIRE PRO
FIRE PROTECTION SERVICE CORPORATION,2017304865,Fire Protection Services Corporation
FIREFIGHTERS FOR DISADVANTAGED KIDS,2008302001,FIREFIGHTERS FOR DISADVANTAGED KIDS
"FIRST CLASS APPRAISALS, INC.",2018309203,"FIRST CLASS APPRAISALS, INC."
FIRST CLASS REALTY & PROPERTY MANAGEMENT LLC,2019309745,FIRST CLASS REALTY & PROPERTY MANAGEMENT LLC
FIRST COMMUNICATIONS LLC,1997TC0850,FIRST COMMUNICATIONS LLC
FIRST SAVINGS BANK,2017306617,First Savings Bank
FIRST UNITED MANAGEMENT GROUP LLC,2016300219,FIRST UNITED MANAGEMENT GROUP LLC
FISHER REAL ESTATE AND PROPERTY MANAGEMENT,2019309692,FISHER REAL ESTATE AND PROPERTY MANAGEMENT
FIV Levy PLLC,2026334826,FIV Levy PLLC
"FIVE MEN AND A LAWNMOWER, INC.",2016300057,"FIVE MEN AND A LAWNMOWER, INC."
"FIVE9, INC.",2015303568,"FIVE9, INC."
FLAWLESS AGENDA LLC,2019310245,FLAWLESS AGENDA LLC
"FLF, LLC",2024329509,"FLF, LLC"
"FLM, LLC",2010300716; 2010300715,Findlay Lincoln Mercury; FINDLAY LINCOLN MERCURY
FLYING Z CONSULTANTS L.L.C.,2019311164,FLYING Z CONSULTANTS L.L.C.
"FMC Maintenance, LLC",2015302214,"FMC Maintenance, LLC"
FOAM WORXS LLC,2022320082,FOAM WORXS LLC
"FOC - Henderson, LLC",2024329725,Vineyard Henderson Memory Care
"FOOTHILLS MONTESSORI SCHOOL, INC",2002303495,FOOTHILLS MONTESSORI SCHOOL
"FORMAN AUTOMOTIVE, INC.",2016300345,UNITED NISSAN
"FORTRESS EYEWEAR, LLC",2019309827,"FORTRESS EYEWEAR, LLC"
"FORTUNET, INC.",2009304042,"FORTUNET, INC."
FOUR ANGELS LIMITED LIABILITY COMPANY,2019312035,Marcos Pizza
FOXX NJC GROUP INC,2011300145,FOXX NJC GROUP INC
FP International LLC,2023322089,Signora Pizza
FPP EDU Media LLC,2016303020,FPP EDU Media LLC
FRA LLC,2014302671; 2014302670,Rachel's Kitchen
FREAK'S TATTOO EMPORIUM LLC,2017305288,Freak's Tattoo Emporium
"FRED LOYA INSURANCE AGENCY, INC..",2019312681,LOYA INSURANCE COMPANY
FREEDOM ENHANCEMENT ACADEMY,2018309335,ACADEMIC ENRICHMENT ACADEMY
FREEDOMS PATH OF LAS VEGAS,2012310601,FREEDOMS PATH OF LAS VEGAS
FRENTIU ENTERPRISES LLC,2020313168,Advanced Aquatic Solutions
FRESH N CLEAN PROPERTY MAINTENANCE LLC,2011301032,FNC
"FREY, JOHN G",2008300173,THE DUCT MAN OF NEVADA
FRI VERITAS LLC,2018308605,VERITAS APARTMENTS
FRIENDLY APPRAISAL SERVICES LLC,2022319638,FRIENDLY APPRAISAL SERVICES LLC
"FRIENDS IN THE DESERT FOUNDATION, INC.",2014300341,"FRIENDS IN THE DESERT FOUNDATION, INC."
FRONT LINE INC.,2017304578,Front Line Inc.
FRSCO Corporation,2012301533; 2012301534; 2015302414; 2015302415,McDonald's
"FT Pub 12, LLC",2024331827; 2024331828,Flowing Tide Pub & Grill
"FTH Nevada Restaurants, Inc.",2025333139,Zippy's
FTR International Inc. NV,2020314304,FTR INTERNATIONAL INC. NV
"FUFUS, LLC",2022318921,Molly Maid of West Clark
"FULL Micropigmentation, LLC",2018306682,"FULL Micropigmentation, LLC"
"FUND FOR PUBLIC INTEREST RESEARCH, INC.",2009302588,"FUND FOR PUBLIC INTEREST RESEARCH, INC."
"FUNPACKSHOP.COM, LLC",2022320606,"FUNPACKSHOP.COM, LLC"
FUSE Builds LLC,2025333595,Liberty Builds
FUSION SPORTS LEAGUE L.L.C.,2017306447,Fusion Sports League
FW Fleet Clean LLC,2022320499,Fleet Clean
"Fabito Anesthesia & Pain Specialists, P.C.",2009302525,"Fabito Anesthesia & Pain Specialists, P.C."
"Faccinto and Mayer Eye Care, PC",2024330703; 2024330704,Mayer Eye Care
"Face Forward Aesthetics, LLC",2024331735,"Face Forward Aesthetics, LLC"
Factor Commissioning and Consulting Inc.,2021317254,Factor Commissioning and Consulting Inc.
Fade and Flourish LLC,2026334825; 2026334827,Fade and Flourish
Faded Gypsy Craft LLC,2025331981; 2025331982,Grey Witch
Fadia Eramya-Sealy,2026335789; 2026335881,Fadia Eramya-Sealy
Fairway Golf Lounge LLC,2024331724,The Backnine Golf
"Fairway Stretch, LLC",2026335001,"Fairway Stretch, LLC"
Fairways & Friends LLC,2026334854,Fairways & Friends LLC
"Faith Wireless, LLC",2018309213,"Faith Wireless, LLC"
Falcon Services Enterprises LLC,2022319839,Falcon Services Enterprise LLC
"Falk Oral and Facial Surgery, PLLC",2024330286,Canyon Oral & Facial Surgery
Falling Star Ranch,2018308950,Falling Star Ranch
Familia Supper Club NV LLC,2020314920; 2020314921,Chinitas
"Familian Realty Group, Inc.",2018308864,Familian Realty Group
"Family Auto Body, LLC",2007301778,Colorpoint
"Family Doctors Ramanathan, PLLC",2013301035,Family Doctors of Green Valley
Family Forward LLC,2025334287,Family Forward
Family Friendly Care Home-Henderson LLC,2022320807,Family Friendly Care Home-Henderson LLC
Family Liquor Mart LLC,2024330549; 2024330550,Family Liquor Mart LLC
Family Martial Arts LLC,2013302737,Family Martial Arts LLC
Fantom Creations LLC,2026335273,Fantom Stitches
"Fanzz Gear, Inc.",2018308645,FANZZ
"Far Realty Group, LLC",2012307836,"FAR REALTY GROUP, LLC"
"Far West Division, Inc.",2009301992,"Far West Division, Inc."
Faranesh Real Estate and Property Management,2024330179,Faranesh Real Estate and Property Management
Farlight Services Inc,2025331975,Farlight Services Inc
Farm Fresh To You LLC,2023321774,Farm Fresh To You LLC
"Farrell-Bartakian Family Chiropractic, LLC",2015303653,Close Up Inspections
"Farshad Athari, DDS, PLLC",2013301856,Pleasantsmiles
Fast Bail Bonds,2023329272,Fast Bail Bonds
Fastenal Company,2019310769; 2013301748,Fastenal Company
"Fastfader Audio, LLC",2012310423,"Fastfader Audio, LLC"
Father Figure Grub Truck LLC,2025331914,Father Figure Grub Truck
"FedEx Office and Print Services, Inc.",2008301265; 1999047166; 2004302943; 2019310215,"FedEx Office #1888; FedEx Office #4197; FedEx Kinko's #1123; FedEx Office and Print Services, Inc."
Federal Express Corporation,2014303170,Federal Express Corporation
Feed My Sheep Homeless Outreach,2022318708,Feed My Sheep Homeless Outreach
Felicia Gutierrez,2006304272,Felicia's House of Beauty
Felipe Hernandez,2021315567,Felipe Hernandez
Felipes Muflers LLC,2022318672,Felipe's Muffler's & Catalytic Converters #2
Felix Bonifacio Soto,2023321770,Silver State Belt Buckles
Felix Porras,2022320016,"Porras, Felix"
Feng Ping Kong,2017304962,Fengping Kong
"Ferguson Enterprises, LLC",1990007650; 2007302804,"Ferguson Enterprises, LLC"
"Fernando Garcia SPMT, LLC",2026335545,Fernando Garcia
Fernando Villalobos,2014301197,Villalobos Yard Maintenance
"Fertility Storage Solutions, LLC",2024331252,"Fertility Storage Solutions, LLC"
Fertilizing Specialists,2005304674,Fertilizing Specialists
Festoon Las Vegas LLC,2026335386,Festoon Las Vegas LLC
Fibonacci Services LLC,2019312151,Mayes Mental Health and Wellness
Fibre Salon Services LLC,2025334169; 2025334170,Fibre Salon
"Ficcadenti Waggoner and Castle Structural Engineers, Inc.",2021317382,Ficcadenti Waggoner and Castle Structural Engineers
Ficks LLC,2025334420,Hello Sugar
Fidelity Brokerage Services LLC,2005305246,Fidelity Brokerage Services LLC
Fidelity National Home Warranty Company,2020313046,Fidelity National Home Warranty Company
Fidelity National Title Agency of Nevada,2007300751,Fidelity National Title Agency of Nevada
Fidencio Ponce,2021315627,J & J CLEAN UP AND TREE SERVICES
"Fife Dermatology, PC",2018309418; 2018309417,Vivida Dermatology
Fifth & Fremont Studios LLC,2026335263,Fifth & Fremont Studios LLC
"Fifty On, LLC",2023322014,"Fifty On, LLC"
Figspeed LLC,2010301132,Figspeed
"Figueroa, Raul G",2002301002,Tacos Colima
"File Right, Inc.",2021315671,"File Right, Inc."
"Filling Earthy, LLC",2022318362,Filling Earthy
Final Touch Cleaning Company LLC,2025334507,Final Touch Cleaning Company LLC
"Financial Fitness Group, LLC.",2024331169,"Financial Fitness Group, LLC."
"Findlay Automotive of Nevada, LLC",1998038897; 1998038898; 2023322802; 2025333553,Findlay Toyota; FINDLAY TOYOTA
"Findlay Customs, LLC",2006300000,Findlay Customs
"Findlay Diguilio, LLC",2007304602; 2007304601; 2011301410; 2011301412; 2023322803,Audi Henderson; Lamborghini Las Vegas
"Findlay European, LLC",2002300300; 2002300301,Findlay Volkswagen; FINDLAY VOLKSWAGEN
Findlay-Schneider LLC,2007300318; 2007300319,Findlay Acura
"Fine Audio, LLC",2025334508,"Fine Audio, LLC"
Finger Lickin' Foods LLC,2026335275,Monsterdillas
"Fingerprinting Express, LLC",2024331347,Fingerprinting Express
Finite Bricks LLC,2023323248,Finite Bricks
Firelight Barn LLC,2015301076,Firelight Barn Dinner Theater
Firetrucks Unlimited LLC,2013302917; 2024330911; 2024330912,Firetrucks Unlimited
First American Title Insurance Company,2026334994,First American Title Insurance Company
"First Choice Home Care, Inc",2024331065,First Choice Home Care
First Choice Insurance Group LLC,2025333090,First Choice Insurance Group LLC
First Choice Nails L.L.C.,2011301288,FIRST CHOICE NAILS L.L.C.
"First Choice Technology, Inc.",2017305611,"First Choice Technology, Inc."
First Class Auto Glass LLC,2003300203,First Class Auto Glass LLC
First Class Pressure Washing Services LLC,2022320925,First Class Pressure Washing Services
"First Class Vending, Inc.",2011303362,"FIRST CLASS VENDING, INC."
First Federal Realty LLC,2007301303,First Federal Realty LLC
"First Home Inspectors, LLC",2025333155,"First Home Inspectors, LLC"
"First Legal Buyer, Inc.",2024331894,"First Legal Buyer, Inc."
"First Legal Investigation Services, LLC",2025332369,"First Legal Investigation Services, LLC"
First One,2024330445; 2024330446,Once Upon a Child
First Person Care Clinic,2017306374,First Person Care Clinic
"First Prime Realty Group, LLC",2020314181,First Prime Realty Group
"First Valley, Inc.",2018306949,First Valley Real Estate Group
"First Watch Restaurants, Inc",2025333564; 2025333565; 2025333716; 2025333717,First Watch
First-Citizens Bank & Trust Company,2022319204,First-Citizens Bank & Trust Company
"FirstService Residential, Nevada, LLC",2019311881,"FirstService Residential, Nevada, LLC"
Fisch Art LLC,2025334509,Ty Fischer Art
Fisch LTD.,2013303242,Green Valley Fertility Partners
Fisher's Delicatessen LLC,2024331720; 2024331726,Fisher's Delicatessen
Fit4Health Coaching LLC,2025334510,Fit4Health Coaching LLC
"Fitness Alliance, LLC",2021318122; 2008300485; 2022321206; 2025334039,EOS Fitness
"FitzHouse Enterprises, Inc.",2015302208,"FitzHouse Enterprises, Inc."
"Five Below, Inc.",2022319981,Five Below
"Five Star Systems, Inc.",2015303435,"Five Star Systems, Inc."
"Five Star Travel, Inc.",2003304052,"FIVE STAR TRAVEL, INC."
Fixin Dixon Mobile RV LLC,2024331712,Fixin Dixon Mobile RV LLC
Flag Hero LLC,2026335540,Flag Hero
Flamingo Freeze Shaved Ice LLC,2025332936,Flamingo Freeze Shaved Ice
"Flanagan, Jared A",2005306583,FLANAGAN FINANCIAL SERVICES
Flatliners Pest Control L.L.C.,2020315318,Flatliners Pest Control L.L.C.
Flattco Holdings Sunset LLC,2022320445,Baskin-Robbins
Flavio Gutierrez,2025333561,Mighty Dollar Bully Line
Flecha Jiu Jitsu LLC,2025332790,Flecha Jiu Jitsu LLC
Fleet Pass Inc,2026334662,Pathway Dynamics
Flemming Pedersen,2008303512,Chef Flemmings Bakeshop
Flexology LLC,2024330978,BizlyApp
Flip Masters Property Solutions LLC,2021316095,Flip Masters Property Solutions LLC
Flip N Grill LLC,2023329128,Flip N Grill
Flippin' Hot Rodz Treats LLC,2026334917,Flippin' Hot Rodz Treats LLC
FlixBus Inc.,2025331958,FlixBus Inc.
Flood Pro LV LLC,2026335735,Flood Pro LV
Floop LLC,2023323574,Paradice Caribbean Shaved Ice
"Floor and Decor Outlets of America, Inc",2007301883,"Floor and Decor Outlets of America, Inc"
Flooring Finale LLC,2020314311,Flooring Finale LLC
"Flooring Liquidators, Inc.",2026334940,"Flooring Liquidators, Inc."
Flor De Maria Zavala,2026334813,Florcita Cleaning Services
Florentino Martinez,2017306092,Martinez Pool Services
Florentino Rodriguez,2023329184,SRL Lawn Maintenance
Flour & Sugar Bakery By Lanie L.L.C.,2021316900,Flour & Sugar Bakery By Lanie L.L.C.
Flow & Function PT LLC,2026335150,Flow & Function
Flow IV LLC,2026334757,Flow IV
Flow Massage Therapy LLC,2016301116,"Ty, Jennifer"
Flower Rentals LLC,2023322607,Flower Rentals LLC
Flowerchild Holding Company LLC,2024330085; 2024330086,Flower Child
"Flowers Baking Co. of Henderson, LLC",2017305746; 2013302784,"Flowers Baking Co. of Henderson, LLC; Flowers Baking Co. of Henderson"
"Flowers by Michelle, Inc.",2025334296,Flowers by Michelle Henderson
"Focalpoint Coaching, Inc.",2023322643,"Focalpoint Coaching, Inc."
Focus Electric LLC,2026335202,Focus Electric
Focus Health 365 PC,2025332551,Focus Health 365
"Focus Mental Health Solutions (Bhushan Wirjo Itzhaki Still), PLLC",2021315666,"Focus Mental Health Solutions (Bhushan Wirjo Itzhaki Still), PLLC"
"Focus Travel Services, LLC",2015302718; 2025333198,"Focus Travel Services, LLC; Focus Trading Services"
"Focuspoint Solutions, Inc.",2022319219,"Focuspoint Solutions, Inc."
"Follett Higher Education Group, LLC",2025333730,"Follett Higher Education Group, LLC"
Follow the Giggles LLC,2025333306,Follow the Giggles LLC
"Fong Precision Care, PLLC",2025333888,"Fong Precision Care, PLLC"
"Food Courts of Nevada, LLC",2003303002; 2024331385,"Food Courts of Nevada, LLC; Rubio's"
Foord Metabolic Medicine PLLC,2026334569,Precision Metabolics
"Foot Locker Retail, Inc.",1996040469; 1996040470,Kids Foot Locker #46655; Foot Locker #6945
Foothills Montessori School Parent Teacher Organization,2024330836,FMS Parent Teacher Organization
For the Love of Animals,2025332839,For the Love of Animals
Forbes Photographs LLC,2025331918,Forbes Photographs LLC
"Ford & Friedman, LLC",2012310792,"Ford & Friedman, LLC"
Fore Henderson LLC,2015300844,Boulder Pointe Apartments
"Forensic Solutions, LLC",2024330006,"Forensic Solutions, LLC"
"Forensic Specialists, Ltd.",2007301021,"Forensic Specialists, Ltd."
Forever Botanic LLC,2020314125,Forever Botanic LLC
"Forge & Bloom, Inc.",2025334245,Athletic Republic Henderson
Forge Ahead LLC,2024330664,Icarus Behavioral Health Nevada
"Fork U, LLC",2024331081,"Fork U, LLC"
Formosa Entertainment LLC,2024330712,Formosa Entertainment LLC
Fortified Pest Management L.L.C.,2013301502,Fortified Pest Management L.L.C.
Fortune Events LLC,2025331965,Fortune Events LLC
"Fortune Foods Nevada, Inc.",2018306977; 2018306976,Seafood City Supermarket
Forum LLC,2024330828; 2024330862,Nail Forum
Forza CM LLC,2025332501,Forza CM LLC
Fostering Seeds of Hope,2020315185,Fostering Seeds of Hope
"FotoZoomer, LLC",2015301785,"FOTOZOOMER, LLC"
"Foundation Assisting Seniors, Inc.",2015300748; 2015300749,"COMMUNITY SERVICE GROUP; FOUNDATION ASSISTING SENIORS, INC., THE"
Foundation Capital LLC,2022318363; 2022318364,Mosaic Salon and Boutique
"Foundation For Recovery, Inc",2026334555,"Foundation For Recovery, Inc"
"Foundation Technologies, Inc.",2026334903,"Foundation Technologies, Inc"
"Foundation for ""A Course in Miracles"", Inc.",2018308965,Foundation For A Course In Miracles Inc.
Four A's Logistics LLC,2026334980,Smart Drinks and Nutrition
Four Hearts Healthcare Solutions LLC,2021318073,Four Hearts Homecare Services
Four Paws LLC,2023321324,Tails A Waggin
Four Score Solutions LLC,2026334546,Four Score Solutions LLC
Four Thirteen Inc.,2015302495; 2017304278; 2025333546,SPURLOCKS GUN STORE; Spurlocks Safe CO
Four Wheel Auto Sales LLC,2025333506,Four Wheel Auto Sales LLC
"Fourteen IP, Inc.",2026335636,"Fourteen IP, Inc."
"Foutz, Barton H",2006300966,"BARTON H. FOUTZ, DDS"
Fox & Mane LLC,2023322276; 2023322277,Elle A Boutique Salon
"Frame Fixer, Inc.",2007303632,Las Vegas Optical Frame Fixer
Frame N Print LLC,2025332956,Frame N Print
"Frances Louann Forbes, LLC",2023322516,Real Estate TC Services
Francisco De Leon,2010300173,De Leon Lawn Service
Francisco Efrain Jimenez Beltran,2013302770,Francisco's Landscaping Service
"Francisco Javier Lara Uribe, Israel Lara Chavarria",2014302803,Lara's Carwash
Francisco Rodriguez,2019311509,Rodriguez Auto Detail
Franco & Sons Inc.,2022321256; 2022321257,Superior Event Services
Frank Hunter Oberg,2023321930,Frank Hunter Oberg
Frank Robert Friends,2024329836,Friends & Family Firearms Training
Frank Tepper,1999048286,Frank P Tepper
Frankie J Estrella,2023322477,Frankie's Installation
"Franks Auto Body Centers, LLC",2024330822,Frank's Auto Body
"Franz Kollinger, LLC",2024330424,"Franz Kollinger, LLC"
Frederick McCall,2023321283,We Clean 4 You
Frederick Retzlaff,2022318901,Sunny's Housekeeping
"Free Bail Bonds, Inc.",2022319517,"Free Bail Bonds, Inc."
Freedom Carpet Pros LLP,2024331769,Freedom Carpet Pros LLP
"Freedom Home Health, LLC",2024330414,"Freedom Home Health, LLC"
Freedom Home Inspections LLC,2019311605,Freedom Home Inspections LLC
Freedom Mortgage Corporation,2021316410,Freedom Mortgage Corporation
Freedom Specialty Glass LLC,2024331089,Freedom Specialty Glass
Freeman Hambrick Jr.,2026334795,A1 VIP Fashions
"Freeman Health & Wellness, PLLC",2022318897; 2022318898; 2025331987,Crafted Wellness & Sports Rehab
Freeman Shockwave LLC,2026336269,Shockwave of Henderson
Freeman and Falcone PLLC,2021318174,Empowered OBGYN
"Freeway Insurance Services America, LLC",2021317701; 2021317820,Freeway Insurance
"Fresenius Medical Care NKDHC, LLC",2015302354; 2020314469,"Fresenius Medical Care NKDHC, LLC; Fresenius Kidney Care Union Village Dialysis"
"Fresenius Vascular Care Henderson ASC, LLC",2025332040,Azura Surgery Center Henderson
Fresh Dining Concepts LLC,2022319793; 2022319792,Auntie Anne's Pretzels; Cinnabon
Fresh N Clean Action Corporation,2025332014; 2026334975,Genesis Carpet Cleaning; King Resurfacing
Fresh Start Cleaning and Junk Removal LLC,2025334409,Fresh Start Cleaning and Junk Removal LLC
Fresh Start Nutrition and Bodywork LLC,2020313869; 2020313870,Fresh Start Nutrition and Bodywork LLC
Fresh Vibes LLC,2025332006,Toastique
"Frezza Consulting, LLC",2026334897,"Frezza Consulting, LLC"
Friedman Injury Law PLLC,2024329405,Friedman Injury Law
Friendly Barbershop LLC,2013300239,Friendly Barbershop LLC
Friendly Consulting LLC,2021316867,Advanced Computer Technology
Frisby Auto Electric Inc.,2017304663,Sierra Tire
"Frizell Law Firm, PLLC",2017305536,"Frizell Law Firm, PLLC"
From Deck to Water LLC,2026334586,From Deck To Water
From Palette to Palate LLC,2025333592,From Palette to Palate LLC
Fronabarger Properties LLC,2016300812; 2016300814,Rustic Lounge
Frontier Medical LLC,2025333013,Frontier Medical LLC
"Frozen Desserts II, LLC",2007302893,Ben and Jerry's
Frozen Desserts LLC,2004302520,BEN & JERRY'S
Frozen Fun LLC,2014302235,Street Freeze
"Frugal Pest Control, LLC",2026335532,"Frugal Pest Control, LLC"
Fruit Palace Corporation,2016301206; 2018307530,Fruit Palace
"Fu, Ronglin",2014300520,7 Sunny Massage
Fudgehouse LLC,2025334254,Fudgehouse LLC
"Fudgetopia, LLC",2024329397,Pop-A-Licious
Fuentesjosue L.L.C,2025333985; 2025334220,Ely's Restaurant Breakfast & Burgers
Fulfill Digital LLC,2024330537,Fulfill Digital
Full Blast Pressure Wash LLC,2026335065,Full Blast Pressure Wash
Full Metal Buildings LLC,2024331208,"Full Metal Buildings, LLC"
"Full Service Maintenance, Inc.",2026334835,Universal Maintenance
Fuller's Patio Misting LLC,2026335108,Fuller's Patio Misting
Fun Ones Moon Jump,2025334492,The Fun Ones
Funky Collectibles LLC,2025333012,Funky Collectibles LLC
Fur Your Paws Only,2006303824,Fur Your Paws Only
Furniture Market LLC,2023321418,Mercato Interiors
"Furry Land, LP",2023323625,"Furry Land, LP"
"Fusion Cloud Services, LLC",2020315215,"Fusion Cloud Services, LLC"
Fusion LLC,2018306926,Fusion LLC
Future Connect LLC,2017304209,Future Connect LLC
Future Nails Salon LLC,2024330356,Future Nails Salon LLC
G & G Ornamental Iron LLC,2024329922,G & G Ornamental Iron LLC
G & G Petlovers Inc.,2014302647,Valerie's Paw Spa
G & M HANDYMAN LLC,2005304585,G & M HANDYMAN LLC
"G Show NV, LLC",2025333505,"G Show NV, LLC"
"G T STEPHENS, CPA, P.C.",2011303514,"G T STEPHENS, CPA, P.C."
"G Women International, LLC",2026336049,Rhythm of Life
G and J Management LLC,2024330838,The Sandwich Spot Henderson
"G.C. Garcia, Inc.",1995034888,"G.C. Garcia, Inc."
G.S. HILU LLC,2022320688,Port of Subs
"G.V.G., INC.",2001300463,GREEN VALLEY GRAPHIX & WINDOW TINTING
G1440 Realty Inc.,2026336239,G1440 Realty Inc.
"G2 Consulting Engineers, Inc.",2023321719,"G2 Consulting Engineers, Inc."
G90 Landing LLC,2023323418,G90 Landing LLC
"GA1903, LLC",2026336010,MC Truck and Trailer Repair
GADGETTECH L.L.C.,2016302613,GADGETMATES
GAL LLC,2023321391,GAL LLC
"GALAXY THEATRES, LLC",2013300739; 2015303480,Galaxy Green Valley
GALI BROTHERS INC,2005305044,OMEX OF NEVADA
"GAO, YING",2013300224,"JESSIE GAO, CPA"
"GARCIA, ELIZABETH",2006303240,LGM Transcription Service
GARDEN STATE CONSUMER CREDIT COUNSELING INC,2014303429,NAVICORE SOLUTIONS
"GARDEN STATE CONSUMER CREDIT COUNSELING, INC",2011300116,NOVADEBT
GB PRODUCTIONS LTD.,2012310176,"GB PRODUCTIONS, LTD."
GB Sciences Nevada LLC,2017306372,GB Sciences
"GBD OF LV, LLC",2021317984,GBD
GBR OIL Inc.,2022320087; 2022320088; 2022320089,ARCO/AMPM 42726
GBank,2009301044,GBank
GC Home Services LLC,2025334445,GoodCraft
"GC LV 2, LLC",2023329167; 2023329177,GC Salon Aveda
"GC PIVOTAL, LLC",2022320004,"GC PIVOTAL, LLC"
GC-Data LLC,2019310343,GC-Data
GCB Consulting Corporation,2010300751,GCB CONSULTING CORPORATION
"GCW, INC.",2016302940; 2007300914,"GCW, INC."
"GDS Enterprises, Inc.",2016302124,"GDS Enterprises, Inc."
"GDSNV, LLC",2023323081,Gundy Design Studio
"GDSpectrum, Inc.",2024330496,"GDSpectrum, Inc."
"GE & R, LLC",2025333789,Enzo's Exterior Cleaning Services
"GEARY PACIFIC OF NEVADA, INC.",2016300591,Geary Pacific Supply
GENESIS LIFESTYLE MEDICINE OF NEVADA L.L.C.,2019311703,CELLSPARK REGENERATIVE CENTERS
GEOFFREY WILLIAM LAVELL LLC,2017306206,"The Brokerage, A Real Estate Firm"
GEORGE DIAZ,2018307381,Rockbottom Auto Parts
GEORGE HAROUNI DDS,2016300206,GEORGE HAROUNI DDS
"GET FRESH POOL SERVICE, LLC",2019311240,"GET FRESH POOL SERVICE, LLC"
GEX Advantage LLC,2025334144,GEX Advantage LLC
"GF Fire Design, LLC",2014300119,"GF Fire Design, LLC"
"GFL CAPITAL MORTGAGE, INC.",2016300508,"GFL CAPITAL MORTGAGE, INC."
GG Diaz Ramirez Corporation,2025332384,Robertos Taco Shop
GGS LLC,2022321024,Archer West Security & Consulting Group
GHD Services Inc.,2026335862,GHD Services Inc.
"GILMORE & GILMORE, CPA'S PC",2021315832,"GILMORE & GILMORE, CPA'S PC"
"GIORDANO, RONALD K",2014302787,MR POOPER SCOOPER
"GIUSTI, DIANE",2012309740,Studio M Las Vegas
"GIVE ME A BREAK, INC.",2007303367,"GIVE ME A BREAK, INC."
GJ Trucking LLC,2018309140,GJ Trucking LLC
"GKO BOOKKEEPING, LLC",2020314706,"GKO BOOKKEEPING, LLC"
GLAMDIAM LLC,2019312558,GLAMDIAM
GLENDA IRENE SUITER,2018306718,THAT GIRL
"GLOBAL INDOOR HEALTH NETWORK, INC.",2013300847,"GLOBAL INDOOR HEALTH NETWORK, INC."
"GLOBAL PEST SERVICES, LLC",2009303841,"GLOBAL PEST SERVICES, LLC"
GLOBAL SPORTS MARKETING L.L.C.,2015301295,GLOBAL SPORTS MARKETING L.L.C.
GLOBALSTAR USA LLC,1997TC0845,GLOBALSTAR USA LLC
GME Spa LLC,2016302048; 2012300039; 2005305467,Massage Envy
GMFC Home Services LLC,2026335723,Pressure by GMFC
"GMRI, Inc.",1995034800; 1995034799,The Olive Garden #1478
GMX Break PLLC,2026335174,GMX Break PLLC
"GNC Holdings, LLC",2021318155,"GNC Holdings, LLC"
GOD BEHIND BARS INC.,2014300589,CASTAWAYS RESALE STORE
"GODINEZ, RAFAEL",2003304240,R G TOWING
GOLD OF AMERICA LLC,2020313431,GOLD OF AMERICA
GOLD ROADS LLC,2026335110,Gold Roads LLC
GOLDEN BEAR CAPITAL INC.,2020315025,CLICK MORTGAGE
"GOLDEN CROSS HOME CARE, LLC.",2018307907,"Golden Cross Home Care, LLC."
GOLFTEC ENTERPRISES LLC,2020315474,GOLFTEC
GOMES CONCEPTS LLC,2022320966,Cuticle-B-Gone
"GONZALES, JOHN MARIO",2005305513,JOHN MARIOS BARBER SALON
"GORDON, JANET S",2002302530,MAGIC NEEDLES SEWING
GOT METAL? LLC,2014301580,24/7 SUPPLY
"GOT MOLD?, LLC",2009302479,"GOT MOLD?, LLC"
GR8 COMMUNITY DEVELOPMENT CORPORATION,2017304170,GR8 Community Development Corporation
"GRACE LAS VEGAS EVENTS PLANNERS, LLC",2009303993,"GRACE LAS VEGAS EVENTS PLANNERS, LLC"
"GRAJ, Inc.",2012307345; 2012307423,7-Eleven Store #33677B
GRANDAISY'S HOPE ORGANIZATION,2005303766,GRANDAISY'S HOPE ORGANIZATION
"GRANITO, ANTHONY M",2011302432,SOUTHWEST INVESTIGATIONS
"GRANT MORRIS DODDS, PLLC",2012310315,"GRANT MORRIS DODDS, PLLC"
GREEN FLAG RECYCLING,2004304492,VEGAS VALLEY RECYCLING
"GREEN VALLEY BICYCLE REPAIR, LLC",2021316076,SWANNY'S CYCLES
GREEN VALLEY CHRISTIAN CENTER,2011303456,GREEN VALLEY CHRISTIAN CENTER
GREEN VALLEY CLUB,2019310502,GREEN VALLEY CLUB
GREEN VALLEY THERAPY LLC,2017305804,Green Valley Therapy LLC
GREENBAUM MARKETING STRATEGY LLC,2014302866,GREENBAUM MARKETING STRATEGY LLC
"GREENBERG, WILLIAM",2013300834,STORYTIME MAGIC
GREENLIGHT APPRAISALS LLC,2005306364,GREENLIGHT APPRAISALS
"GREGORY L. BRYAN, D.D.S., LTD.",2005305386,"GREGORY L. BRYAN, D.D.S., LTD."
GREGORY MOORE,2006302175,GREGORY J MOORE ARCHITECT
"GRF COMM PROVISIONS OF NEVADA, INC.",2015302069,"GRF COMM PROVISIONS OF NEVADA, INC."
"GRIGORION, ZAROUI",2010302993,ANTHONYS TOWING
GRN Vision LLC,2020313732,GRN Vision LLC
GROVOM ACCOUNTANCY CORP,2014302272,GROVOM ACCOUNTANCY CORP
"GRTP, LLC",2024331690,Gold Rush Trading Post
GS Integrated Healthcare Systems LLC,2015303556,Good Shepherd Integrated Healthcare Systems
GSK INDUSTRIES INC.,2017300112,QUALITY ONE POOL MANAGEMENT
GSN HENDERSON STORAGE LP,2022320697; 2022320698,StorAmerica Henderson
"GSN Las Palmas, LP",2024329453; 2024329675,Las Palmas Self Storage
GSP Birds LLC,2026335198,Dave's Hot Chicken
GST Gear LLC,2026334670,GST Gear LLC
GSTL Mart Inc.,2021317472; 2021318013; 2023321430,XO Liquor Boulder
GStrasse L.L.C.,2023321848,My Cause My Gift
GT Advertising LLC,2014302999,GT Advertising LLC
GTB Inc.,2017306519; 2025332206,The UPS Store 2887; The UPS Store
GTMI CORPORATION,2015303727,KabaFusion NV
"GTP Acquisition Partners II, LLC",2023322274,"GTP Acquisition Partners II, LLC"
"GTP Towers I, LLC",2023322269; 2023322281; 2023322282; 2023322283,"GTP Towers I, LLC"
"GTT Americas, LLC",2020313797,"GTT AMERICAS, LLC"
GUARDIAN PEST CONTROL INC,2005305741,GUARDIAN PEST CONTROL INC
"GUARDIAN PROTECTION SERVICES, INC.",2014301498,"GUARDIAN PROTECTION SERVICES, INC."
GUCFA Group LLV LLC,2024330251; 2024331643,A&M Pasta Lab
"GUIZAR, YURIFRED PANTOJA",2016301363,HITECH MOBILE DETAILING
"GUN IN HAND, LLC",2021316922,"Gun in Hand, LLC"
"GURULE, GILBERT",2005304400,ANTHEM PEST CONTROL
GUSHEN & MOONIN PC,2008302395,GUSHEN & MOONIN CPAS
GV Enterprise LLC,2012301399; 2018306714,Port of Subs #58; Port of Subs #96
GV Family Dentistry.Tiffani Tonkinson D.D.S. Ltd.,2006300759,GV Family Dentistry. Tiffani Tonkinson D.D.S. Ltd.
GV Range LLC,2014300468; 2018308143,Green Valley Range
"GVRE, LLC",2005306292,Keller Williams Realty - Marketplace
"Gabb Wireless, Inc.",2020313327,"Gabb Wireless, Inc."
Gabino Hernandez Diaz,2021317539,GHD Landscape
Gabriel Jewelers LLC,2025333817; 2025333818,Gabriel Jewelers
Gabriel Ulises Fuentes,2026335284,Prime Window Cleaning Services
Gabriela Avila Geanacopoulos,2026334919,Apoteósica Design
Gabriella Elizabeth Hitt,2021316108,Elf Kit is a Hitt
Gabriella Malley,2025332782,Aura Glow Beauty Co.
Gabroy Law Offices PC,2013302139,Gabroy Messer
"Gaetano's Hospitality Group, LLC",2021315834; 2021315835; 2021315836,Gaetano's Ristorante
Gaia Energy LV LLC,2020314835; 2020314834,Gaia Energy LV
Gail Ann Flood,2026335172,Naked Sourdough
Gail F Neal-Williams,2023321617,Gail F Neal-Williams
Gail Gutenmann,2025332890,Bullseye Catering Company
Gail Mayhugh,2025333773,Gail Mayhugh
Galaxy BJM LLC,2022318399,Galaxy BJM
Galaxy Services LLC,2023329339,Galaxy Services LLC
Game Changerz Technical Barbering Academy LLC,2026334720,Game Changerz Technical Barbering Academy LLC
Game Sessions with a Therapist LLC,2023321976,GAME SESSIONS WITH A THERAPIST LLC
"Game Taco, Inc",2022320236,"Game Taco, Inc"
Game-Set-Match Inc.,2025332361,Game-Set-Match Inc.
"GameStop, Inc.",2004305051; 2006305108; 2002303328; 2021317229; 2021317228; 2020314878,GameStop 2627; GameStop 5294; GameStop 950
Gamett & King LLC,2026334908,Gamett & King LLC
"Gaming Ventures of Las Vegas, Inc., A Nevada Corporation",2021316422; 2021316423,Carl and Martin's Bar
Gammoh Premier Vision LLC,2025334375,Vision Veinte Veinte
"Gandysoft, Inc",2014302268,"Gandysoft, Inc"
"Garcia Medical Corporation, PC",2021316544; 2021316733,Union Village Medical Group; Henderson Health Group
"Garda CL West, Inc.",2018307633,"Garda CL West, Inc."
Garden Farms Foundation,2024330791,Garden Farms Foundation
"Garg Golden, LLP",2018309559,Anthem Injury Lawyers
Garibaldi Multiservices LLC,2025332772,Property Maintenance
"Garmin Services, Inc.",2023322830,"Garmin Services, Inc."
Garnished Cocktail LLC,2026334712,Garnished Cocktail LLC
Garrison Medical Consultants PLLC,2023323561,Allied Wound Consultants
"Garv, Inc",2025332988,The Dumbell Man Fitness Equipment
"Gary Boyd, C.P.A., P.C.",2013301507,"Gary Boyd, C.P.A., P.C."
Gary Laizure,2023321599,TEXT DMV Services
Gateway Fire & Security LLC,2018307925; 2024331064,Gateway Fire & Security LLC
Gateway Jat Development LLC,2025333758,Gateway Jat Development LLC
"Gateway Travel, LLC",2007300034,"Gateway Travel, LLC"
Gathering Etc LLC,2025332722,Gathering Etc LLC
Gators Pizzeria LLC.,2017305816,Pizza Heroes
Gatsby Ventures LLC,2022320781,Gatsby Ventures LLC
Gaurav Goyal LLC,2022321091; 2023323271,Sbarro
Gayle J St.Onge,2024330073,Blinds Plus Design
Gayoung Park,2019311772,Vegas Hotdeal
Gearworks Games LLC,2021317676,GEARWORKS GAMES LLC
Geller Holdings LLC,2025332665,WIN Home Inspection Summerlin
"Gemini Digital Development, Inc",2024331890; 2024331891,Bluhare Studios
Gemsy Corporation,2023321385,Gemsy
"Gen-Tech of Nevada, Inc.",2023323540,Gen-Tech
Genadie Moskalensky,2021318198,American Link Immigration Services
Gencos USA LLC,2023323146,"Gencos USA, LLC"
General Grant's Hot Dogs LLC,2026335120,General Grant's Hot Dogs
Generations Home Health Ltd.,2025332466,Generations Home Health Ltd.
Genesco Inc.,2002300156; 2000057401,Journeys #553; Journeys Kidz #1615
Genesis Back and Neck Henderson LLC,2026334626,Genesis Back and Neck Henderson LLC
Genki Aquatics LLC,2024331128,Genki Aquatics
Genna Stock,2026336047,Genna Stock
"Gensler Architecture, Design & Planning, P.C.",2020313589,"Gensler Architecture, Design & Planning, P.C."
"Genson Cleaning Services, Inc",2024331840,"Genson Cleaning Services, Inc"
Gentle Hands Grooming LLC,2024331173,Gentle Hands Grooming
Genuine Parts Company,2013300611,NAPA AUTO PARTS
"Geo's Tacos and Party Rentals, LLC",2018307882,"Geo's Tacos and Party Rentals, LLC"
"GeoTek NV, LLC",2025333973,"GeoTek NV, LLC"
George Anthony Aiello,2023321670,Aiello Studios
George Darryl Petaway,2021317560,Rising Tiger Martial Arts
George Moore,2023322956,Tentacle Travels
Georgia K Ritter,2002302985,Le Melange
"Geosyntec Consultants, Inc",2019311702,"Geosyntec Consultants, Inc"
Geotechnical & Environmental Services,2006302876,"GEOTECHNICAL & ENVIRONMENTAL SERVICES, I"
Geotek Residential LLC,2010301360,Geotek Residential LLC
"Geotek, Inc.",2005305364,"GEOTEK, INC."
Gerald Industries LLC,2025334102,Dusty Bottoms Home Inspections
Gerald Kent Baker,2005306180,GERALD KENT BAKER - STATE FARM INSURANCE
Geraldine Ann Flores,2003305260,Carefree Catering
Gerardo Tellez Rivera,2021318300,Green Trees Landscaping
Geremias Pablo,2024330328,Perfection Auto Detail and Wash
Geri L. Martucci,1998040128,Creative Service Consulting
Germaine Mineconzo,2019312037,Purr-Fect Pet Sitting
Gerow&Ho LLC,2025333312,Gerow&Ho LLC
"Gerrard & Cox, A Professional Corporation",2006302151,"GERRARD, COX, & LARSEN"
Gerson Valladares,2014303137,Gerson's Lawn Care
"Gerszewski, Ron",2019309796,24/7 Courier
Get Em Done Tax Service LLC,2024331683,Get Em Done Tax Service
Get Greater LLC,2026335484,Dieting Sucks
Get Help with Insurance Inc,2020314246,Get Help with Insurance Inc
Get In Touch LLC,2018307318,Create Peace Functional Movement Institute
Get It In Writing,2026334683,Get It In Writing
Get Spa Info LLC,2025333810,Get Spa Info LLC
"GetMed Staffing, Inc.",2023322737,GetMed Staffing
Ghas Wter LLC,2026334538,Ghas Wter LLC
"Ghazal Green Valley Smiles Dentistry, PC",2016300259,Green Valley Smiles Dentistry
Ghim Professional Corporation,2008304482,Black Mountain Dental
Gianna Christine Salon and Spa LLC.,2016302984; 2016302985,Gianna Christine Salon and Spa LLC.
"Gibson & Leavitt Oral, Maxillofacial and Implant Surgery, PLLC",2017300351,"Gibson & Leavitt Oral Maxillofacial and Implant Surgery, PLLC"
Gibson Fuels LLC,2017305203; 2017305206; 2017305205,Arco AM/PM #42996
Gibson Overlanding LLC,2025333962; 2025333963; 2025334004,Findlay INEOS Grenadier
"Gifford Consulting Group, L.L.C.",2022320078,Gifford Consulting Group
Gifted Unity LLC.,2017305965,Gifted Unity LLC.
Gifts & Things LLC,2024330725; 2024331725,Gifts & Things
"Gigapower, LLC",2024331101,"Gigapower, LLC"
Gigawatt Operations Inc.,2025333029; 2025333862,Sol-Up
"Gigi's Playhouse, Inc.",2023329352,"GiGi's Playhouse - Las Vegas, LLC"
Gilbert A Mendoza,2025333366,Gilly's Handyman Service
Gilbert Edward King & Pamela Jean King,2024331837,Three Kings Collectibles
Giles Enterprises Plus LLC,2020313620,GILES ENTERPRISES PLUS LLC
"Gios, LLC",2006302595,Zen Cleaners
Girisgen & Kopolow O.D.P.C.,2020313866; 2020313867; 2019309874; 2014300389; 2013302222; 2019309873,Pearle Vision
"Giving Tree Group, Inc.",2024330935,Giving Tree Lending
Glamour Gains Studio and Academy LLC,2024331287,Glamour Gains Studio Suites
Glamour Me Medical Spa LLC,2024329857,Glamour Me Medical Spa
Glass Wire Communications LLC,2025334106,Glass Wire Communications LLC
"Gleiberman Properties, Inc.",2017306554,Bristol at Sunset Apartments
Glideslope Solutions LLC,2024331082,Glideslope Solutions LLC
Glimpse Of Vegas Inc.,2012300159,GLIMPSE OF VEGAS
Glitz Nail Salon LLC,2025334009,Glitz Nail Salon LLC
Global Business Strategist Inc,2024331244,BizAccountants
"Global Corporate Services, LLC",2021315897,GCS
Global Industrial Equipment Company Inc.,2013302726,Global Industrial Equpment Co.
Global Investment Solutions LLC,2025332232,Executive Janitorial Services
"Global Nutrition Group, Inc.",2015300271,"Global Nutrition Group, Inc."
"Global Promotional Sourcing, LLC",2023321528,Proforma GPS
"Global Resources & Supports, Inc.",2025332612; 2025332613,"Global Resources & Supports, Inc."
Global Response LLC,2023322306,1-800 Water Damage of SE Las Vegas and Henderson
"Global Surgical Solutions, PLLC",2017306402,Colorectal Surgical Associates of Nevada
GlobalArtLV1 LLC,2023329350,GlobalArtLV1 LLC
Gloria Colon,2025333825,Seasonal Creation
Gloria V Yanez Salgado,2024329571,Gloria Yanez Services
Glorious Home Care II LLC,2025333390,Glorious Home Care II
Glorious Home Care LLC,2020314183,Glorious Home Care LLC
Gloss Masters Auto Detailing LLC,2025333556,Gloss Masters Auto Detailing LLC
Glowing Smiles LLC,2022318367,Glowing Smiles LLC
Go Ask Denise LLC,2024330218; 2026335440,Las Vegas Lymphatics & Massage
Go Direct LV. LLC,2022320587,Aquamax
Go Solo Technologies of Florida One Inc,2016301943,Go Solo Technologies of Florida One Inc
Go Therapy LLC,2021317131,Go Therapy
"Go Wireless, Inc.",2011301965; 2015302610,Go Wireless
"GoAuto Management Services, LLC",2016301449; 2016301448,GoAuto Insurance
"GoTo Communication, Inc.",2023322856,"GoTo Communications, Inc."
Godinez Auto Repair LLC,2025332777,Godinez Auto Repair LLC
Going The Extra Smile LLC,2023321835,Anthem Dental & Implants
Gold Federal Advisor LLC,2022320137,Gold Federal Advisors
Gold Key Management Corp.,2002303427,Monster Framing
Gold Rattler LLC,2024329959,Gold Rattler LLC
"Golden - PT's Cadence Sunset 85, LLC",2025332458; 2025332459,PT's Gold
"Golden - PT's Pub Anthem 38, LLC",2007304256; 2007304254,PT's Gold
"Golden - PT's Pub Racetrack 37, LLC",2013303659; 2013303661,PT'S Pub
"Golden - PT's Pub St. Rose 35, LLC",2006301897; 2007300949,PT's Gold
Golden Boy Market LLC,2025332747,Golden Boy Market
"Golden Dollar, Inc.",2005305933; 2018308128,Golden Dollar Inc.; Rounders Grilling and Gaming Co. - Rounders #4
"Golden Door Real Estate Group, LLC",2019312078,"Golden Door Real Estate Group, LLC"
"Golden Empire Mortgage, Inc.",2025334443,"Golden Empire Mortgage, Inc."
Golden Futures Incorporated,2018306957,Golden Futures Incorporated
"Golden Gap Eastern 87, LLC",2024329822; 2024329823,The Great American Pub
Golden Global Holdings LLC,2022320533,Tax Depot
Golden Greetings Inc,2022319500,Golden Greetings Inc
Golden Heart LLC,2025334489,Golden Heart LLC
Golden Lohr LLC,2026335890,Golden Lohr LLC
Golden Springs 88 L.L.C,2016300251,Little Tokyo Massage Club
Golden Suds LLC,2023322805; 2023322939; 2023322940,Golden Suds Laundry; Lake Mead Stop N Shop
Golden Table LLC,2026335410,China Mama
Golden-PT's GVHR 71 L.L.C.,2017305176; 2017305175,PT'S Gold
"Golden-PT's Pub Horizon 33, LLC",2005303600; 2005303597,PT's Gold
"Golden-PT's Pub Whitney Ranch 51, LLC",2016301015; 2016301016,PT's Gold
"Goldenwest Management, Inc.",2021316886,"Goldenwest Management, Inc."
Goldyn Memories LLC,2024331762,Goldyn Memories Photography
"Golf Galaxy, LLC",2014302054,Golf Galaxy
Gomez & Lopez Restaurant Group LLC,2024330901,Sabor A Mi
Gomora'Z Construction LLC,2023323172,Gomora'Z Handyman
Gone junkin’ Vegas LLC,2021317922,Gone Junkin' Vegas
Gonzam Inc.,2021316447,Rivas Mexican Grill #12
Good Day Pest Control,2018308717,Good Day Pest Control
Good Habits Barbershop LLC,2024331191,Good Habits Barbershop
"Good Scents Nevada, LLC",2024329754,Aire-Master of Las Vegas
"Good Sportsman Marketing, LLC",2020313536,GSM Outdoors
"Good Stuff 7 Hills, LLC",2024331195; 2024331196,Good Pie
Good Window Screens LLC,2026335216,Good Window Screens LLC
Goode Surgical Inc,2025333371,Goode Surgical Inc
"Goodfellas Bail Bonds, Inc.",1999048446,"GOODFELLAS BAIL BONDS, INC"
Goodfellow Corporation,2023323521,Goodfellow Corporation
"Goodwill Industries of Southern Nevada, Inc.",2011301017; 2016302074; 2016302541; 2017300220; 2025334221,Goodwill Industries of Southern Nevada; Goodwill Donation Center; Goodwill of Southern Nevada
Goodwin Elite Orthobiologics and Wellness PLLC,2020313872,Regenexx Las Vegas
Google LLC,2021317711,Google LLC
Google North America Inc.,2015303616,Google FI
Google Voice Inc.,2019312248,Google Voice Inc.
"Gorov Music Marketing, LLC",2010303384,"Gorov Music Marketing, LLC"
"Gotham Sweets, Inc",2026335722,Mrs Field's Cookies
"Gourley Melendrez Enterprises, LLC",2007303986,Capriottis
"Govt Assist, LLC",2024330701,"Govt Assist, LLC"
Grab & Go Medical Logistics LLC,2025334372,Grab & Go Medical Logistics LLC
Grace & Iris LLC,2026335933,Grace & Iris LLC
"Grace H. Chung, PLLC",2016301070; 2026335138,Smile Shop Dental & Facial Aesthetics
"Grady, Heather",2002305131,Heather Grady Auctions
Graffiti Park LLC,2024330531,Graffiti Park LLC
Graham Team Real Estate Advisors,2009301469,Graham Team Real Estate Advisors
"Gramic Enterprises, Inc.",2025332065,Pacific Kidz Co
"Grand Canyon Construction, Inc.",2019311030,Grand Canyon Development Partners
"Grand Canyon Education, Inc.",2023329110,"Grand Canyon Education, Inc."
Grand Canyon University,2022319041,Grand Canyon University
Grand Prix Lube LLC,2024330883; 2024330887,Valvoline Instant Oil Change
GrandHawk LLC,2022319560,COMMONWEALTH PILATES
GrandHawk3 LLC,2026335548,Commonwealth Pilates
"Granite Telecommunication, LLC",2014302362,"Granite Telecommunication, LLC"
Grant a Gift Autism Foundation,2025334378,Grant a Gift Autism Foundation
"Grape Expectations, Inc.",2014300432,Grape Expectations
Grasshopper Group LLC,2010300517,Grasshopper Group LLC
Grateful Lizard LLC,2021318278,GRATEFUL LIZARD
"Graymar Environmental Services, LLC.",2025333149,"Graymar Environmental Services, LLC"
"Great Basin Beverage, LLC",2022318698,"Great Basin Beverage, LLC"
Great Basin Gemological Services L.L.C.,2024331404,GBGS LLC
"Great Lakes Capital Management, LLC",2023322579,"Great Lakes Capital Management, LLC"
"Greater Hope Foundation for Children, Inc.",2021317320,A Greater Hope
Grecian Pool Service Inc,2015302373,Grecian Pool Service Inc
"Green 320, LLC",2023329319; 2023329322,Pro Gun Vegas
Green Co2 of Las Vegas L.L.C.,2018308411,Green Co2 of Las Vegas L.L.C.
Green Desert Maintenance LLC,2005306223,Green Desert Maintenance LLC
Green Inspections LLC,2019311922,Green Inspections
Green Life Productions LLC,2016301779,Green Life Productions LLC
Green Lights of Nevada LLC,2019311706,GREEN LIGHT AUTO SALES
"Green Quality, Inc.",2005304981,Green Quality
Green Source Organics Inc,2021316884,GREEN SOURCE ORGANICS INC
Green Therapeutics LLC,2016301768,Green Therapeutics LLC
Green Valley Animal Hospital LLC,2008302120; 2008302121,Green Valley Animal Hospital
Green Valley Consulting Corp.,2012300093,Brain Balance Achievement Centers of Henderson
"Green Valley Country Club I, LLC",2009301703,Ladera Apartments
"Green Valley Country Club II, LLC",2009301702,Legacy Pointe Apartments
Green Valley Dental Partners PLLC,2022320315,Legacy Dental Group
Green Valley Dentistry,2020314400,Green Valley Dentistry
Green Valley Home Solutions LLC,2021315675,GREEN VALLEY HOME SOLUTIONS LLC
Green Valley Home for Individual Care LLC,2020314962,Green Valley Home for Individual Care
Green Valley Investment Services LLC,2022320528,LPL Financial
"Green Valley Lock & Safe, Inc",2001300662,Green Valley Lock & Safe
"Green Valley ME, LLC",2018308010; 2018308009; 2018308008,Massage Envy
Green Valley Marine Capital Partners Limited Partnership,2017304406,Green Valley Storage
"Green Valley Memory Care, Inc",2022319239,"Green Valley Memory Care, Inc"
Green Valley Security,2019309723,Green Valley Security
Green Valley Services LLC,2006300987,Win Home Inspection
"Green Valley Storage - Lake Mead, LLC",2017304419,Green Valley Storage
Green Valley Tax Service LLC,2024331209,Green Valley Tax Service
"Greenfly Networks, Inc",2026334959,Greenfly Networks Inc
"Greenman, Goldberg, Raby & Martinez Professional Corporation",2024329542,GGRM Law Firm
"Greens Cafe, LLC",2006300221; 2006300222,The Greens Cafe
Greenspun Media Group LLC,2000057655,Greenspun Media Group LLC
"Greenspun.ventures, LLC",2026336168,Culture Dog Films
Greentec Auto Inc.,2023322378,Greentec Auto Inc.
Greg Edward Race,2022319636,VITA4LIFE!
"Greg, LLC",2024330698,"Greg, LLC"
Gregorio Perez & Katherine Magtanong,2024330227,PeekaBoothed
Gregory Alexander Gondek,2018307717,"Gondek, Gregory Alexander"
"Gregory P. Brown, M.D., Prof. Corp.",2017306232,"Gregory P. Brown, M.D., Prof. Corp."
Grena Enterprises LLC,2023323593,SunRae Planning
Gretchen G Grierson,2020315293,"Grierson, Gretchen G"
Greystone Servicing Company LLC,2024331756,Greystone Servicing Company LLC
"Griddlecakes, Inc",2017300496; 2017300797,Griddlecakes
"Griffin Dog Training, LLC",2023321974,"Griffin Dog Training, LLC"
Grinds2 Da Max LLC,2024331304,Grinds 2 Da Max
"Grip Repair, inc.",2012300978,"Grip Repair, inc."
"Groceryworks.com Operating Company, LLC",2004301170,Vons.com
"Groom Groom, LLC",2024331145,Groom Groom
"Groombuggy, Inc.",2025333205,Barkbus
Grooming By Andalynn LLC,2022320585,Grooming By Andalynn
"Ground + Bloom, PLLC",2023322017,"Ground + Bloom, PLLC"
"Ground Penetrating Radar Systems, LLC",2024330230,"Ground Penetrating Radar Systems, LLC"
Grounded Planet LV Inc.,2015303929,10th Planet Jiu-Jitsu Las Vegas
Grounds to Go LLC,2024331464; 2025334307; 2025334308,Travelin' Tom's Coffee of Viva Valley; Rinkside Brew House
"Growth Signals, LLC",2023321925,"Growth Signals, LLC"
Growthspring Counseling and Wellness LLC,2025332905,Growthspring Counseling and Wellness LLC
Gruber Technical Inc.,2016303393,Gruber Power Services
Grudged LLC,2026335515,Grudged LLC
Guadalupe Robles,2005304997,Green Leaf Garden Service
"Guaranteed Rate, Inc.",2018308049; 2024330917,"Guaranteed Rate, Inc.; Citywide Home Mortgage"
Guardian Holdings LLC,2026335904,Guardian Liens LLC
Guardian Realty Investment & Property Management L.L.C.,2012300587,Guardian Realty Investment & Property Management L.L.C.
"Guckenheimer Services, LLC",2018307179; 2021316468,"Barclays; Guckenheimer Services, LLC"
"Guess? Retail, Inc",2009301260,G By Guess
Guide Networks LLC,2009302852,Guide Technologies
Guidestone Advisory & Bookkeeping LLC,2025333951,Guidestone Advisory & Bookkeeping
Guild Mortgage Company LLC,2021317078; 2025332968,Guild Mortgage Company
Guillermo Tol Alva,2015300187,Willy's Handyman Services
Guillermo Veloz,2011303493,TRANSFORM AUTO DETAILING
"Guitar Center Stores, Inc.",2018309685,Music & Arts Center
Gun Mountain LLC,2014303245,Phoenix Defence
Gun Shop Las Vegas LLC,2024331127,Gun Shop Las Vegas
Gun-SAFE LLC,2021315497,CPG Custom Precision Guns
Guohui Li,2025333196,Guohui Li
Gustavo Albino,2018306759,Albinos
"Gustavo Hernandez, DMD, PLLC",2025333091,Next Level Dental Studio
Gutierrez & Co Bartending Services LLC,2022320424,Gutierrez & Co Bartending Services LLC
Gutierrez MD PLLC,2024331710,Gutierrez Medical Centers
Guy Anderson,2023321784,Guy Anderson
Guy Hacco,2020315136,Gob Instruments
"Gym Cats West, Inc.",1997038666,Gym-Cats
Gym Launch Secrets LLC,2023321306,Gym Launch Secrets LLC
"H & C Plus 3, LLC",2009302990,"H & C Plus 3, LLC"
H & H Management LLC,2025331923,H & H Management LLC
"H & M Dental, LLC",2007304305,Laser Dental
"H & M Distributors, Inc.",2008301097,"H & M Distributors, Inc."
H Betti Industries Inc,2023321882,H Betti Industries Inc
H and H Event Group LLC,2026334553,H & H Event Group
H&H Cream LLC,2026335708,Lucky Swirl
"H&M Fashion USA, Inc.",2024329977,H&M
H&R Block Enterprises LLC,2008300028; 2008300034; 2008301223; 2024331444,H&R Block; Block Advisors
H&S Eastgate LLC,2022319746; 2022319747; 2022319745,Hand & Stone Massage and Facial Spa; HAND & STONE MASSAGE AND FACIAL SPA
H&T LLC,2021317633,Savy Nails
H. Brooke Kimball,2023322126,Body by Barukasalt
H.&H. Holloway Inc,1998038298,Baskin-Robbins
"H.E.A., INC.",2006303663,EDIBLE ARRANGEMENTS
H.O.K. Automotive LLC,2018309141,Kaiju Motorsports
H2O Backflow Service,2015302865,H2O Backflow Service
H2O Food Concepts LLC,2019312409; 2019312408,Biscuits and Bourbon
H4ENTERPRISE LLC,2017300120,CHICK-FIL-A
HAAN LLC,2006303877,HAAN LLC
"HABITAT FOR HUMANITY LAS VEGAS, INC.",2009300533,HABITAT FOR HUMANITY LAS VEGAS
"HADCO, LLC",2018307644,HADCO STAFFING SOLUTIONS
"HAFEN NURSERY, LLC",2017306442,Hafen Nursery
"HAIER US APPLIANCE SOLUTIONS, INC.",2016302287,GE APPLIANCES
"HALBLEIB, HAROLD",2010300022,Excel Software
HALE PRACTICE SOLUTIONS; PROFESSIONAL CORPORATION,2006300709,Green Valley Dentalcare
HALF EMPTY L.L.C.,2020313950,VAPE STREET HENDERSON
HAND KP2 HOLDING COMPANY,2015300935,Palo Verde Gardens
"HANDY LV, LLC",2019312202,"HANDY LV, LLC"
HAPPY DAZE SMOKEHOP LLC,2019311287,HAPPY DAZE SMOKE SHOP
HAPPY MOBILE CAR WASH LLC,2019311258,HAPPY MOBILE CAR WASH LLC
"HARGRAVE, BOBBIE JO",2014301758,Angelic Hands Customized Massage
"HARMON, MARK E",2005304389,MARK HARMON PEST CONTROL
HARMONIC INNERPRIZES,2009301215,Harmonic Innerprizes
"HARVEST PROPERTIES, LLC",2001300359,GALLERIA PALMS APARTMENTS
HAS LLC,2023323139,Henderson Auto Sales
HASIBUL SHARIF HAI,2020315411,WIENERSCHNITZEL #577
HAULING PROS LLC,2021316735,HAULING PROS LLC
HBC Nails and Spa LLC,2026334971,HBC Nails and Spa
"HBC No 2, LLC",2024329757,The Human Bean
"HCA - IT&S Field Operations, Inc.",2008304247,"HCA - IT&S Field Operations, Inc."
"HD BARRICADE, INC.",2017306068,"HD Barricade, Inc."
HDIR LLC,2017306083,Vegas Services
"HDOS Acquisition, LLC",2014302971,Hot Dog On A Stick
"HDR Engineering, Inc.",2010303166,"HDR Engineering, Inc."
"HEADSTART HEALTH, INC.",2019311046,SOUTHERN NEVADA CHIROPRACTIC
HEALING SOLUTIONS COUNSELING CENTER L.L.C.,2017300608,Healing Solutions Counseling Center L.L.C.
HEALTH PROJECTS NEVADA,2006303551,HEALTH PROJECTS NEVADA
"HEALTHCARE 360, INC.",2015301226,"HEALTHCARE 360, INC."
"HEANEY, KATHLEEN M",1998039523,TENAX TRAINING & CONSULTING
HEAVEN'S HELPING HANDS & FEET FOUNDATION,2015300933,HEAVEN'S HELPING HANDS & FEET FOUNDATION
"HEAVENLY SMILES DENTAL, INC.",2006301534,"HEAVENLY SMILES DENTAL, INC."
"HEIDE, KELLY",2013302266,"Heide, Kelly"
HELP OF SOUTHERN NEVADA,2011301085,HELP OF SOUTHERN NEVADA
"HELP THE DEAF AND HARD OF HEARING CHILDREN, INC",2008304019,HELP THE DEAF AND HARD OF HEARING CHILDR
"HELPING HEARTS FOUNDATION, INC.",2013303238,"HELPING HEARTS FOUNDATION, INC."
HEMOPHILIA FOUNDATION OF NEVADA (HFNV),2009300693,HEMOPHILIA FOUNDATION OF NEVADA (HFNV)
HEMOSTASIS AND THROMBOSIS CENTER OF NEVADA,2017306178,Hemostasis and Thrombosis Center of Nevada
"HENDERSON ANTIQUES & HOME DECOR, LLC",2018307745,Henderson Antiques & Home Decor
"HENDERSON ANUSA, LLC",2018307038; 2018307037,AutoNation USA Henderson
HENDERSON ATHLETIC COMPLEX FOUNDATION INC.,2015302507,PRIME SOCCER CLUB INC.
HENDERSON COMMUNITY FOUNDATION,2010301854,HENDERSON COMMUNITY FOUNDATION
HENDERSON COUNSELING LLC,2016302610,HENDERSON COUNSELING
HENDERSON EAST FOURSQUARE CHURCH,2006302852,HENDERSON EAST FOURSQUARE CHURCH
"HENDERSON ELECTRIC MOTOR, INC.",2013302314,"HENDERSON ELECTRIC MOTOR, INC."
HENDERSON FAMILY EYECARE LLC,2019311363,HENDERSON FAMILY EYECARE LLC
HENDERSON FAMILY THERAPY LLC,2012300797,Henderson Family Therapy LLC
HENDERSON FLAG FOOTBALL LEAGUE,2016303002,HENDERSON FLAG FOOTBALL LEAGUE
"HENDERSON HOSPITAL AUXILIARY, CORP",2017306102,"Henderson Hospital Auxiliary, Corp"
HENDERSON HOSPITALITY LLC,2001001582,Holiday Inn Express Hotel & Suites
"HENDERSON HOSPITALITY MANAGEMENT, INC.",2007301684,"Henderson Hospitality Management, Inc."
"HENDERSON INTERNATIONAL, LLC",2018308745,"Henderson International, LLC"
HENDERSON ROTARY,2007301567,HENDERSON ROTARY
HENDERSON SENIORS' AUXILIARY,2010302185,HENDERSON SENIORS' AUXILIARY
"HENDERSON SUPPORTIVE HOUSING, INC.",2011303378,"HENDERSON SUPPORTIVE HOUSING, INC."
"HENDERSON SURGERY CENTER, LLC",2007303450,HENDERSON SURGERY CENTER
HENDERSON TINT AND SECURITY FILM LLC,2017300118,HENDERSON TINT AND SECURITY FILM LLC
"HENDERSON TRANSMISSION, INC",2002301650,"HENDERSON TRANSMISSION, INC"
HENDERSON URBAN FOURSQUARE CHURCH,2010300493,"ENCOUNTER COMMUNITY CHURCH, THE"
HENRY A PASCUA,1994029161,RISING STAR ENTERPRISES
HENRY CROCKETT AGENCY,2022320788,HENRY CROCKETT STATE FARM
"HENRY, DAVID",2014302453,MAXIMUM MAINTENANCE
"HENRY, MARIETTA",2006301641,MH INTERIOR DESIGN
"HENTZSCHEL, JENNIFER E",2011300944,ORANGECREST HILLS TRADING COMPANY
HERC RENTALS INC.,2015303184,Herc Rentals Inc.
HERE I STAND MINISTRY,2005301517,HERE I STAND MINISTRY
HERIBERTO SOLTERO LLC,2020313133,SOLTERO MUSCULAR THERAPY
"HERITAGE EXPOSITION SERVICES, INC.",2021316290,"HERITAGE EXPOSITION SERVICES, INC."
"HERNANDEZ, GILBERT",2000058087,GIL'S AUTOMOTIVE SERVICE CENTER
HERO Diving and Marine Services LLC,2025333952,HERO Diving and Marine Services LLC
HERO Foundation,2025334131,HERO Foundation
"HERO RIDERS, THE",2005304303,"HERO RIDERS, THE"
HEROES OF AMERICA FOUNDATION INC.,2019312213,HEROES CAREGIVING
"HERRARA, CARLOS",2008302869,Herrera Landscape Service
HEWILL LLC,2021318303,Wills Hawaiian BBQ
"HFN, INC.",2009301364,"HOUSING FOR NEVADA, INC."
HH CONSULTING LLC,2019312779,HH CONSULTING
HHGV Group 3 LLC,2022321167; 2024329848,Meraki Greek Grill
HHTN LLC,2016300439,LAMI NAILS SPA
"HICKORY FARMS, LLC",2016302617,"HICKORY FARMS, LLC"
HIGH EXPECTATIONS L.L.C.,2018309028,THE POWER OF THE FLOWER
HIGH QUALITY CONCEPTS,2014301369,Best Janitorial Services of Nevada
"HIGHEND ENTERPRISES, LLC",2015303387,All In Appraisal
HIGHWAY TECHNOLOGIES INC,2010303019,TOURNAMENTS FOR CHARITY
HILARY JACOBS,2019311155,TIMELESS TREASURES ESTATE SALES
"HILTI, INC.",2015303108,"HILTI, INC. - TAX DEPARTMENT"
"HINIKER INVESTMENTS, INC",2014300911,MURPH'S INSURANCE GROUP
HIRE YOURSELF INC,2015300790,HIRE YOURSELF INC
HIS HOP NATION,2022319687,His Hop Nation
HKL CREATIVE LLC,2024330399,Engineering for Kids
HMNVCO LLC,2021316991,Home Means Nevada Co.
HNJ Henderson Inc.,2013303112; 2024330771,Hot N Juicy Crawfish
"HOBBLE CREEK SERVICES, LLC",2016300107,"HOBBLE CREEK SERVICES, LLC"
HODGES ENTERPRISES OF LAS VEGAS # 7 LLC,2015302182,JIMMY JOHNS #7
HODGES ENTERPRISES OF LAS VEGAS # 9 LLC,2015302181,JIMMY JOHNS #9
"HOF'S HUT RESTAURANTS, INC.",2004302187; 2004302188,LUCILLE'S SMOKEHOUSE BBQ
"HOGUE, INC.",2014302242,"HOGUE, INC."
"HOLLAND, MICHAEL",1800038679; 2017304283,GOLD CASTERS JEWELRY
"HOLLYWOOD ACCESS, INC.",2021316159,"HOLLYWOOD ACCESS, INC."
"HOLTZEN AND JOHNSON, LTD.",2006304520,NEVADA ORAL AND FACIAL SURGERY
HOME DEFENSE FOUNDATION,2011302689,HOME DEFENSE FOUNDATION
HOME SWEET HOME REPAIR SERVICE LLC,2014302520,HOME SWEET HOME REPAIR SERVICE LLC
HOMERUN ENTERPRISES,2005304260,SOUTHWEST TREASURES
"HOOKS, IRMA C",2009300047,Basic Sports
HOPELINK OF SOUTHERN NEVADA,2004304523,HOPELINK OF SOUTHERN NEVADA
"HOPKINS, BILLY C JR",2015302749,BILL HOPKINS CARPET CLEANING
HORIZON POOL & SPA SERVICE LLC,2019312473,HORIZON POOL & SPA SERVICE LLC
HORIZON STORAGE PARTNERS LLC,2021316951; 2021316952,STORAGEONE
"HORST WEALTH MANAGEMENT, LLC",2022320365; 2022320366,"HORST WEALTH MANAGEMENT, LLC; SELECT WEALTH ADVISERS"
"HORTICULTURE CONSULTANTS, INC.",2005304259,"HORTICULTURE CONSULTANTS, INC."
"HOSPICE DEL SOL, LLC",2015302974,"HOSPICE DEL SOL, LLC"
HOT NAIL,2012310627,Hot Nails
"HOWARD, KERRI L",2012309490,KERRI HOWARD DESIGNS
HP Star Inc.,2022319337; 2023323423,HP Smoke & Vapor 5; HP Smoke & Vapor 13
"HPRW, INC.",2015302179; 2015302178; 2015302180,AMPM @ RUSSELL & I95
"HRB Tax Group, Inc.",2008300029; 2016301760,H&R Block; H & R BLOCK
HRD Homes LLC,2023322672,Herczeg Residential Design
HS LV 1 LLC,2025332577,HealthSource
HST MEDICAL LLC,2018308325,Complete Care OBGYN
"HTLV Wealth Management, LLC",2019309790,Hightower Las Vegas
"HTM MBS, LLC",2023321838,MBS Standoffs
"HTO, LLC, A LIMITED LIABILITY COMPANY",2003305543,HOUSING ADVISORS INTERNATIONAL
"HUANGFU PSYCHOLOGICAL SERVICES, PC",2022320607,"Raven Psychological Services, PC"
"HUDGINS, TYLER",2012301030,LOVE LAS VEGAS MINISTRIES
HUMMUS LLC,2017305423,Hummus
"HUMPHREYS, WILLIAM KIM",2003301263,KIM'S MARINE SERVICE
HURST ENGINEERING AND INSPECTION. PLLC,2016301610,HURST ENGINEERING AND INSPECTION. PLLC
HW Life and More LLC,2023329232,HW Life and More LLC
HWC LLC,2019311878,HEALTH AND WELLNESS CENTER
HWMIN Boulder Hwy LLC,2021318302,Wills Hawaiian BBQ
HWNV LLC,2023321969,Hotwire
"HYDE, DON",2013300450,SERVICE CARPENTRY
"HYMAN, LTD",2015300766,LAW OFFICES OF NEAL HYMAN
HYTIVA SERVICES LLC,2020314913,HYTIVA SERVICES LLC
Habibian Soccer Group Inc.,2018308213,Soccer Zone
Hacienda Window Cleaning LLC,2024330597,Hacienda Window Cleaning
"Hadiza E. Hamza, M.D., A Professional Corporation",2023322013,Horizon View Medical Clinic
"Hagin Enterprises, LLC",2022318561; 2022318562; 2022318563; 2021317444; 2021317446; 2021317445,"Hagin Enterprises, LLC"
Haim Aboushdid Avidor,2019312221; 2019312220,Power Locksmith
"Hair Today Gone Tomorrow, LLC",2024329472,Hair Today Gone Tomorrow
Hale Injury Law LLC,2014300855; 2024330644,Hale Injury Law
Half Price Mattress LLC,2017306300,Half Price Mattress LLC
"Halfelven, Inc",2025331949; 2025331950,Porsche Henderson
Haloes Touch Hospice Inc,2022320762,Haloes Touch Hospice Inc
Hamade Global Inc.,2022320382,H&H Event Group
Hammond & Hammond Limited-Liability Partnership,2007300735,Hammond & Hammond Limited-Liability Partnership
"Han & Ju, Inc.",2015301691,Kaizen Fusion Roll & Sushi
"Hanamint Corporation, Inc.",2023323500,"Hanamint Corporation, Inc."
"HandCraft Skincare, LLC",2022318918,Handcraft Skincare
Handy Heroes LLC,2025333105,Handy Heroes
HandyMan Cory LLC,2025333579,HandyMan Cory LLC
Handyman Mike LLC,2026335551,Handyman Mike LLC
Handyman Ruben LLC,2025332634,Handyman Ruben LLC
"Hanger Prosthetics & Orthotics, Inc.",2021317607,"Hanger Prosthetics & Orthotics, Inc."
"Hankins Plastic Surgery Associates, P.C.",2025333439,Hankins and Sohn Plastic Surgery Associates
Hanna's Handyman LLC,2024330831,Hanna's Handyman LLC
Hannah's Wild Crumb LLC,2025333253,Hannah's Wild Crumb LLC
"Hap-E-Dog, L.L.C.",2000055911,Hap-E-Dog Natural Food & Barkery
Happy Baby and Beyond LLC,2020313058,Happy Baby and Beyond
Happy Clean Cans Inc,2024331162,Happy Clean Cans
Happy Ending Management LLC,2022320254,Happy Ending Chocolate
Happy Nails 9 Inc,2022319232,Happy Nails 9
Happy Tails Pet Grooming LLC,2023322246,Happy Tails Pet Grooming LLC
"Happy Task, LLC",2025333987,"Happy Task, LLC"
"Harbor Freight Tools USA, Inc.",2015302521,"Harbor Freight Tools USA, Inc."
"Harcalf Agency, LLC",2011302298,"Harcalf Agency, LLC"
Hard Eight Nutrition LLC,2015303443,Bulksupplements.com
Hard Rock Pumping & Placement LLC,2016302575,Hard Rock Pumping & Placement LLC
"Hargil, Inc.",1998039573,Dairy Queen of Gator Valley
Harmony House LLC,2025332930,Harmony House LLC
Harmony's Dream Clean L.L.C,2026336025,Harmony's Dream Clean
"Harold Zilbermer, M.D., Chartered",2019312030,Nevada Pediatric Specialists
"Harout V. Gostanian, DDS, MSD, PC",2015302614,Galleria Pediatric Dentistry
"Harpreet Tsui, D.O., PLLC",2022319969,Coronado Health Direct Primary Care
"Harriet H. Roland, M.B.A., J.D., A Professional Law Corporation",2007301949,Roland Law Firm
"Harris & Associates, Inc.",2021316989,"Harris & Associates, Inc."
Harris Counseling Inc,2021316639,Harris Counseling Inc
Harry Earl Kammerzell II,2024329533; 2024329534,Wildstar Fibers; Kammerzell's Collectibles
Hartham LLC,2019309989; 2019309988,East Henderson Trading Company
Harvest Events LLC,2026335021,Harvest Divine Elegance
"Harvey H. Chin, D.D.S., LLC",2023322275,Vegas Dental Experts
"Hast-A-Bites, LLC",2024330702,"Hast-A-Bites, LLC"
Hastening Inc,2018306939,The Hastening
"Hat World, Inc.",2011303184; 2007304854,Lids Locker Room; Lids #6118
Haul Yeah Junk Removal LLC,2026334790,Haul Yeah Junk Removal LLC
"Haus, Lolita",2014301315,"Haus, Lolita"
Hawaiian Brain Freeze,2019312968,IWALANI'S
Hawkins Equipment Group LLC,2026335743,Elite Auto Solutions
"Hayat Jawadi, D.O., PLLC",2018309649,PREMIER OB/GYN OF SOUTHERN NEVADA
"HazAir, Inc.",2012310819,"HazAir, Inc."
"Hazen and Sawyer, P.C.",2025333094,Hazen and Sawyer
Head to Heart LLC,2014300909,Head to Heart LLC
"Headstart Health, Inc",2026335178,Southern Nevada Chiropractic
Heal As You Are LLC,2024330758,Heal As You Are
Healing & Beauty LLC,2024329684,Healing & Beauty
"Healing Conversations, LLC",2023321443,"Healing Conversations, LLC"
Healing Heroes Foundation,2026335613,Healing Heroes Foundation
Healing Touch by Liliana LLC,2025332146,Healing Touch by Liliana LLC
"Healing With Grace, LLC",2017304569,"Healing With Grace, LLC"
Healingnest10 LLC,2026335854,Healingnest10 LLC
"Health Advocates Network, Inc.",2022320790,"Health Advocates Network, Inc."
Health Benefits Associates,2025332445,Health Benefits Associates
"Health Energy Longevity, LLC",2025333908,"Health Energy Longevity, LLC"
Health Oasis LLC,2025332934,Health Oasis Care Home
Health Xpress Medical Center LLC,2021315874,Health Xpress Medical Center LLC
Healthcare Billing Resource LLC,2018307173,Healthcare Billing Resource LLC
Healthnomic Partners Sonani MD PLLC,2024330968,Sagebrush Healthcare
"Healthstat Wellness, Inc.",2021316280,"Healthstat Wellness, Inc."
Healthy Balance Inc,2019310336,Healthy Balance
"Healthy Glow LV, LLC",2024331284,Glow Sauna Studios
Healthy Kitchen NV 6 LLC,2021316006,9th Island Grill
Healthy Skin Aesthetic Suites LLC,2024331266,Healthy Skin Aesthetic Suites LLC
Hearing Associates of Las Vegas LLC,2014302239,Hearing Associates of Las Vegas LLC
"Hearing Centers of Nevada, LLC",2019310803,"Hearing Centers of Nevada, LLC"
Heart & Heart LLC,2022318526,Heart & Heart LLC
Heart Well Rehabilitation,2025334306,Heart Well Rehabilitation
Heart and Sol Collective,2023329199,Heart and Sol Collective
Heart of Hearts Homecare LLC,2025334438,Heart of Hearts Homecare LLC
Heart of Nevada Prof. LLC,2025333521,Heart of Nevada
Heart of the Matter LLC,2024331164,Heart Of The Matter LLC
Heart to Heart Doulas LLC,2024330760,Heart to Heart Doulas LLC
Heartly Creations LLC,2022318492,Heartly Creations
Heated Health Green Valley LLC,2024329739,Perspire Sauna Studio Green Valley
Heather Bodine,2019311557,Aesthetic Delights
Heather Danielle Jacquart,2023322509,HJ Photography
Heather L Myers,2020314476,"MYERS, HEATHER L"
Heating & Cooling Supply LLC,2017300187,Heating & Cooling Supply LLC
Heaton & Pardo LLC,2024331584,Pardo Services
"Heavenly Rest, LLC",2025333996,Holysheets
Heavy Barbershop LLC,2025333365,Heavy Barbershop LLC
"Hecker, Loryann",2013302688,Alchemy Esthetics
Hector E Juarez,2020313550,Hector Juarez Construction
Hector Fernando Gonzalez,2020314508,HJE Photo Booth
"Heerdt Insurance Group, Inc.",2017304862,"Heerdt Insurance Group, Inc."
Heidi Dutch LLC,2022318607,HEIDI DUTCH PILATES STUDIO
Heidi H. Enrile LLC,2019312640,Annex Properties
Helene Rudolph,2022320231,Kaleidotoes
Helget Gas Products Inc.,2015303199,Speedy Fountain Service of Nevada
Hellbent Cycles LLC,2023321419,Hellbent Cycles
Hello Calm LLC,2020314489,Hello Calm
Hello Coaching LLC,2022321074,Hello Coaching
Henderson #1 Handyman LLC,2024331678,Henderson #1 Handyman LLC
Henderson Aikido LLC,2011302278,Henderson Aikido
"Henderson Chamber of Commerce Foundation, Inc.",2012300970,"Henderson Chamber of Commerce Foundation, Inc."
Henderson Chevrolet Co.,1995036149; 1995036148; 2015300484,Henderson Chevrolet Co.
Henderson Coronado NV Opco LLC,2025332626,Coronado Ridge Skilled Nursing & Rehabilitation Center
Henderson Cougars Lacrosse Club,2025334411,Henderson Cougars Lacrosse Club
"Henderson Counseling Services, LLC",2020314809,"Henderson Counseling Services, LLC"
Henderson Delmar NV Opco LLC,2024331848; 2024331849,Oasis Nursing & Rehab of Green Valley
"Henderson EWC, LLC",2022318391,European Wax Center
Henderson Elite FC LLC,2024331060,Henderson Elite FC LLC
"Henderson Executive Suites, LLC",2016302149,Premier Business Centers
Henderson Honeycomb LLC,2020314369,Bee Hive Homes of Henderson
"Henderson Hospitality, LLC",2021316348; 2021316347,Hampton Inn & Suites
"Henderson Housing, L.P.",2025332230,Highland Village Apartments
"Henderson Hydration & Wellness, LLC",2021316999,Prime IV Hydration & Wellness
Henderson Ice Facility Ops LLC,2020315062,America First Center in Henderson
Henderson International Consulting & Investment LLC,2022320828,Henderson International Consulting & Investment LLC
Henderson Junk Removal LLC,2024331228,Henderson Junk Removal LLC
"Henderson Long Term Care, LLC",2021315791,Green Valley Health and Wellness Suites
"Henderson Luxury Imports, Inc.",2026334768; 2026334769,BMW of Henderson
Henderson Medical Billing Group LLC,2022321043,Henderson Medical Billing Group LLC
Henderson Memory Care LLC,2020313997,Bee Hive Homes of Henderson Memory Care
Henderson Mental Health LLC,2026334581,Henderson Mental Health LLC
"Henderson Nevada Chamber of Commerce, Inc.",2020313886,"Henderson Nevada Chamber of Commerce, Inc."
Henderson PRP and Wellness LLC,2022321266; 2022321267,Henderson PRP and Wellness
"Henderson Pediatric Dentistry Hon DMD, P.C.",2018308981,Cosmic Kids Dental
Henderson Pediatrics PLLC,2025333489,Henderson Pediatrics
Henderson Pest Control LLC,2018307954,Henderson Pest Control
Henderson PetroMart LLC,2022320198; 2022320197; 2022320199,Henderson PetroMart
"Henderson Pharmacy, LLC",2022320798,"Henderson Pharmacy, LLC"
Henderson Potter's House,2021316929,THE POTTERS HOUSE
"Henderson Primary, Professional LLC",2025332842,Henderson Primary
Henderson Psychiatry Corporation,2023329282,Henderson Psychiatry Corporation
Henderson Retail 61 LLC,2021317735,Lion's Den
Henderson SZ LLC,2024331046,Stretch Zone
"Henderson Salon Boutique, LLC",2021316074,Salon Boutique
Henderson Senior Care LLC,2022319438,Henderson Senior Care LLC
"Henderson Shack, L.L.C.",2021317604,The Chicken Shack
Henderson Specialty Rx,2024331264,Siena Pharmacy
Henderson Vision Care LLC,2019310144; 2019310145,Henderson Vision Care
"Henderson-Hy, LLC",2022319485; 2022319486; 2023323183,Henderson Hyundai Superstore; Henderson Recon Center
"Henning Investments, LLC",2018307418,Jimmy John's Sunset
Heppler Audiology PLLC,2010303024,Advanced Audiology Institute
Her Place L.L.C.,2022321105; 2024329456; 2024329457; 2024329458,Her Place Med Spa
Hera Armenian Consulting Ltd.,2024329752,Hera Armenian Consulting Ltd.
Herbally Grounded II LLC,2024331719,Herbally Grounded II LLC
Herban Infusion LLC,2017300532,Anytime Fitness
"Herbst Acquisitions, LLC",2011303320,"Herbst Acquisitions, LLC"
Here Tis Inc,2025334373,Here Tis Inc
Heritage Gallery LLC,2026334659,Heritage Gallery LLC
"Heritage Pointe, LLC",2000058509,Heritage Pointe Apartments
Heritagewallcoverings LLC.,2019311369,Heritagewallcoverings LLC.
Herman A Garcia,2025332400,Nivexo Document Services
Hernandez & Associates Inc.,2023322738,Hernandez & Associates Inc.
"Hero Finishes Company, LLC",2020315386,Hero Flooring
Hero Party LLC,2024331372,Lightspeed Training
Heroes & Heart,2023322290,Heroes & Heart
Heron Works LLC,2025334208,Heron Works LLC
"Hesham Sirsy, M.D., LTD.",2005306642,ABC Pediatrics
Hharpp Business Services Inc.,2026335775,Hharpp Business Services Inc.
Hi-Standard Dog Training LLC,2026336014,Hi-Standard Dog Training LLC
"Hibbett Retail, Inc.",2023321311,Hibbett Sports
Hibs Yoga LLC,2024331303,HIBS Structural Integration & Yoga
Hidden Hibachi LLC,2026336133,Hidden Hibachi
High 5 Dog Treats LLC,2021317345,High 5 Dog Treats
"High Desert Heat NV, Inc.",2024330789,HDHNV
High End Detailing LLC,2026336066,High End Detailing LLC
High Hope's Horsemanship LLC,2022320463,High Hope's Horsemanship LLC
"High Karat, LLC",2021316950,"High Karat, LLC"
High Limit Spirits,2022319182,High Limit Spirits
High Roll Vending LLC,2026334648,High Roll Vending LLC
High Rollers Motorcycle Club,2024329438,High Rollers Motorcycle Club
High Tech Development,2025334323,High Tech Development
"Highland Enterprises, Inc.",2001002503,Burger King
Highrollers Kennel LLC,2026334636,Highrollers Kennel
Hiive Creative LLC,2022319596; 2022319595,AiNO; Hiive Creative LLC
Hilario D. Rojo,2005304700,Rojo's Gardening
Hilt Ventures LLC,2024330561; 2024330562,Hilt Ventures LLC
Hiraya Coffee LLC,2025333136,Hiraya Coffee
"Hispanic Solutions Group, LLC",2026334690,"Hispanic Solutions Group, LLC"
Hitzman Health and Wellness LLC,2024330061,Hitzman Health and Wellness LLC
"Hoa Binh Services, LLC",2023321589,Color Nails & Spa
"Hobby Lobby Stores, Inc.",2021315804; 2010302420,Hobby Lobby; Hobby Lobby Creative Center #441
Hobocode LLC,2026334745,Hobocode LLC
Hodges Holistic Health LLC,2025333375,Hodges Holistic Health LLC
"Holidays Perfected, LLC",2019312005,"Holidays Perfected, LLC"
Holistic Healing Counseling & Wellness Center LLC,2021318125,Holistic Healing Counseling & Wellness Center
Holiystic Enterprises LLC,2022319833,Holiystic Vet
Hollis Cleaning Service and Hollis Carpet Cleaning Service LLC,2025332167,Hollis Cleaning Service and Hollis Carpet Cleaning Service LLC
Hollistic Wound Care Of Las Vegas PLLC,2025332296,Hollistic Wound Care Of Las Vegas PLLC
"Hollywood Kids, LLC",2012306955; 2019312841,Broadway Kids Academy
Holy Dough Co LLC,2025333152,Holy Dough Co.
"Home Depot U.S.A., INC.",1992011493,The Home Depot 3302
"Home Energy Connection, LLC",2010300041,"Home Energy Connection, LLC"
Home Funding Corporation,2025334246,Home Funding Corporation
Home Watcher LV LLC,2018307610,Home Watcher LV LLC
HomeBuddy Handyman Services LLC,2025333211,HomeBuddy Handyman Services LLC
"HomeGoods, Inc.",2016302770; 2004303754,"HomeGoods, Inc.; HomeGoods #313"
"HomeLight Home Loans, Inc.",2025332290,"HomeLight Home Loans, Inc."
HomeSweetHomeCare LLC,2025333353,Home Sweet Home Care
"HomebasedRecruiter, LLC",2024331583,Henderson Soccer Academy
Hometown Appliance Repair LLC,2021318227,Hometown Appliance Repair
Homewood Asset Management LLC,2024331075,Homewood Asset Management LLC
Hone Law LLC,2018307160,Hone Law LLC
Honest Hospitality Talent LLC,2022319980,Honest Hospitality Talent LLC
Honey+Grace Events & Design LLC,2024329850,Honey+Grace Events & Design LLC
Honeybee Foods Corporation,2020314162,Jollibee
Hong Nguyen DDS LLC,2023321749,LV Dental Arts
"Honorable Appliance Repair, LLC",2021315999,"Honorable Appliance Repair, LLC"
Hoop Las Vegas LLC,2025333421,Hoop Las Vegas LLC
Hope Financial Solutions LLC,2016302351; 2016302349,Hope Financial Solutions LLC
Hope and Healing Therapy LLC,2020315325,Hope and Healing Therapy LLC
Horizon Food LLC,2022318662; 2022318663,Grand China; GRAND CHINA
Horizon Health & Wealth LLC,2026336141,Horizon Health & Wealth LLC
Horizon Nail LLC,2022318556,Horizon Nail
Horizon Pines LLC,2002301546,Horizon Pines Senior Apartments
Horizon Ridge Dental LLC,2017305029,Horizon Ridge Dental LLC
Horizon Ridge Park Villas Inc,2007301657,Horizon Ridge Villas
"Horizon Ridge Surgery Center, LLC",2021317874,Horizon Ridge Surgery Center
"Horizon Self Storage, LLC",2017304167; 2003304354,All Storage
"Horrocks Brokerage Services, LLC",2020314884,"Horrocks Brokerage Services, LLC"
Horrocks LLC,2024329600,Horrocks LLC
Horseshoe Southwest LLC,2021318265,The UPS Store #5960
Hoskins Equipment LLC,2025334143,Hoskins Equipment LLC
"Hospitable, Inc.",2026335470,"Hospitable, Inc."
"Hot Topic, Inc.",1996040382; 2016302501,"Hot Topic, Inc.; Box Lunch"
"Hot Tub Liquidators, Inc.",2021315571; 2023323369,Hot Tub Liquidators
"Hot Tub Superstore 2, LLC",2024330353,"Hot Tub Superstore 2, LLC"
Hot Under the Collar LLC,2026335683,Hot Under the Collar LLC
Hot Wheelz Mobile Detailing LLC,2025332817,Hot Wheelz Mobile Detailing
"Hot-N-Gui, LLC",2018309487,"Hot-N-Gui, LLC"
Hotel Management Services LLC,2023322822; 2023322823; 2023322824,Hilton Garden Inn
Houdini Locksmith and Handyman LLC,2018309479,Houdini Locksmith
House of Boba LLC,2024330400,Teaspoon Green Valley
House of Rice N Sweets L.L.C,2025333621,House of Rice N Sweets
Housing Help for Nevada,2009300388,Housing Help for Nevada
"Houston's Hot Chicken 1500 Green Valley, LLC",2021315805,Houston's Hot Chicken
Howweirdwear LLC,2026335432,Bach & Haulo
Howza LLC,2025334260,Dead Sprint Radio
Hoyle Dentist of Green Valley PC,2024331586,Dentists of Green Valley
Hsien-Po Luo,2024330083,Hsien-Po Luo
Huck Communications LLC,2026334550,Huck Communications LLC
Huckleberry Pool Pros LLC,2025332849,Huckleberry Pool Pros
Huddle Gaming Inc.,2025333241,Huddle Gaming Inc
Hudson Property Management LLC,2008304422,Hudson Property Management
"Hudson Real Estate, LLC",2014300867,Hudson Real Estate LLC
Huevos Avenue,2025333048; 2026335109,Huevos Avenue
"Hughes Networks Systems, LLC",2023321544,"Hughes Networks Systems, LLC"
Hugo Avila,2023323189,Taco24
Hummingbirds Custodial Care,2022319082,Hummingbirds Custodial Care
Hunt St Handyman LLC,2021317559,Hunt St Handyman LLC
"Hunt, Jeffrey Joe",2005306599,ADJ Mobile Upholstery
Hurt Less Play More LLC,2025333370,Thestretchdoc
Hutchings LTD,2020313232,Hutchings LTD
"Huynh-Truong Pham Vu, MD, Ltd.",2007304012,Anthem Pediatrics
Hyarch LLC,2024330511,Hyarch LLC
"Hydro-Craft, Inc.",2013302820,"Hydro-Craft, Inc."
Hyena-Empire Studio Inc.,2021315948,Joseph Watson Art
"Hyper Networks, LLC",2024330492,"Hyper Networks, LLC"
Hyperlocal Media Nevada LLC,2024330564,Hyperlocal Media Nevada LLC
I & I Home Repairs & Remodel Inc.,2023322119,I & I Home Repairs & Remodel Inc.
I Love Bodywork LLC,2022318810,I Love Bodywork
"I Love Donuts, LLC",2023322493,DonutNV
"I Love Henderson, Inc.",2017305735; 2017305736,I Love Sushi
I am a very stylish girl LLC,2024329567; 2024329568,Very Stylish Esthetics
"I'M POSITIVE, INC.",2011300880,"I'M POSITIVE, INC."
I-15 Mobile Repair Services Inc.,2022318863,I-15 Mobile Repair Services Inc.
I3 Digital PD LLC,2015300696,I3 Digital PD
"IBANEZ, INEZ G",2012300568,INEZ HOUSE CLEANING
IBOK Massage Therapy LLC,2023322780; 2023322781,Trinity Massage
"IC Labs, LLC",2020315353,"IC Labs, LLC"
ICE Enterprise LLC,2016300771,Glace Cryotherapy
ICME Foundation,2025332713,Henderson Pride
"ICS Communications, LLC",2008300702,ICS COMMUNICATIONS LLC
IDO Consulting LLC,2025333992,Las Vegas Training Collective
IDT Corporation,1997TC0817,IDT Corporation
IFM Ventures LLC,2023322626; 2023322627,Greek Bistro
"IGERT, JEREMY J",2006302985,"IGERT, JEREMY J"
IGLESIA CRISTIANA NUEVA JERUSALEN,2009303141,IGLESIA CRISTIANA NUEVA JERUSALEN
IIR Solutions LLC,2025334097; 2025334098; 2025334262,Vegas Garage Masters; Sliding Door Repair Co; Vegas LockMasters
IKEA US Retail LLC,2025333224,IKEA US Retail LLC
ILA Investments LLC.,2017300455,Facilities Maintenance Service
ILSD LLC,2019310205,Vercini
ILY-Larc LLC,2025333490,Renew Care Pharmacy
IMEG Consultants Corp.,2024330461,IMEG Consultants Corp.
IMPACT NATION,2021315797,IMPACT NATION
IMPULSE INVESTMENT GROUP LLC,2013300160,SIN CITY MOBILE DETAILING
IMR FLOAT LLC,2019310931,IMR FLOAT
IN HER DRAWER LLC,2019310212,AURORA INTERIORS
IN HOUSE MEDICAL BILLING,2008301242,INHOUSE MEDICAL BILLING
IND PALLET LLC,2014300363,IND PALLET LLC
INFINITE VITALITY L.L.C,2013302683,INFINITE VITALITY L.L.C
"INGALLS, DEBBORAH",1996040301,MATHEMATICS PLUS
"INM ENTERPRISES, INC",1994030105,NATIONWIDE SAFETY BRAKE & ALIGNMENT
"INNOTIV GERMIN, PLLC",2019310574,CLINICAL NEUROLOGY SPECIALISTS
INNOVATIVE NETWORK SOLUTIONS LLC,2005306651; 2005306650,INNOVATIVE NETWORK SOLUTIONS LLC
"INSIDE CORPORATION, THE",2004301918,"INSIDE CORPORATION, THE"
INSITE HR SOLUTIONS LLC,2019312351,INSITE HR SOLUTIONS
INSPIRE BY DESIGN LLC,2018308124,Inspire By Design
"INSPIRING WELLNESS, LLC",2021316794,"INSPIRING WELLNESS, LLC"
"INSURANCE FOR LESS, LLC",2018307681,Senior Care Benefit
"INTEGRATED MANAGEMENT ASSOCIATES, INC.",2004303669,NEO-TECH PUBLISHING COMPANY
INTEGRATED MEDICAL SYSTEMS INC,2020314177,INTEGRATED MEDICAL SYSTEMS INC
"INTEGRATED TRACKING SYSTEMS, INC.",2008301225,"INTEGRATED TRACKING SYSTEMS, INC."
"INTEGRITY REHAB GROUP, INC.",2015302164,"INTEGRITY REHAB GROUP, INC."
"INTELLIGENT BROADCASTING SYSTEMS, INC.",2016300976,"INTELLIGENT BROADCASTING SYSTEMS, INC"
INTERMOUNTAIN REALTY LLC,2019312529,INTERMOUNTAIN REALTY LLC
INTERNATIONAL LIFE CHURCH OF INDIANAPOLIS INC,2006301314,INTERNATIONAL LIFE CHURCH OF INDIANAPOLI
IP Networked Services Inc,2011302209,IP Networked Services Inc
"IPC Industries, Inc.",2025332107; 2025334224,Prestige Golf Cars
"IPT MARBLE SERVICE OF NEVADA, INC.",2010300005,"IPT MARBLE SERVICE OF NEVADA, INC."
IQI Cleaning & Restoration LLC,2014303223,IQI Cleaning & Restoration LLC
IR LLC,2023329294,IRTV
IREPLV LLC,2018309299,IREPLV LLC
"IRWAN GOH, DDS, PC",2012309543,"IRWAN GOH, DDS, PC"
"ISD Las Vegas, LLC",2012300783,DaVita Green Valley Dialysis
ISP Industries LLC,2024330663,ISP.Net
ISR Boulder City LLC,2019312929,ISR Boulder City LLC
ISR Henderson LLC,2024331520,ISR Henderson LLC
IStaffU LLC,2026335558,Adventure Vegas Events
IT'S ALL ABOUT THE CHILDREN,2009301313,IT'S ALL ABOUT THE CHILDREN
"IT'S FRIDAY, LLC",2018306761,The UPS Store 6980
"ITO, INCORPORATED",2007303571,KIKKA
"ITZ Phenix, Henderson LLC",2017305473,Phenix Salon Suites
IZAREN JEWELRY LLC,2016301513,PRESTIGE JEWELRY & GIFTS
"Ian K. Yamane, D.C. ""Professional Corporation""",2021316271; 2021316272; 2013301597; 2017305237; 2025332176,Valhalla Wellness and Medical Centers; Nevada Rehabilitation Center; Nevada Rehabilitation Centers
"Iasos Beyond, LLC",2024330235,Iasos Beyond
Iberko LV LLC,2022320919,Rilassare LV
"Ice Coled I.T. Services, LLC",2019310469,Ice Coled I.T. Services
IceDreams LLC,2017304750,Bellalinda Gelateria Italiana
Icon Landscaping LLC,2025334288,Icon Landscaping
"Iconic Business Advisors, LLC",2026335896,"Iconic Business Advisors, LLC"
Idea4Las LLC,2023323121; 2023323122,Mint Indian Bistro
Ideal Cleaning Pros LLC,2026334799,Ideal Cleaning Pros
Identity Hormones NV LLC,2024330067,Identity Hormones NV LLC
Ignite Dance Center L.L.C.,2019312680; 2018308436,Ignite Dance Center
Ikon Energy LLC,2026334746,Cruzing Carts
Ikponmwosa Amadin,2024330394,Big Sosa Tennis Academy
Illuminated Skin and Body LLC,2025333761,Illuminated Skin and body
Image Engineering Special Effects Inc.,2021316180,Image SFX
Image First of California LLC,2023323337,Image First of California LLC
"Imagine Communications, Inc.",2025333299,Imagine Communications
"Immaculate Divine, LLC",2022318510,Immaculate Restoration+ Carpet Care
Impact Decisions LLC,2026336057,Impact Decisions LLC
Impeccable Cleaning LLC,2024330028,Impeccable Cleaning LLC
"Imperfect Foods, Inc",2022319397,Imperfect Foods
"Imperial Furniture, LLC",2025333458,Imperial Furniture
Impresario Limited LLC,2018307143,4 Elements
In Harmony Healing LLC,2024329576,In Harmony Healing
In Session Therapy Professional LLC,2024329892,In Session Therapy Professional LLC
In-House Production,2024331468,In-House Production
In-N-Out Burgers,2021316548; 2001001505; 2024330205,In-N-Out Burgers; In-N-Out Burgers #150; In-n-Out Burgers
InTouch Credit Union,2025333743; 2025333748,InTouch Credit Union
"Incipe Iterum, LLC",2026335528,"Incipe Iterum, LLC"
Inclusion Fusion L.L.C.,2023329248,Inclusion Fusion
"Incor Labs, Inc.",2024331168,"Incor Labs, Inc."
Incubator Space LLC,2017306535,Incubator Space LLC
Indalecio Partida,2025333753,Reliable
"Independent Lifestyles, Inc.",2000056284,Visiting Angels
"Independent Photo Imagers, Inc.",2007304924,IPI Member Network
"Indigo Planning, LLC",2020315450,"Indigo Planning, LLC"
Indo Cal Foods Inc.,2013302223; 2013302262; 2013302334; 2013302415; 2013302416,Jack in the Box #7261; Jack in the Box #7236; Jack in the Box #7255; Jack in the Box #7271; Jack in the Box #7247
"Indoff, Incorporated",2021315633,"Indoff, Incorporated"
Indoor Pickleball Holdings LLC,2024331873,The Picklr
Indulge Vegas Realty LLC,2026334647,Indulge Vegas Realty
Industry 17 LLC,2024331205,Mighty Stitch & Apparel
Indy Clover Las Vegas LLC,2025332611,Indy Clover Henderson
Indy Jewels & Crystals LLC,2021317261,Indy Jewels
"Infant Swim Vegas, LLC",2023321680,Swim With Sylvie
Infinite Cleaning Services LLC,2026335527,Infinite Cleaning Services LLC
Infinite Soul Tribe LLC,2024331156; 2024331158,Infinite Soul Tribe
Infinite Wisdom Holdings LLC,2023323566,Infinite Wisdom
Infinity Auto Glass LLC,2021316660,Infinity Auto Glass LLC
Infinity Coordinators,2008303176,Infinity Coordinators
Infinity Health and Wellness LLC,2025334196,Infinity Health and Wellness LLC
Infinity Towing LLC,2017306069,Infinity Towing LLC
Inflate LV LC,2026334801,Inflate LV LC
Inform You Home Inspections LLC,2024331078,Inform You Home Inspections LLC
Infoscientific.com,2000055823,Infoscientific.com
Infused Therapies LLC,2023322842,Vital Care of Henderson
"Ink & Joy, LLC",2026335282,Ink & Joy by Karen
Ink A&E,2022319013,Ink A&E
Ink Defined LLC,2022318486,Ink Defined
Ink Fox Co LLC,2026334868,Ink Fox Co LLC
Innate LLC,2025333168,Refreshed Shoe Cleaner Galleria
Inner Workings Therapy LLC,2025333956,Inner Workings Therapy LLC
"Inner-Parish Security, Corporation",2024330790,IPSC
Innovative Acupuncture Center LLC,2023329384; 2023329385,Innovative Acupuncture Center
Innovative Home Repairs LLC,2013300174,Innovative Home Repairs LLC
Innovative Medical Consulting LLC,2010302569,Innovative Medical Consultants
Innovative Research and Analysis LLC,2025333227,Las Vegas FootGolf Club
Innovative Vending Solutions L.L.C.,2024331012,Innovative Vending Solutions L.L.C.
Inouye Group L.L.C.,2018308057,Inouye Group L.L.C.
Inovatex LLC,2022320672,Inovatex LLC
Insert Coin Vending LLC,2023322624,Insert Coin Vending
"Insight Administrative Services, LLC",2023323447,Insight Asset Services
"Insight Realty Associates, LLC",2023323473,"Insight Realty Associates, LLC"
Insight Sciences Corporation,2005302213,Insight Sciences Corporation
"Insite Towers, LLC",2023322285,"Insite Towers, LLC"
Inspection Las Vegas L.L.C,2025333752,Bridge Home Inspections
Inspirada Pediatrics LLC,2024330030,Inspirada Pediatrics LLC
"Inspirada Primary Care, LLC",2024330602,Inspirada Primary Care
Inspirada Realty LV LLC,2024331020,Inspirada Realty
Inspire Home Health LLC,2022320930,Inspire Home Health LLC
"Inspire Medical Systems, Inc.",2023321867,"Inspire Medical Systems, Inc."
"Inspired Delivery, L.L.C",2023322992,"Inspired Delivery, L.L.C."
Inspired Life Holdings LLC,2022318579,Inspired Life Cremations
Inspired Outdoor Designs LLC,2026335465,Inspired Outdoor Designs
"Insurance Solutions and Related Services, LLC",2012301470,American National
"InsureOne Insurance Services America, LLC",2019310777,WESTERN SAGE INSURANCE SERVICES
"Intagin, Inc.",2025332405; 2025332562,"Intagin, Inc; West Coast Gemstones"
Integrative Activation LLC,2026334997,Integrative Activation LLC
Integrative Massage Therapy of Nevada LLC,2023322485,Integrative Massage Therapy of Nevada LLC
Integrity Backflow LLC,2022321106,Integrity Backflow LLC
Integrity Based Management LLC,2021315980,Integrity Based Management LLC
"Inteligems, Inc.",2022318905,"Inteligems, Inc."
Intelligent Fire Systems & Solutions Inc.,2025333166,Intelligent Fire Systems & Solutions Inc.
Intellismart Global Staffing LLC,2026335002,Intellismart Global Staffing LLC
"Intellitalk, Inc",2024330574,"Intellitalk, Inc"
"Intentional Magnets, LLC",2026334682,Intentional Magnets
InterAlliance LTD,2020314456,Nevada Veterans Business & Economic Development
"Interactive Education Concepts, Inc.",2014302914,SPIDER Drivers Ed
"Interactive Educaton Concepts, Inc.",2011300019,An Online Comedy Traffic School By Improv
Interconnections Therapy LLC,2018306932,Interconnections Therapy
Interconnectware L.L.C.,2018307272,Interconnectware L.L.C.
"Interface Security Systems, L.L.C.",2013303147,"Interface Security Systems, L.L.C."
"Intermountain Golf Cars, Inc.",2022320850; 2022320851,Intermountain Golf Cars
"Intermountain Medical Holdings Nevada, Inc.",2022319859; 2022319863; 2022319861; 2023321634; 2023321635; 2023321636; 2023321637; 2023321638; 2023321639; 2023321640; 2023321642; 2023322115; 2023323594; 2023323634; 2025334328,Intermountain Health
Internal Medicine Specialist of Southern Nevada LTD,2026335770,Internal Medicine Specialist of Southern Nevada LTD
International Business Machines Corporation,1800038734,I.B.M. CORP.
"International Golf Maintenance, Inc.",2023329333,"International Golf Maintenance, Inc."
"Interscape, LLC",2025334334,"Interscape, LLC"
"Interstate Management Company, LLC",2022320957; 2022320958; 2022320959,Aloft Henderson
"Interstate Meat Procurement, Inc.",2019311401,"Interstate Meat Procurement, Inc."
Intrusion Detection Systems,2024330213,Intrusion Detection Systems
Intrusion Pest Control Incorporated,2019311927,Intrusion Pest Control Incorporated
"Intrusion Protection Systems, Inc",2018307157,LiveSmart Automation
Intuitive Touch Massage Therapy Prof. LLC,2022319829,Intuitive Touch Massage Therapy Prof. LLC
Inventright LLC,2026334663,Inventright LLC
Inversion Entertainment Group,2001003946,Inversion Entertainment
Invictus International Holdings LLC,2017305714,Invictus GS3
"Iriye Medical Group, PLLC",2022318384; 2024331802; 2025332868,High Risk Pregnancy Center; Legacy for Women OBGYN
Ironcrest Junk Removal LLC,2026335228,IronCrest Junk Removal
Ironwood Consulting Inc.,2016301879,Ironwood Consulting Inc.
"Irresistible Events, LLC",2022319842; 2023322784,Irresistible Events and Catering
Irv Edwards MD PC,2025334501,Henderson Emergency Physicians
Irv's Burgers LLC,2026335887,Irv's Burgers
Isaac B Espejo,2011303301,Safe and Secure Firearm Defense
Isabel Gonzalez,2026335345,Belle's Floral Decor
Isabel Travel LLC,2024330231,Isabel Travel LLC
Isaiah Thomas Chadwick,2025332031,1UP Therapy
Iscalon LLC,2026334607,Iscalon LLC
Ishi Enterprises LLC,2020314080,ISHI ARMS
Isohot LLC,2020314135,HOTWORX
"Isom MD, PLLC",2022319983,"Isom MD, PLLC"
"Israguard Security U.S, Inc.",2023322836,"Israguard Security U.S, Inc."
Issues LLC,2026335009,Pandemonium Cards and Comics
"It's All Greek To Me, LLC",2023329207; 2023329331,"It's All Greek To Me,; It's All Greek To Me"
It's Greek to Me LLC,2024330334,Greek Delights
Italian Restaurant Group LLC,2019310267; 2019310268,Carrabba's Italian Grill
"Its A Hit Marketing Group, LLC",2025332389; 2025332390,Imaginations USA; Imaginations UnLtd
Its Sushi Henderson LLC,2024331533; 2024331534,Its Sushi
Ivy Home Services LLC,2026335166,Ivy Home Services LLC
Izumi Steakhouse LLC,2023321428,Izumi Steakhouse
"J & F Enterprises, Inc.",2001300062; 2001300071,TIMBERS V; Timbers V
J & J Carpet Cleaning LLC,2000058475,J & J Carpets
"J & J ENTERPRISES, INC., A CLOSE CORPORATION",2004301577,Las Vegas Outdoor Living
"J & J Fuel Services, LLC",2021317765,"J & J Fuel Services, LLC"
J & K Miniature Golf LLC,2024331893,J & K Miniature Golf LLC
J & M Services LLC,2024330201,J & M Services
J & S Management LLC,2022319936; 2022319937,Moonlight Karaoke Lounge
J & S ROGERS COMPANIES LLC,2019310664,JKR WINDOWS
J & S Transportation LLC,2022318751,Discreet
"J AND S LAWN MAINTENANCE , LLC",2008303751,"J AND S LAWN MAINTENANCE , LLC"
J Cavallo Inc,2026335377,Secure Bath
"J Cogburn Law, LLC",2023321486,J. Cogburn Law
J H Consultant LLC,2025333415,J H Consultant LLC
J Hair Salon LLC,2020314261; 2020314260,J Hair Salon
"J IV J Trucking, LLC",2022318762,J IV J Trucking
J J's Tacos LLC,2025333426,Tacos Los Neri
J Jesus Perez Regalado,2015303821,J P R Maintenance
J S F INCORPORATED,2011300851,Fine Back Center
J Zakary Weidle,2024331084,Body Balance
J and N Cleaning Services LLC,2022319741,J and N Cleaning Services
J n J Pools LLC,2024331847,J n J Pools LLC
J&A Companies Inc,2019310811,MAACO
J&A Dryer Vent Cleaning LLC,2024329991,J&A Dryer Vent Cleaning
J&B Group LLC,2025333525,E/L Mobile Fleet Repair
"J&C Consulting Services, LLC",2026335501,The Building Connection
J&F Tax & Bookeeping LLC,2022320402,JFR Consulting Group
"J&K Saabwerx, LLC",2025332636,J&K Saabwerx
"J&R Delights, LLC",2021316060; 2024331593,UN POCO KRAZY; Aztec Burgers
"J&S Delivery, LLC",2026334711,Chaney's Deliveries
J&W Martinez Corporation,2019312940,Roberto's Taco Shop
J'Dermal Skincare LLC,2023322466,J'Dermal Skincare LLC
"J. Anne Photography, LLC",2023322547,"J. Anne Photography, LLC"
J. CASTRO LAW GROUP PLLC,2022319553,J. CASTRO LAW GROUP PLLC
"J. JANSEN DESIGNS, INC.",2020315121,"J. JANSEN DESIGNS, INC."
"J. RYERSON SMITH, CPA, LLC.",2014303606,"J. RYERSON SMITH, CPA, LLC."
"J. Robert West, M.D., Inc.",2010302037; 2010302229,Las Vegas Skin and Cancer Clinics
J. SCHEMBARI INC.,2017304621,Mypoolplans.com
J.B. Hunt Transport Inc,2025332053,J.B. Hunt Transport Inc
"J.B.A. Consulting Engineers, Inc.",2018307242,NV5 Consultants
"J.N.S. Final Touch, LLC",2025334123,"J.N.S. Final Touch, LLC"
J2 Commercial Cleaning,2007304881,J2 Commercial Cleaning
JA Escobedo LLC.,2013300370,Blue Zone Pool Services
"JABAAY, JACK",2005304372,CLASSIC CARPET CLEANING
JACINTO A CAMARGO,2019310570,Peruvian Mobile Car Wash
JACJR INDUSTRIES LLC,2016300529,JACJR INDUSTRIES LLC
JACKPOT JOANIES E.H. LLC,2010302334; 2010302336,Jackpot Joanies
"JAGANNATH S. SURPURE, M.D., P.C.",2006304266,CHILDREN'S URGENT CARE PEDIATRIC CENTER
JAGMenZ Roadside Assistance & Recovery LLC,2025333076,JAGMenZ Roadside Assistance & Recovery LLC
"JAILBUSTERS, INC.",1996041154,Jailbusters
JAIME AGUILAR,2015300056,MR & MRS CLEANING SOLUTIONS
JAK Group Inc.,2010300183,NV Cleaners
"JALANI, JAMES",2016301497,Canary Island Pool Service
"JALEETER, LLC",2015301990,"Short Sale Success, LLC"
"JAM LANDSCAPING & CUSTOM LAWNCARE, INC.",2018309230,"JAM LANDSCAPING & CUSTOM LAWNCARE, INC."
JAM RESIDENTIAL DESIGN & DRAFTING,2010303257,JAM RESIDENTIAL DESIGN & DRAFTING
"JAMES B. BELL INVESTMENTS, LLC",2005305512,THE BELL AGENCY
"JAMES I. GIBSON DDS MS, P.C.",2007302347,Gibson Orthodontics
JAMES S. KENT LTD,2013300190,JAMES S. KENT LTD
JAMES T BORN,2019311759,TRI STATE DETECTIVES
"JANRA DISTRIBUTION, INC.",2021316465,"JANRA DISTRIBUTION, INC."
JANRA MANAGEMENT LLC,2021316915,JANRA MANAGEMENT LLC
"JAPAN CREEK INTERNATIONAL, INC.",2009301781; 2009301782,JAPAN CREEK MARKET
JAPAN KARATE ASSOCIATION NEVADA,2011302653,JAPAN KARATE ASSOCIATION NEVADA
JARED W POWELL,2019312227,ALL DUCTS CLEANING
JB Epicure LLC,2025333665,A La Carte by CRAFTkitchen
"JBD Concepts, Inc.",2022321160,"JBD Concepts, Inc."
"JBE SYSTEMS, INC.",2016303320,"JBE SYSTEMS, INC."
JBK Nevada LLC,2026335707,Juicy Burger Kitchen
JBR Partners NV LLC,2026334744,Jeff's Bagel Run
JBRE NV LLC,2014301626; 2014301842,Pep Boys Auto Service & Tires
JBS Executive Detailing Incorporated,2025332798,JBS Executive Detailing
JC & CAROLYN WASH; EDWARD & LORETTA PELLIGRA,1995035945,Keep It Simple
JC DIESEL LLC,2025334425,JC DIESEL LLC
JC Welding Mobile LLC,2024329574,JC Welding Mobile
JC2CONSULTING LLC,2019312435,JC2CONSULTING LLC
JCT Cleaning Services LLC,2023323538,JCT Cleaning Services LLC
JC\DC Custom Designs LLC,2026336121,JC\DC Custom Designs LLC
JD Nails Spa LLC,2022319213,Glow Nail Bar
JD'S Paintworks LLC,2017305802,JD's Paintworks LLC
JDC LLC,2023323607,Daisies
"JDL Enterprises, LLC",2023322712,RightPath Financial Group
"JDMC, INC",2020315028,"JDMC, INC"
"JDMJ HOLDINGS, LLC",2018307103,Red Rock Running Company
JDP Associates LLC,2018307417,Architectural Design Concepts
JDW CONCEPTS LLC,2019311716,JDW CONCEPTS
"JEBCO, LLC",2010300666,Liquid Grip
JEFFREY SCOTT TROWER,2014300099,COMMUNITY PRODUCTIONS
"JENSEN'S RESTORATION, LIMITED",2017305161,"Jensen's Restoration, Limited"
JERIAN CHIROPRACTIC LLC,2013301709,JERIAN CHIROPRACTIC LLC
"JERLA, HOLLY",2016302667,HOLLY 4 FITNESS
"JESSEN, DEBORAH",2000056508,"JESSEN, DEBORAH"
JESSICA M MEDINA,2016300692,"MEDINA, JESSICA M"
JESSICA'S CHILDREN FOUNDATION,2010300805,JESSICA'S CHILDREN FOUNDATION
"JESUS IS LORD CHURCH LAS VEGAS, INC.",2011300168,JESUS IS LORD CHURCH
JESUS J LETRAS MENDEZ,2018308345,J-YEI Carpet Cleaning
JESUS ROCKS HENDERSON,2016302291,JESUS ROCKS HENDERSON
JESUS THE GOOD SHEPHERD ANGLICAN CHURCH,2011303072,JESUS THE GOOD SHEPHERD ANGLICAN CHURCH
JESUS TRIUMPHANT CHRISTIAN COMPLEX INC.,2005306674,JESUS TRIUMPHANT CHRISTIAN COMPLEX INC.
JFBA-Nevada LLC,2004303807,Cielo Apartments
JFFC L.L.C.,2018306719; 2018306720,Juan's Flaming Fajitas and Cantina
"JFOOD AND SUPPLY, INC",2020315146,"JFOOD AND SUPPLY, INC"
"JH Insurance Agency, Inc",2025332670,"JH Insurance Agency, Inc"
"JIB Enterprises, LLC",2009301566,Drug Plus Pharmacy
JJ Aloha LLC,2025333206,Aloha Sunrise Cafe
JJ Janitorial LLC,2025333378,JJ Janitorial LLC
JJ'S Smoothies LLC,2023321972,JJ'S Smoothies LLC
JJAFARIFAR PHD LLC,2023321310,Pivot Sports
JJD Beauty Salon LLC,2019312209; 2019312208,Extasis Beauty Salon #3
JJH Lawnservices LLC,2024329476,JJH Lawnservices LLC
JJJ APPLIANCE REPAIR & SERVICE LLC,2018307111,JJJ Appliance Repair & Service LLC
"JJJ Judge Sourdough II, LLC",2025332656,Sourdough & Co.
JJJA Italian Kitchen LLC,2025333058,JJJA Italian Kitchen LLC
JK Events LLC,2019311326,Love Me Foods
JK Investment Inc.,2023321376; 2023321942,Samurai Japanese Steakhouse & Sushi
JK JANITORIAL AND MAINTENANCE,2005304865,FIRST CHOICE CARPET & TILE CARE / ECOPRO
JKCMTG INC.,2009300211,JASON SPRONK
"JKS LAS VEGAS, LLC",2022321212,"JKS LAS VEGAS, LLC"
JL Mag (U.S.A) Inc,2024330936,JL Mag (U.S.A) Inc
"JLK HOME CARE, INC.",2015302856,"JLK HOME CARE, INC."
JLS Bookkeeping & Consulting LLC,2025332991,JLS Bookkeeping & Consulting LLC
JLucky Corporation,2017306350,Full Pool Services
JM Henderson LLC,2017306223,Jersey Mike's Subs
JM Las Vegas Construction LLC,2026334529,JM Las Vegas Construction LLC
JM STEPHANIE WIGWAM LLC,2018307011,Jersey Mike's Subs
JM Sunset LLC,2023322725,Jersey Mike's Subs
JMA Architects LLC,2024330106,JMA Architecture Studios
JMA Master Finish Construction LLC,2025334338,JMA Master Finish Construction
"JMB Property Services, LLC",2026335786,"JMB Property Services, LLC"
JMG Family Support Services Inc.,2023321314; 2025334223,Align to Thrive Coaching; The Neuro-Inclusive Nanny
JMG Hospitality LLC,2026335020,Bottle & Barrel Events LV
JMG Service and Repair LLC,2026334608,JMG Service and Repair
JMP Apex LLC,2024330910,Apex Armory
"JMS Artistry, LLC",2022320249; 2022320250,Wine and Canvas LV
"JMS Properties, Inc.",2006300812,"JMS Properties, Inc."
JNJ Sushi LLC,2020314011; 2020314012,Toro Sushi
JNL Services LLC,2026335054,Mr Big Stuff
JNS Psychological Associates LTD.,2024329536,Center for Sexual Health and Wellness
JOANN M. CUEVAS AGENCY L.L.C.,2021315572,JOANN M. CUEVAS AGENCY L.L.C.
JOANNE ELIZABETH LUCIA,2019310903,"Lucia, Joanne E."
"JOEL VALENTIN MARTINEZ, CONTRERAS",2017304492,MC Tint Mobile
"JOHN E. HERR, M.D., A PROFESSIONAL CORP.",2020313933,"JOHN E. HERR, M.D."
"JOHN J TUCKER INSURANCE AGENCY, INC.",2005305766,STATE FARM INSURANCE
JOHN ROBERT PIERSON,2021318266,3A Eagle Guardian Solutions
JOHNNY D.'S AUTO INC.,2007300574,JOHNNY D.'S AUTO INC.
"JOHNS, ANTHONY",1999047506,Pure Energy Productions
"JOHNSON, CINDY K",2006301440,"Johnson, Cindy K"
"JONATHAN PENN INSURANCE AGENCY P.C., INC.",2016302345,JONATHAN PENN INSURANCE AGENCY P.C.
"JONES, MICHAEL G",2006304114,WHITNEY RANCH DENTAL
JOSE DE JESUS RIVAS MARTINEZ LLC,2020313106,ROBERTOS TACO SHOP
JOSE MAGANA Z,2019311949,JOSE MAGANA LAWN SERVICE
"JOSH STEVENS FOUNDATION, THE",2010300854,"JOSH STEVENS FOUNDATION, THE"
"JOTT, LLC",2013303177,AMERIPRISE FINANCIAL
JOYPIXELS INC.,2005302174,JOYPIXELS INC.
JP & JC Landscaping Maintenance LLC,2023329387,JP & JC Landscaping Maintenance LLC
JP Nails LLC,2023322905,MJ Nails & Lashes
JP Papa Inc,2019312674; 2019312675,Amore Taste of Chicago
JPF INC,2006305059,JPF INC
"JPK, Inc.",2006300639,RE/Max Advantage
"JPMorgan Chase Bank, National Association",2021316005; 2010303004; 2011303314; 2009302293; 2009303524; 2010302085; 2012309448; 2009303254,"JPMorgan Chase Bank, National Association"
JPN Holdings Corp.,2025334146,Assisting Hands South Central Las Vegas
JR HANDYMAN SERVICES LLC,2019311849,JR HANDYMAN SERVICES LLC
JR Remodeling LLC,2025332515,JR Remodeling
"JR SMOKE SHOP, INC.",2013303243,Anthem Smoke & Gifts
JR'S LAWN MAINTENANCE LLC,2023321593,Las Vegas Yard Care
JR's Kitchen LLC,2025333792,JR's Kitchen LLC
JRB Consulting L.L.C.,2024329523,Exchange Collectibles
JREM LLC,2026334806,JREM Home Services
JRM-NV,2024329854,"S&S Labor Force, Inc."
JS Backflow Services LLC,2023323017,JS Backflow Services LLC
JS Family LLC,2022318885,Gabi Boutique
"JS&S, INC.",2007301821,JEMISON SURVEYING SERVICES
JSI O&M Group LLC,2015302925,JSI O&M Group LLC
JSJW Enterprises LLC,2024329961,Grant Me Success
JSN New Horizon LLC,2025334311,Four Seasons Cleaners
JT Carpet Cleaning LLC,2024331091,JT Carpet Cleaning
JUAN A ELIZBURU,2022320373,John's Lawn Care
JUAN GAONA & JENNIFER L GAONA,2019312778,SCOOP DOG
JUAN PEREZ PEREZ & MAYRA ARADILLAS MARQUEZ,2017300182,JUAN PEREZ LAWN SERVICE
"JUAREZ, RITA RENEE",2015303514,"JUAREZ, RITA RENEE"
JUICY LUCY INC.,2017300058,Pressed For Juice
JULIE A GARCIA,2019312958,Julie's Barbershop
JUNK REMOVAL AND BINS LLC,2019310384,Junk Man
JUST IN CASE INSURANCE L.L.C.,2011302768,JUST IN CASE INSURANCE L.L.C.
"JVD Ventures, LLC",2019311845,Monte Carlo Apartments
JVL Fun Foods LLC dba Las Vegas Kettle Corn,2019312820,Las Vegas Kettle Corn
JW Cars LLC,2025334206,JW Cars LLC
"JW Dental, PLLC",2022320691,JW Dental
"JW Hospitality, Inc.",2022320993,"JW Hospitality, Inc."
JWABSMC LLC,2025334207,MyCarlady
JYSN Enterprises LLC,2025334431,JYSN Enterprises LLC
"Jabara Records, LLC",2023321651,Hitzville The Show
"Jace Michaels, LLC",2021316908,"Jace Michaels, LLC"
Jacinto Cadena,2012301573,Carla's Cleaning
Jack Aronowitz,2023323134,Yellowbrickroad
Jack Glenn Miller,2024330425,JackMillerND
Jack London Auto Inc,2025334177,Jack London Auto Inc
Jack of all trades handyman LLC,2022318860,Jack of All Trades Handyman LLC
"Jackpot Joanie's RDS, LLC",2026335546; 2026335547,Rounders Grilling & Gaming Company
Jackpot Joanie's SA LLC,2019310656; 2019310654; 2025332416; 2025332417,Jackpot Joanie's; Lucky 7's Lounge
Jacobs Engineering Group Inc.,2009300839,Jacobs Engineering Group Inc.
Jacquart Events LLC,2024329896,Jacquart Events LLC
Jacqueline Ann Gordon,2025332285; 2025333479,Jacqueline Ann Gordon
Jacqueline R Brezicky,2026335368,Jackie's Custom Craft
Jacquelyn Larson,2026335928,Terramar Real Estate
Jai Gurudev LLC,2011303191; 2022320099,Taj Palace
"Jaime Austin, PSY.D. LLC",2013300345,"Jaime Austin, PSY.D. LLC"
Jaime Danielle McBride,2023323133,"McBride, Jaime Danielle"
Jakes Bakes LLC,2014302378,Great Harvest Bread Co.
Jaleece Scoble,2019312160,Knot Just Hair
Jalmex Gloves LLC,2026335747,Jalmex Gloves LLC
James Bradley,2011300438,James Bradley
James Carpenter,2019309795,Carp's Cubes
James Clark,2023321675,"Clark, James"
James D Avery & Sylvia Avery,2019312239,Syliva Ann's Boutique
James Dale Collier,2023323190,Rockwings
James Frederick King III,2023329270,"King III, James Frederick"
James Hawkins,2018308246; 2018308247,Water Street Pizzeria
James Hinojosa & Stephanie Hinojosa,2018308850,Roof Masters
James Kessler,2019311137,James Kessler
James Staehs & Rina Staehs,2019312257,Home Picture Pros
Jamie McAleer Therapy & Coaching LLC,2025333766,Jamie McAleer Therapy & Coaching
Jamie Schmidt LLC,2024329938,Estate Home Management
Jamily Investments L.L.C.,2016302800,Dog Food 2 My Door
Jane Snyder,2022318977,GLASS CREATIONS BY JANE
Janet Schoch,2025333923,Blings 4 Blessings
Janice M Stoffel,2011301312,Janice M Stoffel
Janie and Jack LLC,2019311177,Janie and Jack LLC
Jannieration LLC,2024331615,31st Society
Jannina Maria Poynter,2015301610; 2015301609,Bella Design
Japanese Festival Association of Nevada,2018308979,Japanese Festival Association of Nevada
Jaqueline Andrea LLC,2022319019,JAQUELINE ANDREA PRODUCTIONS
Jared Alvarado Handyman Services LLC,2018309399,Jared Alvarado Handyman Services LLC
Jared Meyer LLC,2026334836,Jared Meyer LLC
Jarquin LLC,2023323422,Jarquin Upscale Cleaning
"Jasmine Rice 168, L.L.C.",2018307849; 2018307850,Jasmine Rice Thai Chinese & Vegetarian Restaurant
Jasmine Yvonne Haywood,2026335607,BYMKitchen
"Jason Close, Ltd.",2017300011,Close Law Group
Jason Dean Proctor,2023321333,First Class Auto Detailing
Jason L. Corbin,2026335462,Adventure Entertainment
Jason Lutz,2014301453,"Lutz, Jason"
Jason Page,2026334545,Page One Handyman Service
Jason Smith,2026335706,Collectible Land
Jason Steffen,2023321866,Steffen Academics
Jason Yeske,2007301457,"YESKE, JASON"
Jax Bailbonds Inc.,2024331531,Jax Bailbonds Inc.
"Jayaram Srivatsan, MD, PC",2026334812,"Jayaram Srivatsan, MD, PC"
"Jayme Beal, LLC",2008304216,Rescue My Speech
"Jazmine Enterprises, LLC.",2017306100,Covenant Hospice Care
Jazzercise Henderson LLC,2021316753,Jazzercise Henderson
Jeanie Carroll Enterprises LLC,2025333746,BestDJ4UCom
Jeannette Hall,2026335565,Jeannette Hall
Jeeg Trust,2014302712,Von Tobel Investments
Jeff Bondurant,2016300811,Lake Mead Pest Control
Jeff Sommers,2021316757,Wardley RE Express
Jeffery A Yatteau,2019311808,JAY DESIGN
Jeffery Demco,2023322967,The PM Property Maintenance
Jeffrey Delaria,2008301119,DELARIA BROS. GOLDSMITHS
Jeffrey Keysar,2026335745,Body Unlocked
Jeffrey L. Eskin,2021317940,Eskin Law Offices
"Jeffrey Ross Gunter MD, LLC",2015302004,Henderson Skin and Cancer Clinics
"Jeffrey W. Ziegler, D.O., Prof. Corp",2005306310,"Jeffrey W. Ziegler, D.O., Prof. Corp"
Jeffrey Zygela,2022320247,Jeff's RV Auto & Truck Repair
Jellyland LLC,2022320041,Jellyland
Jennifer Anne Baumgartner,2019311676,The Cookie Bar
Jennifer Bartholomew,2021317321,Jennifer Bartholomew
"Jennifer C. Moore, MSW, LCSW Inc",2025333718,Foundations Counseling Center
Jennifer Ferguson,2017305414,Clark County Graphics
Jennifer Hyman,2019312567,Jennifer Hyman Photography
Jennifer Lili Carlson,2022319264,"Carlson, Jennifer"
Jennifer Lynne Lange,2025333871,Balancing Hands Massage
Jennifer Morton,2026336251,M&M Bookkeeping
Jennifer Paper Co.,2020313115,JENNIFER PAPER CO.
Jennifer Pharr,2023329224,Wood Creations by Pharr
Jennifer R Turner LLC,2023322514,Vegas Real Estate
Jennifer Ramsey,2026334566,Sagebrush and Sunshine
Jennifer Richardson,2024331112,Classy Creeps
Jennifer Shumate,2025333150,J. Ann Curtis Books
Jennifer Sils LLC,2026335679,Jennifer Sils
Jenny Hamilton,2025334434,Hamilton Hands
Jenny Luo,2011302874,"Luo, Jenny"
Jensen Family Medicine PLLC,2024330926,Magnesium Family Medicine
Jensen Generator Solutions LLC,2024329769,Jensen Generator Solutions
"Jensen Hughes, Inc.",2021317478,"Jensen Hughes, Inc."
Jer'home Services LLC,2024330881,Jer'home Services LLC
Jered Bumbera & Rebecca Bixby,2024329530,Inspector Gadget
"Jeremiah Johnson, Inc",2026334679,Ameriprise Financial
Jeremy Peltz LLC,2013302646,AMP Insurance Brokers
Jerome Harkiewicz,2024329816,"Harkiewicz, Jerome"
Jerome Thomas Barnes,2026334793,Jerome's Hair Studio
Jerry Campers II,2024330947,Dunamis
Jerry H Kozielec,2019312122,KING'S SAUSAGE
"Jesse Sbaih & Associates, Ltd.",2010301663,"Jesse Sbaih & Associates, Ltd."
Jessica Ann Williams,2020313937,"Williams, Jessica"
Jessica Serrano Flores,2023321842,Elite Facility Services
Jessie Raes 2 LLC,2023322138,Jessie Rae's BBQ
Jesualdo Plazola-Corona,2026336237,Jesualdo Plazola-Corona
Jesus Narciso - Perez,2025332639,Angel Mobile Car Wash
"Jet Appraisal, Inc.",2008300406,JET RESIDENTIAL APPRAISAL
Jewel Ann Fitzgerald,2022318765,Soap Sensations by Jewel Ann
Jewel Trendz L.L.C.,2005300557; 2017304379,Jewel Trendz L.L.C.
Jewish War Veterans of the USA-Sgt Manny Peven Post 65,2006301373,Jewish War Veterans of the USA-Sgt Manny Peven Post 65
Jeys Aguilar,2023321613,Mejia Landscaping and Maintenance
Ji Sun Kim,2025334521,Ji Sun Kim
Jia Mei Xu,2026336032,Jai Mei Xu
Jiab Chaney,2022319196,"Chaney, Jiab"
Jilan Wise Aesthetics LLC,2024329423; 2024329424,Jilan Wise Aesthetics
Jill Marquardt,2023322404,Jill Marquardt
Jim Allen,2022318610,STAT PROS
Jim DiFiore,2020314866,DIFIORE CONSULTING & BUSINESS SERVICES
Jin Im,2006305213,Pooches-N-Pals
Jireh Tires LLC,2022319278,Jireh Tires
JoJami Tyler,2023323545,Fancy Pants Gardens
"JoJoPenn, L.L.C.",2002302412; 2005306718,Cielo Salon & Spa
Joan P Morency,2022318591,Epiphany Artistic License
Joan Roeschke,2024330393,Arts by Joan
Jobo Enterprises,2011300998,Liquid Courage
Jobs Elevate LLC,2026335184,Jobs Elevate
Jocelyn Elias Garcia,2024329532,JG Clean Solutions
Jocelyn Madrid Chroust,2020313484,Lynn's Sin City Jewelry
Jocelyn Susuico Lujan,2018307953,Gisselle
Jodi Schwab,2023323011; 2025333280,Miss Jodi's Creations; Logo Power
Jodie Torromeo,2025333343,Torromeo Wellness
Joe Van Consulting LLC,2020314555,Joe Van Consulting LLC
Joel Cooley,2025334291,Joel Cooley
Joel Johnson,2012300325; 2011302680,Johnson Family Chiropractic
Joel Kido,2021317376,Brett Kido Bodywork
"Joerica, Inc.",2011302457,Toshi Suzuki Agency
"Joes Place 1, LLC",2020315281; 2020315282,Joe's Place
Joey's NY Pizza,2010301433,Joey's NY Pizza
Johana M. Landahl PLLC,2025333540,Healix Wound Solutions
"John A. Martin & Associates of Nevada, Inc.",2005306288,John A. Martin & Associates of Nevada
John Bogden,2011302807,J Bones Handyman
John Chan O.D. PLLC,2020313475,ARCLIGHT EYE CARE
John D. Brown,2026335387,High Rez Pool Care
John D. de Golia,2015300381,Jack de Golia Voice Over
John Duncan,2024330851,Your Home Done Right Handyman Service
John Durkin Associates LLC,2016302969,John Durkin Associates LLC
"John F. Marchiano, Professional Law Corporation",2005306428,"John F. Marchiano, Professional Law Corporation"
John JD Hahn,2025333834,Flying Doodle
John Koutsulis,2005305567; 2021316322; 2026334993,DMV License Service; Koutsulis Insurance Services; Drone Aerial Services
"John Michaelson, Ltd.",2014303558,Michaelson Law
John Novak,2026336207,Living In Henderson
"John Reyes PT, A Professional Corporation",2009301415,"John Reyes PT, A Professional Corporation"
John Shephard,2025333894,John Shephard
John Steven Carbaugh,2020313282,WRAP ARTIST JEWELRY
John Valery White,2019311045,John Valery White
John Wilks,2024329733,John Wilks Process Serving
Johnny Mac's Restaurant LLC,2018307273; 2018307274,Johnny Mac's
Johnny Mac's Water Street Tavern LLC,2023329204; 2023329205,Johnny Mac's Water Street Tavern
Johnny Vegas Street Eats LLC,2026335405,Johnny Vegas Street Eats LLC
"Johnson Brothers of Nevada, Inc.",2015303151,Johnson Brothers of Nevada
Johnson Global Consulting Corp.,2023321794,Johnson Global Consulting Corp.
"Joie De Vivre, LLC",2012300779,"Joie De Vivre, LLC"
Joint Dedicated Cargo Services LLC,2021316247,Joint Dedicated Cargo Services LLC
"Joint Ventures, LLC",2013301351; 2014302267; 2022320375,The Joint Chiropractic
Jolly Rogers Software LLC,2024331702,Jolly Rogers Software LLC
Jon Gentile,2019310074,SENSIBLE TRAINING SOLUTIONS
Jon Huff,2022320566,Blue Star Pool Service
Jon Wotell Therapy LLC,2024331092,Jon Wotell Therapy LLC
Jonathan Andrew Ng,2024329643,"Ng, Jonathan Andrew"
Jonathan Dahlhaus,2025333218,Jonathan Dahlhaus
Jonathan Mitchell Home Services LLC,2024330176,Complete Pigeon Control
Jonathan Muirhead,2024331898,Greenline Landscape Maintenance
Jonathan Philip Bley,2021317282,Ram Gunworks
Jonathan Rocco Uwanawich,2025333429,Piggyback Direct
Jonathon Amos,2022320340,Star Loan Centers
"Jones Henderson Acquisition, LLC",2009301455; 2009301449,Mercedes-Benz of Henderson
Jones Wilson LLP,2012309891,Jones Wilson
"Jonmar, Inc.",2016300703,Dairy Queen Grill & Chill
Joony LLC,2022320514,Joah Boba
Jordan Anna Ascanio,2019311400,ASCANIO DESIGNS
Jordan Elaine Allen,2022320256,"Allen, Jordan Elaine"
Jordan Guinn,2025332642,Shellkinis Swimwear
Jordan Leigh Haas,2024331053,Jordy's Pups and Cups
"Jordan Longevity and Functional Medicine, PLLC",2025333975,Limitless Longevity and Functional Medicine
Jordan Sarracino,2024331167,Jordan Sarracino Designs
Jorge Benitez,2012300509,J.B. Cancun
Jorge E Avila,2026334942,Avila Landscaping
Jorge Luis Altamirano,2026334599,Best Rate Mobile Mechanic
Jose Alvarez,2024330860,Rocky Services
Jose Antonio Torres-Rebueltos,2015301838,J Torres Lawn & Landscape Services
Jose C Lopez-Rivera,2009302534,Jose's Lawn Services
Jose E Roca,2023322580,Toro Commercial Service
Jose G Andrade,2012301006,Andrade's Landscaping Maintenance
Jose Juan Bravo,2015301190,Bravo Detailing
Jose Landservice LLC,2025333396,Jose Landservice LLC
Jose Manuel Ceballos,2020314599,ACME Bail Bonds
Jose Umanzor,2023321714,M & J Landscaping and Lawn Service
Josean Orengo Cruz,2026335131,Quirky Skin
"Joseki Capital, LLC",2020315195,"Joseki Capital, LLC"
Joseph Camp Court Videographer LLC,2024329620,Joseph Camp Court Videographer LLC
Joseph Cusimano,2025334497,Momentum Realty
Joseph L Paesch,2008303104,Auto Teck Lock & Key
Joseph Mullins,2023323551,Joseph Mullins
Joseph Perez,2026335200,Joseph Perez
"Joseph R. Nicola, D.C., Prof. Corp.",2023322405,NuSpine Chiropractic
Joseph Wesley Torblaa,2022318566,Sigma Maintenance of Nevada
Josephine Centeno,2026335535,Jcent Company
Joshua M. Ignatowicz DMD P.C.,2015300776,Joshua M. Ignatowicz DMD P.C.
Journey Learning Studios LLC,2026334697,Journey Learning Studios LLC
Jovelle Fernandez L.L.C.,2022320168,CureCancer
Joyce Maalouf,2025333681,Joyce Maalouf
Joyce Walters,2019312800,LINES OF LISTENING
Joyce's Cleaning LLC,2022320760,Joyce's Cleaning LLC
"Joyely, LLC",2026335281,"Joyely, LLC"
Joyful Creation Limited,2009303984,Color Me Mine
Joyful Home Care LLC,2025334036,Joyful Home Care LLC
Juan Carlos Mariscal,2022319242,MAX WINDOW CLEANING
Juan Carlos Mejia Hernandez,2024331241,Del Mar Demolition and Landscaping
Juan Espejo Castillo,2021317460,Yellowbell Lawn Care
Juan Perez,2022321076,Perez Maintenance and Lawn Care
Juana Hernandez,2023329098,KNK Cleaning Services
Juanitos Kitchen LLC,2022319421,Taqueria 2 Carnales
Juarez & Pina Family Corporation,2017304811,Fausto's Mexican Grill #1
"Judd J. Balmer, ESQ., LTD.",2016302518,"Judd J. Balmer, ESQ., LTD."
Judith Capital Diamonds LLC,2025332621,Judith Capital Diamonds LLC
Judith Capital Gold LLC,2025332620,Judith Capital Gold LLC
Judith Karen Morris,2026335601,Judith Karen Morris
"Julamela, LLC",2023321652,"Julamela, LLC"
Julia Ann Oberweis,2017304474,White Tie Organizing
Julia Moran,2025332451,Precious Paws
Julian Alivia DDS PLLC,2023322193,Brilliant Smiles Dentistry
Julian Escobar-Keven,2025334399,Sin City Scrappers
Juliana Kay McCauslin,2024331235,Karma's Babies
"Juliano, Melissa",2003300564,J Studio
Julie Nacua LLC,2018308090; 2026335331,Ideal Bookkeeping and Financial Solutions; Profit & Precision
Juliet Hamner,2024329981,"Hamner, Juliet"
Juliet Marie Sussman,2024331207,Sussman & Associates
Julio Cesar Juarez Lemus,2024330706,Julio Juarez Tree Trimming
Juma Home Repair LLC,2023321377,Juma Home Repair LLC
"Jump Around Party Jumpers, LLC.",2023323498,"Jump Around Party Jumpers, LLC."
"JumpOn Henderson, LLC",2023321569,Flip N Out Xtreme
JumperMania Party Rentals LLC,2025334094,JumperMania Party Rentals LLC
"Jun Dentists of Henderson, PC",2023322299; 2023322684,Dentists of Henderson; The Kids’ Dental Office of Henderson and Orthodontics
June Bug's Armory LLC,2024331889,June Bug's Armory LLC
"Jung Lim, Inc.",2007301950,Polo Cleaners
"Junior Athletics, Inc.",2010301486,"Junior Athletics, Inc."
"Junk Removal LV, LLC",2026335821,"Junk Removal LV, LLC"
Jupiter Express Railroad LLC,2016301466,Jupiter Express Railroad LLC
"Just Fix It Repair Services, LLC",2026335751,Just Fix It Repair Services LLC
Just Realty LLC,2025334403,Just Realty LLC
Just Us Ceremonies LLC,2025333324,Just Us Ceremonies LLC
Justin James Parker,2022319559,Tragic Days Clothing
Justin LB Enterprises,2008304001,Justin Cleaning
Justin Lamb,2024330098,Justin Lamb Racing
"Juve Skin Care, LLC",2025332374,"Juve Skin Care, LLC"
Juvilene Cadiz Jamias,2022320214,J.C. Jamias Cleaning Services
K & A Carpet Cleaning LLC,2016302365,K & A Carpet Cleaning LLC
K & K2 LLC,2019311186,K Smoke Shop
K & P LIMITED,2000058286,EXCELERATED BILLING SERVICE
K&M Productions Inc,2025332026,K&M Productions Inc
K&R Beverage LLC,2021318121,Franco Wine
"K-9 Aquatics, LLC",2024330094,"K-9 Aquatics, LLC"
K.A.R.S. LLC,2015300945,Nippon Auto Works
K.E.T. Consulting LLC,2016300087; 2016300042; 2016301228,Escape Salon & Spa
K.G.D.O. Holding Company LLC,2021317809,Terra West Management Services
"K2 Fabrication, LLC",2021318172,K2 Design and Fabrication
K2 Las Vegas LLC,2024330863,K2 Financial
"KACEY D.G. THOMAS, PROF. CORP.",2005306331,AMERICAN NATIONAL INSURANCE CO.
KAILEY CORPORATION,2012300045,SMOKES CIGARS & MORE
"KAK, CORPORATION",2007302974,"KAK, CORPORATION"
"KALAJ, LLC",2019312168; 2019312167,SUPERCUTS
"KALUF, INC",2009303105,ANDRADE'S CLEANING COMPANY
KANE APPRAISALS,2023329363,Kane Appraisals
"KANITZ, KIMBERLY",2005301151,KIMBERLY'S VOCALS
KAORU COLORS LLC,2015302417,BED LINEN PLUS
KARATE GGYM LLC,2011302126,KARATE GGYM
KARMABIRDS LLC,2020313032; 2020313033,Carmines Pizza Kitchen; CARMINES PIZZA KITCHEN
KAS II INC.,2019310684,KAS II INC.
KASF CONSULTING LLC,2015300665,KASF CONSULTING LLC
"KASSAMANIAN, KODCHIAN & ASSOCIATES LLC",2021316748,"KASSAMANIAN, KODCHIAN AND ASSOCIATES"
"KATHERINE A. KEELEY, M.D., A PROFESSIONAL CORPORATION",2006300809,"KATHERINE A. KEELEY, MD, PC"
KATHI AND JEFF COLMAN,1800039265,KATHI'S KUSTOM KOVERS OF LAS VEGAS
"KBM3, LLC",2025333118,"KBM3, LLC"
"KBS Mega, LLC",2007303218,Mega Cleaners
"KC CAMIS ARCHITECT, LLC",2010303238,KC CAMIS ARCHITECT
KC Imaging PLLC,2026335280,Kc Imaging PLLC
"KC, Worldwide LLC",2026334810,Aznway
KCK Holding LLC,2023323371,Jersey Mike's Subs
KCK SUBS LLC,2021317846,Jersey Mikes Subs
"KCLDA, LLC",2005306066,HENDERSON CHIROPRACTIC
KClarkOT LLC,2025334430,New Chapter Therapy
"KDDI America, Inc.",1997TC0804,"KDDI America, Inc."
"KEE Leadership Advisory, LLC",2025334200,"KEE Leadership Advisory, LLC"
"KEEGAN ENGINEERING, A PROFESSIONAL CORPORATION",2010301977,"KEEGAN ENGINEERING, PC"
"KEITH E. STARR INSURANCE AGENCY, INC.",2006300112,"KEITH E. STARR INSURANCE AGENCY, INC."
"KELLEHER & KELLEHER, LLC",2016301937,"KELLEHER & KELLEHER, LLC"
KELLEHER HOME INSPECTIONS LLC,2018308831,Kelleher Home Inspections LLC
"KELLEY, FIONA",2017300615,AAA Wuxin Healing Arts
"KELLY, RAYMOND C",2007302727,TOX-TECH
"KENDRA WRIGHT AGENCY, INC.",2019312774,"KENDRA WRIGHT AGENCY, INC."
"KENNETH A. SELTZER, A PROFESSIONAL CORPORATION",2014302817,"SELTZER, KENNETH A CPA"
"KESSLER & SONS MUSIC, INC.",2007303107,KESSLER & SONS GREEN VALLEY
KEVIN JERRY SCOTT,2017304823,Pastor Kevin Weddings
KF Endeavors LLC,2026334585,Let Mommy Sleep Las Vegas
KFR24 LLC,2024330677,Start Auto Sales
KG Appliance Service,2023322031,KG Appliance Service
KG Global Consulting LLC,2021316125,KG Global Consulting LLC
"KGA Imaging, LLC",2023323638,KGA Imaging Innovations
KGT Crafts LLC,2026335489,KGT Crafts LLC
KHAOS Powersports LLC,2025334079,KHAOS Powersports
"KID INTERVENTION, LLC",2017300469,"KID INTERVENTION, LLC"
KIDS IN TRANSITION,2018306760,One5 Lakeside
"KIDS QUEST III, INC.",2022320019,Kids Quest
"KIDS QUEST XI, INC",2015302207,Kids Quest
KIKI'S KIDS CORP,2019311686,KIKI'S KIDS CORP
KIMBERLY'S ENTERPRISES,2005305123,KIMBERLY KLEANING SERVICE
KIND DOG BAIL BOND COMPANY,2019310491,KIND BAIL
KING AT THE PLATE LTD,2016300194,KING AT THE PLATE LTD
"KING'S FISH HOUSE HENDERSON, LLC",2004305041; 2004305040,KING'S FISH HOUSE
KIRKENDALL CONSULTING GROUP L.L.C.,2014303394,KIRKENDALL CONSULTING GROUP L.L.C.
KIW Henderson Galleria Venture LLC,2024330980,Adler
"KIW Las Vegas Bruner Venture, LLC",2024329627,Sante
KLAI JUBA WALD,2020313625,KLAI JUBA WALD ARCHITECTURE + INTERIORS
KMA Pro Sourcing LLC,2023322040,KMA Pro Sourcing LLC
KME ARCHITECTS LLC,2012300999,KME ARCHITECTS LLC
KML Revolution LLC,2024330731,KML Revolution
KML YOUTH SPORTS LLC,2019311516,SOCCER SHOTS HENDERSON
KMNCE Ops LLC,2026334716,KMNCE
KMR LLC,2020313723,Latitude Property Management and Real Estate Services
KNIT,2010303128,KNIT
"KOBYLASZ, CRAIG W",2001001597,JACKSON HEWITT TAX SERVICE
"KOCH & SCOW, LLC",2007303747,"KOCH & SCOW, LLC"
"KOHL, BARRY STEVEN",2015302390,KOHL'S COOL MEDIA
"KOHLER FINANCIAL, INC.",2009303317,"KOHLER FINANCIAL, INC."
"KONG, KIUN CHOY",2016302055,"KONG, KIUN CHOY"
"KONGBOONMA, BUALAI",2016301740,"Kongboonma, Bualai"
KORD MCLEMORE & SHARON MCLEMORE,2005304801,CLEAN ATTITUDE
KOS Allure 2 LLC,2025333322,KOS Allure
"KOVAN, ROBERT L",2015302793,Keystone Carpet Care
KOZ'S KLOSET CORP.,2009301756,KOZ'S KLOSET CORP.
KPVM-TV,2021317743,KPVM-TV
KRISTIAN M. CAMPANELLA,2017304618,Beverly Hills Pool Service
KRUEGER HEALTHCARE CONSULTING INC,2020313993,KRUEGER HEALTHCARE CONSULTING INC
"KS Henderson, LLC",2024330784,KidStrong Henderson
KTZ Adventures LLC,2026335286,KTZ Adventures LLC
KUBIK LV INC.,2023321467,KUBIK LV INC.
KVM Health and Wellness LLC,2022320294,Queen Beez Hair Store & More
"KVP Accounting, LLC",2026335444,"KVP Accounting, LLC"
KVVU BROADCASTING CORPORATION,2000055754; 1800038754,KVVU-TV
"KYLE N. TAYLOR DMD, PLLC",2018307863,Pebble Dental
KYLEBERRY LLC,2007302973,KYLEBERRY LLC
KaceyMD Inc,2026334788,Any Lab Test Now
Kache Candle Company LLC,2024330679,Kache Candle Company LLC
"Kaempfer Crowell, Ltd.",2022319443,"Kaempfer Crowell, Ltd."
"Kahlon Enterprises, Inc.",2006304657; 2006303675,Subway #14086; Subway #13746
"Kai Sushi, LLC",2025334048; 2025334049,Kai Sushi
Kai's Bikini Fitness LLC,2023329178; 2023329335,Bikini Fitness; Nutrition House
"Kailey, Amar",2005306125,Gibson Smoke & Gifts
Kaizen Multimedia Publishing LLC,2024330853,Kaizen Multimedia Publishing LLC
Kalea Wellness LLC,2024330570,Kalea Wellness LLC
"Kaleidoscope, Inc",2020314238,"KALEIDOSCOPE, INC."
Kalra DPC Concierge LLC,2024331481,Kalra DPC Concierge LLC
Kalra Medical Group LLC,2024331480,Kalra Medical Group LLC
Kaly Ann McRea,2025333419,IBK Interior Design
Kamarones Tachie LLC,2023321900,Kamarones Tachie
Kamas LLC,2026334981,Kamas Home Inspection
Kande VendTech LLC,2026334803,Kande VendTech
Kanga and Roo LLC,2025333961,Drenched
Karama Holdings LLC,2026335596; 2026335598; 2026335599,Nomad Goods Co.; Bridge Strategy Consulting; Clear Space Co.
"Karben Consulting, LLC",2019312317,Karben Consulting
Karely Enterprises Inc,2017300262,Don Tortaco Mexican Grill #15
Karen Joyce Granger,2023322979,Karen J Granger & Associates
Karen K Griffith-Hedberg,2025332593,Clovercreek Gems & Jewelry
Karen Rutherford,2018308879,Karen 4 UR Pets
Karen's Krystal Brittles LLC,2021316354,Karen's Krystal Brittles LLC
Kari Dalton,2026334657,Lemon Custard Creations
Karimarco Inc.,2024330921,First Command
Karissa Russ Limited Co,2022320835,Karissa Russ Limited Co
Karla Ann Cloninger,2020313362,"CLONINGER, KARLA ANN"
Karla Sosa,2024331247,K Cleaning Services
Karlstad Self Storage LLC,2020313660,Stuff UR Storage
Karma Detail LLC,2024330708,Bulldog Carpet Cleaning
Karsten Bie Jensen,2025334450,Bies25
Karsten Peck,2012300897,Big Peach Pest Control
Kasama Chiropractic PLLC,2024331338,Kasama Chiropractic PLLC
Kasandra Johnita Bates,2025332350,Charm & Key Realty
Kasoto Enterprises LLC,2024330181,Kasoto Enterprises LLC
Kassi Huerta,2026334605,Kassi Huerta
Katherine Disney-Fairchild,2017304629,"Kathy Disney-Fairchild, MFT"
Katherine Marie Friedrich,2025334042,Boulder Creek Accounting
Katherine Wind,2018308923,"Wind, Katherine"
Kathleen Bliss Law Group PLLC,2026335974,Kathleen Bliss Law Group PLLC
Kathleen M Gagliano,2018309363,AMORE GIFT BASKETS
Kathy Brooks,2025333437,Kathy Brooks Signature
Kathy Mills,2024329508,Etc. Treasures & Gifts
Kathy Wolfe,2013302290,Get-A-Gig Biz Connections
"Katie Landier Physical Therapy, PLLC",2022320816,Day One Physical Therapy and Pilates
Katie Rozner L.L.C.,2019312279,Katie Rozner L.L.C.
KatieBird LLC,2026335033,KatieBird LLC
Kawaii Slime Company LLC,2024330092,The Kawaii Company
Kay Michele Hall,2020314018,"Hall, Kay Michele"
Kayla Sessions,2026335889,Kayla Sessions
Kayro Enterprises LLC,2025333406,Kayro Enterprises LLC
Keener Perspectives LLC,2021316242,Keener Perspectives
Keeping it Mobile LLC,2025333346,My Neighborhood Mechanic
Keith D Turley,2026335067,Pendulum Insurance
Kelch Enterprises Inc.,2012310180,Above All Las Vegas ATV Tours and Watercraft Rentals
Keller Management,2014301241,Keller N' Jadd
"Keller-Wells & Associates, P.C.",2022318558,Hormone Therapy Institute
Kelli Lockett,2026335826,Kelli Lockett
"Kelly Mortgage, Inc.",2017306559,"Kelly Mortgage, Inc."
Kelly Parrish Design Inc.,2021315683,Kelly Parrish Design Inc.
"Kelly Stone Interiors, LLC",2022320036; 2022320035,"Kelly Stone Interiors, LLC"
"Kelso Gibson, LLC",2021316619; 2021316620,Land Rover Henderson
Kelvin Funchess,2021318175,VF Auto Detailing
"Kemper Corporate Services, Inc",2025332723,"Kemper Corporate Services, Inc"
Ken Lehman Enterprises Inc.,1995035680,South Strip Towing
"Ken R Ashworth and Associates, Professional Corporation",2008304117,"Ken R Ashworth and Associates, Professional Corporation"
Kendal Wallace,2026335399,Order In The House - Las Vegas
Kendra Contreras,2026335060,Contreras Design Studio
"Kenneth E. Hill, DDS, Limited Liability Company",2012307555,Kenneth Hill DDS.com
"Kenneth J. Sidorowicz, PC",2022319694,"Kenneth J. Sidorowicz, PC"
Kenneth Johnson,2005304672,X-Scapes
Kent Herrick Brinkerhoff & Lori Brinkerhoff,2007302373,Lori's Yard Maintenance
Kenya's Catering L.L.C.,2025332152,Kenya's Catering
Kerry J Martin,2020314158,Martin Sewing Machine Service
Kevin Bradley,2024329582,Bradley Tennis
Kevin Christopher Burton,2020313421,BIOPEST ELIMINATION
Kevin Sarbacker & Brandiss Michele Sarbacker,2020313436,G & S WINDOW CLEANING
Kevin Zelenka,2026335817,Windbreak Press
KeyMe LLC,2025333538,KeyMe LLC
"Khakwani Medical Corporation, PC",2024331525,PDS Medical Group Green Valley
Khanitha Gundlach,2023323022,Khanitha Gundlach
Khina Eyebrow Threading LLC,2018307351,Khina Eyebrow Threading
"Khoury's Fine Wine and Spirits, Inc.",2004304051; 2010303067; 2004304050; 2004304049,Khoury's Fine Wine & Spirits; Khoury's Fine Wine and Spirits
"Ki-Atsu Institute for Healing Arts, LLC",2015303601,UMA-KI
"Kiavi Funding, Inc.",2022318539,Kiavi
Kick-N-Chick-N LLC,2025333414,Kick'N'Chick'N
"Kidney, Dialysis, and Hypertension Specialists, Inc.",2021315728,"Kidney, Dialysis, and Hypertension Specialists, Inc."
Kids Empire Henderson Stephanie Promenade (NV) LLC,2022320789,Kids Empire
Kids Fit Foundation,2023321319,Kids Fit Foundation
Kiefer Consultants LLC,2015302001,WIN Home Inspection
Kiira Fox LLC,2025334019,Kiira Fox Law
Killah Kine Shrimp LLC,2025333099,Killah Kine Shrimp
Kim Chen PLLC,2022319804,Comprehensive Digestive Institute of Nevada
Kim D. Whittington,2024331249,KNC Skin
"Kim Godby, Equine-Assisted Therapy LLC",2018307562,Hold Your Horses
"Kim Henderson Kids' Dentistry, PC",2023322638,Henderson Kid's Dentistry and Orthodontics
Kim Pease,2015302334,A Beauty In The Beast
"Kim Welch Law, Inc.",2025333325,Kim Welch Injury Law
Kimberlee Kesterson,2025333859,Kimberlee LA Fine Art
Kimberly Conrad,2025334280,The Tiny Tale Press
Kimberly Glenn PLLC,2025334119,Kimberly Glenn PLLC
Kimberly Hills,2026334737,Hills Labradoodles
"Kimberly J. Bozart-Dow, PT, PC",2021315737,Accelerated Sports Physical Therapy
Kimberly Leyva,2025332811,Miracle Lawn Maintenance
"Kimley-Horn And Associates, Inc.",2005305842,Kimley-Horn And Associates Inc
Kin Beauty Supply Store LLC,2023322557,Kin Beauty Supply Store LLC
Kind Hearts Care Home LLC,2015303378,Kind Hearts Care Home LLC
"Kind Lending, LLC",2025333857,"Kind Lending, LLC"
Kind Marketing LLC,2020313298,KIND MARKETING LLC
Kindred Canine Training LLC,2026335876,Kindred Canine Training LLC
Kindred Flight,2025332966,Kindred Flight
Kinergy Sports Medicine and Performance LLC,2020315364,KINERGY SPORTS MEDICINE AND PERFORMANCE
King Arts LLC,2018307135,The King Art Studio
King BBQ Supply LLC,2025332580,King BBQ Supply
King's Cleaning LLC,2025333194,King's Cleaning
"King-Braverman Ventures, LLC",2023322045,DMVSNAP
Kingdom Cars LLC,2026334571; 2026334700,Kingdom Cars LLC
Kingdom Pool Services LV LLC,2026335530,Kingdom Pool Services LV LLC
Kirkland Inc.,2021316089,Dream Tails Boutique Henderson
Kirstie Arellano LLC,2024330971,Kirstie Arellano LLC
Kirsty E Pickering Attorney at Law a Professional Corporation,2025333970,Kirsty E Pickering Attorney at Law a Professional Corporation
"Kisan America, Inc",2025334337,"Kisan America, Inc"
Kittibhorn Russell,2025333725,Massage By Serene
"Kleinfelder, Inc",2006302634,Kleinfelder
"Knack Kiosk, LLC",2024330268; 2024330270; 2024330271; 2024330272; 2024330274; 2024330275; 2024330276; 2024330277; 2024330278,"Knack Kiosk, LLC"
"Knapp Realty, Inc",2019312943,Knapp Realty
Knight & Day LLC,2024331392,Knight & Day LLC
Knight Errant Academy of Chivalry LLC,2025334344,Knight Errant Academy of Chivalry LLC
Knight Watch Protection Agency LLC,2026334824,Palisade Defense
"Kochy M.Y. Tang, D.O., A Professional Corporation",2009303570,M Family Care
Kohi Gum Ltd.,2025334091,Kohi Gum
"Kohl's Department Stores, Inc.",2009303354; 2003304456,Kohl's #1364; Kohl's #667
Koi Beauty Salon LLC,2016302974,Nailand
"Kola Care, LLC",2022320713,Right at Home
Kona Ice Henderson LLC,2013302386,Kona Ice Henderson LLC
Kono's Northshore LV1 LLC,2024330243,Kono's Northshore
Kopolow Girisgen Jones PC,2019310485; 2019310484,Pearle Vision
Kore Wealth Management LLC,2025333079,Kore Wealth Management LLC
"Korman Optometry, LTD",2008300388; 2008300387,Eye Studio at Anthem; EYE STUDIO AT ANTHEM
Kosta Inc.,2010302487; 2021315755,Sunset Pizzeria-Boulder
Koto Las Vegas Inc,2025332305; 2025332306,Salon Fontana
Kovo Capital LLC,2025332174,Kovo Capital
"Kraleu GA, LLC",2026334953,Horizon Civic Strategies
"Kre-8 Media, LLC",2024330124,"Kre-8 Media, LLC"
Kreatir Limited,2026334970,Kreatir Limited
Kresser Communications LLC,2026334551,Kresser Communications LLC
Krista I Murray,2026334922,Mikrissy
Kristen Joy Photography LLC,2023321492,Kristen Joy Photography LLC
Kristi Ernst LLC,2021317764,Kristi Ernst LLC
"Kristi Staab Enterprises, LLC",2022318393,"Kristi Staab Enterprises, LLC"
Kristie Lasiter,2025332013,Star Vibe Photo Booth Experiences
Kristin Malone Spa Therapy LLC,2020313174; 2020313158,Kristin Malone Spa Therapy
Kristina Guardado,2021315742,ELITE EMPOWERMENT COACHING
Kristina Shurtleff MD PC,2011301207,Shurtleff Family Practice
Kristine Joy Lapuz,2025333737,Joyful Bites
Kristine Tran,2024330468,L Nail & Spa
Kristof Law Group PLLC,2022319875,Kristof Law Group
Kristofer Robin LLC,2015303570,Marco's Pizza
Krystal M Spelker,2025334132,Little Angel Grooming
"Kua Body, LLC",2026335152,"Kua Body, LLC"
Kultura LLC,2025333722,Kanto
Kum Singh PLLC,2024330129,OlogyMed
Kutis Medical Aesthetics LLC,2024331473; 2024331474; 2024331475,Kutis Medical Aesthetics
Kyle Joseph Yoshimura,2022319136,Yoshimura Gunsmithing
Kyle Tiernan Shea,2024330707,Tiernan Militaria
Kyung Chang Industry USA Inc,2019311085,KCI USA
L F INCORPORATED,2004304624; 2004304626; 2017304289,SALES AND LEASING BY LINDSEY
L&L Lucky LLC,2020313985,KungFu Noodle
L&L Lucky Star LLC,2023322883; 2023322884,Krazy Eat
L&T Professional Cleaning Corp,2023323040,L&T Professional Cleaning
L'Anisa Enterprises Inc.,2020313376,L'Anisa Enterprises Inc.
L'Ocoeur Beauty St Rose LLC,2026335360; 2026335366,LivBay Lash
L. A. Productions LTD,2012301521,Rollasole
L. JOSEPH BELINGHERI LLC,2014300321,L. JOSEPH BELINGHERI LLC
L. N. Curtis and Sons,2021315607,L. N. Curtis and Sons
"L.A. Pacific Center, Inc.",2004301355,Chateau Calais
"L.A. SALO, CPA, LTD.",2005306435,"L.A. SALO, CPA, LTD."
"L.R. Nelson Consulting Engineers, LLC",2021315998; 2021315997,"L.R. Nelson Consulting Engineers, LLC"
L.S.T. INVESTMENT LLC,2008301640,CLAYTON MORTGAGE & INVESTMENT
"L.V. SOFA FACTORY, INC.",2008304172,L.V. SOFA FACTORY
"LA DESIGN, LTD",2000056014,"LA DESIGN, LTD"
LA FEMME NAILS & SPA 1 INC,2009302124,LA FEMME NAILS & SPA
"LA PRIMAVERA, INC.",2003304182,Tuscany Grill
"LA VIE, LLC",2019310753,LA VIE Residences
LABRE LLC,2009303574; 2011303086,Cut Me Loose Salon
LADIES ADVOCATING CHRISTIAN ENTERTAINMENT,2016300100,L.A.C.E.
"LAGE DESIGN, INC.",2016302072,"LAGE DESIGN, INC"
"LAGOMARSINO LAW OFFICES, LTD.",2015302351,LAGOMARSINO LAW
LAGUNA SPA LLC,2023329181,Caring Angels-Henderson
LAKE LAS VEGAS ROWING CLUB,2017305350,Lake Las Vegas Rowing Club
LAKE MEAD BOAT STORAGE LIMITED PARTNERSHIP,2017304421,Lake Mead Boat Storage
LAKE MEAD JUNIOR SAILING ACADEMY,2009300316,LAKE MEAD JUNIOR SAILING ACADEMY
"LAKE MEAD PARKWAY PARTNERS, LLC",2022318999; 2022318998,LOCK & LEAVE STORAGE
"LAKE MEAD PEDIATRICS, LLC",2009302537,LAKE MEAD PEDIATRICS
LAKEVIEW ASSET MANAGEMENT L.L.C.,2015300066,LAKEVIEW ASSET MANAGEMENT L.L.C.
LAMPE CHIROPRACTIC LLC,2009301256,LAMPE CHIROPRACTIC LLC
"LAND HOME FINANCIAL SERVICES, INC.",2022320100,"Land Home Financial Services, Inc."
LARA'S CLEANING LLC,2019312807,LARA'S CLEANING SERVICES
"LARA, ANA LILIA",2011302160,EXPRESS MAIDS
"LARKIN FOOT AND ANKLE INSTITUTE, PLLC",2018308873,LARKIN FOOT AND ANKLE INSTITUTE
"LARSON TRAINING CENTERS, NP,INC.",2012308078,"LARSON TRAINING CENTERS, NP, INC."
LAS VEGAS COMMUNITY TECH FUND,2018308423,Las Vegas Community Tech Fund
"LAS VEGAS CRUISIN' ASSOCATION, INC.",2006303893,"LAS VEGAS CRUISIN' ASSOCATION, INC."
LAS VEGAS DESI SHOWS,2009303850,Las Vegas Desi Shows
LAS VEGAS GEM CLUB INC.,2001002681,LAS VEGAS GEM CLUB INC.
LAS VEGAS GRAND CANYON TOURS,2001300581,LAS VEGAS GRAND CANYON TOURS
LAS VEGAS HAWAIIAN CIVIC CLUB,2004304858,LAS VEGAS HAWAIIAN CIVIC CLUB
LAS VEGAS HIGHROLLERS BASEBALL CLUB,2006303847,LAS VEGAS HIGHROLLERS BASEBALL CLUB
"LAS VEGAS HOME HEALTH CARE, INC.",2014300709,"LAS VEGAS HOME HEALTH CARE, INC."
LAS VEGAS KENDO CLUB,2011300726,LAS VEGAS KENDO CLUB
LAS VEGAS LEAN SIX SIGMA INC.,2014300590,LAS VEGAS LEAN SIX SIGMA INC
LAS VEGAS MOBILE GROOMING L.L.C.,2019310160,LAS VEGAS MOBILE GROOMING L.L.C.
"LAS VEGAS MOTHERS OF MULTIPLES, INCORPORATED",2021316939,"LAS VEGAS MOTHERS OF MULTIPLES, INCORPORATED"
"LAS VEGAS RACQUET BALL CLUB, INC.",2019309801,LAS VEGAS ATHLETIC CLUBS
LAS VEGAS RESTORATION LLC,2017300417,LAS VEGAS RESTORATION LLC
"LAS VEGAS ROCK, INC.",2015303136,"LAS VEGAS ROCK, INC."
LAS VEGAS SAME DAY DELIVERY L.L.C.,2013303559,LAS VEGAS SAME DAY DELIVERY
LAS VEGAS SCHOOL OF BASEBALL,2010302309,LAS VEGAS SCHOOL OF BASEBALL
LAS VEGAS TRIATHLON CLUB,2012301141,LAS VEGAS TRIATHLON CLUB
LAS VEGAS YOUTH SWIMMING ASSOCIATION,2020314544,TEAM REBEL AQUATICS
LAST FRIDAY WATER STREET FOUNDATION,2017305647,Last Friday Water Street Foundation
"LAST MILE DSP, LLC",2019312925,"LAST MILE DSP, LLC"
LAST MILE LOGISTICS LLC.,2019311340,LAST MILE LOGISTICS LLC.
LASVEGASCOPIER.CO LLC,2017305314,LASVEGASCOPIER.CO LLC
LASVEGASHULA LLC,2018308629,Lasvegashula LLC
LATABLE D'ISABELLE LLC,2022319525,LATABLE D'ISABELLE LLC
LATHOURIS LAW PLLC,2017305696,Lathouris Law PLLC
LATINO PEACE OFFICERS ASSOCIATION CLARK COUNTY CHAPTER,2017304571,Latino Peace Officers Association Clark County Chapter
"LAURA M. BRUSE, M.D., P.C.",2015302282,BEAUTIFUL BONES ORTHOPAEDICS
"LAURENCE A. SPEISER, LTD.",2005306621,"LAURENCE A. SPEISER, LTD."
LAURETTA ALBERICO & ANTONIO ALBERICO,2011300920,"ALBERICO, LAURETTA & ANTONIO"
LAURIE D'ANDREA,2018308332,"D'Andrea, Laurie"
LAVON KENNEDY / TERRY KENNEDY,2019312918,EIGHTYSIXXXED SPORTS
"LAW OFFICE OF DANIEL POTUCEK, LLC",2010302298,"LAW OFFICE OF DANIEL POTUCEK, LLC"
LAW OFFICE OF ERIC L. MARSHALL L.L.C.,2018308706,Marshall Injury Law
"LAW OFFICE OF NATHALIE GOTTSCHALK, PLLC.",2014300532,"LAW OFFICE OF NATHALIE GOTTSCHALK, PLLC."
"LAW OFFICE OF RACHEL M. JACOBSON, LTD.",2011303095,"LAW OFFICE OF RACHEL M. JACOBSON, LTD."
LAW PAC GRILL LLC,2019312787,MAKAI PACIFIC ISLAND GRILL
LAWMEN LEGAL SERVICES LLC,2020312997,LAWMEN LEGAL SERVICES LLC
"LAWRENCE, KEVIN",2010300841,COMMUNITY LANDSCAPE MANAGEMENT
"LAWSON, TONY & CLARK, KERRI",2004305020,WILDHORSE GOLF ACADEMY
"LAZER SPOT, INC.",2015303017,"Lazer Spot, Inc."
LAZY DOG INC.,2014301507,LAZY DOG INC.
LBC Mundial Nevada Corporation,2014301533,LBC Mundial Nevada Corporation
LC KITCHEN & BAR DESIGNS LLC,2018309526,LC KITCHEN & BAR DESIGNS LLC
"LCP MANAGEMENT, LLC",2020314024,LITTLE CAESARS PIZZA
"LCPlasvegas, LLC",2025334285,Little Caesars Pizza
"LEACH, DANA",2005303929,DANA'S DANCER WEAR
"LEE, CHAD",2009302107,LITTLE'S LANDSCAPE MAINTENANCE
"LEEHEY, JOYCE",2011301882,"LEEHEY, JOYCE"
"LEMONTREE, LLC",2004305529,"LEMONTREE, LLC"
"LEVEL 3 COMMUNICATIONS, LLC",2012300339,LEVEL 3 COMMUNICATIONS LLC
LEVEL TEN SALON II LLC,2019311747,LEVEL TEN SALON
LEVEL TEN SALON LLC,2019312406; 2018307749,LEVEL TEN SALON
"LEVINE LAW GROUP, INC., A PROFESSIONAL CORPORATION",2021316670,Levine & Garfinkel
LEWIS THERAPY AND WELLNESS LLC,2021317835,VERIDIAN WELLNESS
"LEXTECH, LLC",2007303136,"LEXTECH, LLC"
LG SAKKAB LLC,2013300411; 2017304385,Desert Diamond Jewelers; DESERT DIAMOND JEWELERS
"LGC Associates, LLC",2022320332,LGC Hospitality
LGCM LLC,2018306745; 2018306746,The Infusion Pharmacy; The Infusion Suite
LIBERTY EXPRESS BAIL BOND STORE INC.,2014301899,Liberty Express Bail Bond Store Inc.
"LIFE QUALITY USA, NFP",2014300664,BRAIN SAVER NV
LIFE REAL ESTATE L.L.C.,2018309185,LIFE REALTY DISTRICT
LIFE SAVING MEASURES LLC,2014300970,LIFEGUARD STAFF
LIFE SKILLS AND SKILLETS,2015303344,LIFE SKILLS AND SKILLETS
LIFE SYSTEMS SOLUTIONS LLC,2017304682,Life Systems Solutions LLC
LIG AMPAC LLC,2019309787; 2019309788,DISTILL
LIG Inspirada LLC,2023321473; 2023321475,Distill
"LIGHT THEORY STUDIOS, LLC",2022318641,"LIGHT THEORY STUDIOS, LLC"
LIGHTHOUSE PROPERTY INSPECTIONS LLC,2016300491,LIGHTHOUSE PROPERTY INSPECTIONS
LIGHTS FOR LOCALS,2009301145,OFFICIAL LAS VEGAS LIGHT
"LIGON, KERRY",2011300864,"LIGON, KERRY"
LILI CLAIRE COMMUNICATIONS,2010302385,LILI CLAIRE COMMUNICATIONS
LIN Henderson Dental Group PC,2017306101,Henderson Dental Group and Orthodontics
"LINDA WOODSON DERMATOLOGY, A PROFESSIONA",2013300346,"LINDA WOODSON DERMATOLOGY, A PROFESSIONA"
"LINDO MICHOACAN LA LOMA, LLC",2009303846; 2009303847,LINDO MICHOACAN LA LOMA
"LINKS FOR LIFE FOUNDATION, INC.",2007301470,"LINKS FOR LIFE FOUNDATION, INC."
"LINO'S CLEANING SERVICES, INC",2014302601,LINO'S CLEANING SERVICES
"LINTBUSTERS, INC.",2008300446,"LINTBUSTERS, INC."
LIONS CLUB INTERNATIONAL FOUNDATION,2013301209,LV INTERNATIONAL LIONS CLUB
"LISA HAWORTH, M.D., P.C.",2006300904,"LISA HAWORTH, M.D., P.C."
LISA LEIGHS BOOTLEG MICHELADA MIX LLC,2020315080,LISA LEIGHS BOOTLEG MICHELADA MIX
LISA/CARRISON LTD.,2021315768; 2021315767,PUTTER'S BAR & GRILL #13
LIVING EPISTLES FAMILY MINISTRIES,2009302972,LIVING EPISTLES FAMILY MINISTRIES
"LIVING GRACE HOMES, INC.",2014303451,LIVING GRACE HOMES
"LIZOTTE, SHIRLEY K. & DENNIS T",1997038992,A Good Idea
LJ MICROWAVE COMPONENTS LLC,2021315733,LJ Microwave Components LLC
"LLLREPTILE AND SUPPLY COMPANY, INC.",2018309008,REPTILES-N-REEFS
LLN02 LLC,2023323290,Rejuven Health
LLR Locksmith LLC,2024330302; 2024330303,LLR Locksmith LLC
LLV Golf Recovery Acquisition LLC,2014303203; 2016301613; 2019311296; 2016301614,Reflection Bay; Seasons Grocery
LLVSPORTS LLC,2021317834; 2024330001,Lake Las Vegas Sports Club
"LLW ENTERPRISE, LLC.",2014300584,"LLW ENTERPRISE, LLC."
LM Music,2024330289,Las Vegas Entertainment Productions
LMCME Spa LLC,2012301157; 2012301158; 2012301159,Massage Envy Spa
"LMDCS, LLC",2021316448,LA MAISON DES CHEFS
"LOCK N LOAD, LLC",2018307835,Lock N Load
"LOCUS TELECOMMUNICATIONS, LLC",2019311662,"LOCUS TELECOMMUNICATIONS, LLC"
"LOGAN AVENUE CONSULTING, LLC",2015300538,LOGAN AVENUE CONSULTING LLC
"LONASCO, CAROL",2006300884,Dependable Carpet Cleaning
"LONE MOUNTAIN PARTNERS, LLC",2017305864,Siena
"LOOLOO, LLC",2017305470,Tide Dry Cleaners
LORI L. SCHAEFER,1999047476,Lori's Guiding Star
"LOTT, VICTORIA E.",1997038446,CRUISE DOCTOR
"LOVE, BARK, & PURR PET SERVICES CORP",2019310304,"LOVE, BARK, & PURR PET SERVICES CORP"
"LOW, KYMBERLEY",2008302354,FOCUSED ON YOU
"LOZOYA, CESAR A",2013300840,EAGLE LAWN SERVICE
LP Law NV LLC,2020315153,LP Law NV LLC
"LRS SYSTEMS, LTD.",2022319966,"LRS SYSTEMS, LTD."
"LT MIXED USE RECO (HENDERSON), LLC",2022320804,Life Time Living
"LTF Club Operations Company, Inc.",2014303104; 2014303102; 2014303100; 2014303101; 2014303099; 2014303103; 2022320943,Life Cafe; Life Time Athletic; Life Spa
LTMD LLC,2021316910,El Dogg's Grill
LULU HAWAIIAN BBQ 5 LLC,2019310812,LULU HAWAIIAN BBQ
LUNA DURANGO LLC,2016301828,New Day Cafe
LUNA VEGA ENTERPRISES,2002302738,FAUSTO'S MEXICAN GRILL
"LUO, JINYI",2011303142,"LUO, JINYI"
"LUTRARIO, SANDRA",2011302860,"LUTRARIO, SANDRA"
"LUV Car Wash Group, LLC",2022319096; 2022319101,LUV Car Wash
"LUXE INTERNATIONAL REALTY, LLC",2022320708,LUXE International Realty
"LV Alper Center, LLC",2019312437,Empire Apartments
LV BEES,2018308967,SAVE THE BEES
LV Backflow Services LLC,2024331808,LV Backflow Services LLC
LV Canoe Kayak Club LLC,2021317281,Las Vegas Sup Kayak Club
"LV Cellulite Centre & Laser Boutique, LLC",2022320776; 2022320777; 2022320778,NKDSkin Aesthetics
LV Cosmetic Aesthetics LLC,2024330077; 2024330078; 2024330079,Oasis Beauty Medical Aesthetics
LV Cuban RE LLC,2021316602; 2021316603,Cubanidad
LV Detailing LLC,2025333802,LV Detailing LLC
LV Discount Nutrition Inc.,2026335938,Vegas Discount Nutrition
LV Gilespie LLC,2020313969,REVOLUTION APARTMENTS
LV Monkey Business LLC,2022318482; 2023322742; 2024331748,Grease Monkey Garage South; Galaxy Garage and Service Station
"LV Nails & Spa, L.L.C.",2013303258; 2021316981,LV Nails & Spa
LV PC Fix LLC,2024330795,Tates PC
"LV Petroleum, LLC",2021316473; 2021316471; 2021317107; 2021317108; 2021316474; 2021317109; 2024330668; 2024330669; 2024330670; 2024330671; 2024330672; 2024330673,US Gas 10; US Market Lake Mead; TA Express Railroad Pass; Petro Eldorado Pass
LV Pool Service and Repair LLC,2023323246,LV Pool Service and Repair LLC
LV Pro Services LLC,2023322680,LV Pro Services LLC
"LV RENOVATIONS, LLC",2022320617,LV Renovations
"LV STARR, LLC",2020314113,AVIATOR APARTMENTS
"LV Siena, LLC",2006305157,La Serena @ The Heights
"LV Society, LLC",2024329715,LV Society
LV Surgery Associates PLLC,2023323399,LV Surgery Associates PLLC
LV Tint Crew LLC,2024331232,Las Vegas Window Tinting
LV Veloworks LLC,2019312099,Velofix Las Vegas
LV.NET LLC,2019311499,LV.NET
LVBRIDAL INC,2016300574,Silhouette Bridal
LVGR Consulting LLC,2025333088,LVGR Consulting LLC
"LVGV, LLC",2013303072; 2013303071; 2013303073; 2013303074; 2013303076; 2013303078; 2013303079,The M Resort Spa and Casino
LVL Prep LLC,2023322685,LVL Prep LLC
LVMS INVESTMENT INC.,2016302574,LVMS MAINTENANCE
LVNV CORP,2024330065,Wild Finds!
LVOC LLC,2026335324,Home Flow Helpers
LVP Food Service Concept LLC,2023329283; 2024330680; 2025333296,Charley's Philly Steaks; Dunkin Donuts; Starbucks
"LVP QSR 6 Development, LLC",2024330738,Sonic
"LVP Restaurant Group, LLC",2025334376,BoJangles
"LVTPS, LLC",2024331150,LVTaco
LW 109 LLC,2023321497; 2023321498,Liquor World
"LWIN FAMILY CO, LLC",2020312998; 2020312999,OUMI SUSHI
"LWJ Industries, Inc",2025332797,Puddle Pools Las Vegas
LYFE IS BEAUTIFUL LLC,2021316225,LYFE IS BEAUTIFUL LLC
"LYLOKI, LLC",2007300254,Imperial Auto & Truck Service Center
"LYNDA R. KEETON CPA, LLC",2008303335,KEETON CPA
"LYONS, WILLIAM H",2015302948,ADVANCED DELIVERY SYSTEMS
LZ Photography LLC,2024331384,LZ Photography LLC
"LZB Retail, Inc.",2018309005,La-Z-Boy Furniture Galleries
La Bonita Grocery and Meat Market,2019312466; 2019312467,La Bonita Supermarkets
La Churrera LLC,2026335209,La Churrera LLC
"La Cocina, LLC",2014300885; 2014300884,Taco Y Taco Mexican Eatery & Bar
La Gabri-Elle Inc.,2025332971; 2025332972,La Gabri-Elle Inc.
La Revolution LLC,2021315936; 2021315937,Baguette Cafe
La Sabrosa LLC,2024330856,La Sabrosa LLC
La Tropezienne Factory LLC,2023321431; 2023322495,La Tropezienne Bakery
"LaMotte Pediatrics, LLP",2006304633; 2018306757,Anthem Hills Pediatrics
LaTasha Medley,2021317648,BLACK CAT & SAGE
Laboratory Corporation of America,2013301905; 2005300272,Laboratory Corporation of America
"Lackey Team, LLC",2019310366,Empire Realty and Management
"Lady Bug Pest Control, Inc.",2011303024,"Lady Bug Pest Control, Inc."
Lady Jacqueline Duran Tobon,2022321186,Star Cleaning
Lady La La,2021316976,Branch Out
Lady Lux Cleaning Co LLC,2024331335,LadyLux Cleaning Company
Lago Toscano LLC,2010301922; 2010301926; 2010301925; 2010301923,Luna Rossa; Pizzamania
Lagreemixx LLC,2023323548,Lagreemixx
Lake Las Vegas Gaming LLC,2020313295; 2020313296,The Speakeasy
Lake Las Vegas Golf Cart Rentals LLC,2024330763,Lake Las Vegas Golf Cart Rentals LLC
Lake Las Vegas Master Association,2006301110,Lake Las Vegas Master Association
"Lake Las Vegas Outdoor Adventures, LLC",2012301483,River Mountains Loop Bike Shop
Lake Las Vegas Southshore Residential Community Association,2006301111,Lake Las Vegas Southshore Residential Community Association
Lake Mead Auto & Marine,2019309797,Lake Mead Auto & Marine
"Lake Mead Car Wash, Inc.",2015301923,Moonlight Car Wash
Lake Mead Fitness LLC,2016300449,Planet Fitness
Lake Mead Jet Ski Rentals LLC,2026335734,Lake Mead Jet Ski Rentals LLC
Lake Mead Sodas LLC,2024329624,FIIZ Drinks
"Lake at Las Vegas Joint Venture, LLC",1992011063,Lake Las Vegas
"Laker Plaza, Inc.",2010300971; 2010300970; 2017304422; 2015303708; 2010302440,"Laker Plaza, Inc."
"Lakeshore Learning Materials, LLC",2023321947,Lakeshore Learning Store
"Lakeview Loan Servicing, LLC",2018307751,"Lakeview Loan Servicing, LLC"
"Lakin Tire West, LLC",2021317136,"Lakin Tire West, LLC"
Lako LLC,2026335606,Dill Dinkers Henderson NV
Lamaar Elliott,2011302097,CCRepairz
Lamaii Restaurants LLC,2021318151; 2023322260,Lamaii-Henderson; LAMAII-HENDERSON
"Lamar Central Outdoor, LLC",2008300684,"Lamar Advertising of Las Vegas, Nevada"
Lamela Inc.,2025334087,Latin sound Jewelers
"Lamps Plus, Inc.",2006304442,"Lamps Plus, Inc."
"Land Development Associates, LLC",2022320493,"Land Development Associates, LLC"
Land of AHHHS LLC,2018309151; 2018307456; 2018307457,Zen Massage
Landis Auto Detail LLC,2024329701,Landis Auto Detail LLC
Lando's Kitchen LLC,2023323614,Lando's Kitchen LLC
"Landry Holdings I, LLC",2007300100,CASINOTECH
Landscape Design LLC,2022320597,Landscape Design LLC
"Landsman Family Manager, LLC",2015303500,Landsman Gardens Apartments
Lane Bryant Brands Opco LLC,2021316631,Lane Bryant
Langford Hospitality LLC,2026335041,Allora Culinary Practice
Lanterman Consulting LLC,2026334606,Lanterman Consulting LLC
Lapis & Oak LLC,2022318674; 2018308206; 2018308205,Lapis & Oak Spa and Salt Lounge
"Large Vision Property Management, LLC",2021316590,"Large Vision Property Management, LLC"
Larraine Leisure,2023321729,A Taste of Leisure
Larry Adrian Rodriguez,2025333944,Rebel Roadside Assistance
Larry Sustin,2022320423,"Sustin, Larry"
Las FYZICAL LLC,2021316198,FYZICAL Therapy and Balance Centers
"Las Vegas Amusement Rentals, LLC",2023321880,Las Vegas Amusement Rentals
"Las Vegas Analytics, Inc.",2011302268,"Las Vegas Analytics, Inc."
Las Vegas Auto Detail LLC,2022319976,Las Vegas Auto Detail LLC
Las Vegas Basketball L.P.,2023323361; 2023329263,Las Vegas Aces
"Las Vegas Body Sculpting & Aesthetics, Mustafa Ahmed",2023323582,Las Vegas Body Sculpting
Las Vegas Business Acadamy,2018307066,Las Vegas Business Acadamy
Las Vegas Business Brokers LLC,2023322696,Transworld Business Advisors Las Vegas Henderson
Las Vegas Carpet Killers LLC,2022318848,Las Vegas Carpet Killers LLC
Las Vegas Chips,2017305699,Southern Nevada CHIPs
"Las Vegas Coffee Investors, LLC",2022318784,Coffee Bean & Tea Leaf
Las Vegas Coin Laundry L.L.C.,2013301303; 2014302774,Las Vegas Coin Laundry #3; Las Vegas Coin Laundry #4
"Las Vegas Collision, Inc.",2023321984,AW Collision of Henderson
Las Vegas Community Management Group LLC,2026335740,Las Vegas Community Management Group LLC
Las Vegas Crushing LLC,2015301356,"Las Vegas Crushing, LLC"
"Las Vegas Display Fireworks, Inc.",2025333112,"Las Vegas Display Fireworks, Inc."
"Las Vegas Distillery, LLC",2011301213; 2014300966; 2024330355; 2024331270; 2025333873,"Las Vegas Distillery, LLC"
Las Vegas Farmers Market LLC,2019310688,Las Vegas Farmers Market at Galleria at Sunset
Las Vegas Grazing Co. LLC,2025333979,Las Vegas Grazing Co. LLC
Las Vegas Home Inspections LLC,2011303105,LV Home Inspections
"Las Vegas Injury Pain Center, LLC",2022320093,LVIPC
"Las Vegas Intensive and Pulmonary Specialists (Amesur and Del Mundo), PLLC",2024331884,Las Vegas Intensive and Pulmonary Specialists
"Las Vegas Jewelry & Coin Exchange, LLC",2011302341; 2017304386,"Las Vegas Jewelry & Coin Exchange, LLC"
Las Vegas Kayak LLC,2026335181,Las Vegas Kayak LLC
"Las Vegas Kidney & Hypertension Specialists, LLC",2015300263,"Las Vegas Kidney & Hypertension Specialists, LLC"
"Las Vegas Medical Group, LLC",2015300820; 2023321602; 2023322949,"Jacobs Medical Associates; Las Vegas Medical Group, LLC; Valley Health Physician Alliance"
Las Vegas Mushrooms LLC,2020314788,Las Vegas Mushrooms LLC
Las Vegas NV Driving School,2014301174,Las Vegas NV Driving School
Las Vegas Nails and Spa LLC,2023322653,LV Nails & Spa
Las Vegas Paddleboard LLC,2024329919,Las Vegas Paddleboard LLC
"Las Vegas Pain Relief Centers (Petrick), PLLC",2013301542,Las Vegas Pain Relief Centers
"Las Vegas Parking, Inc.",2019310640; 2019310641; 2023321518,"Las Vegas Parking, Inc."
Las Vegas Personal Chefs LLC,2023322743,Chefs for Seniors
Las Vegas Pest Control Inc.,2025334267; 2025334268,Evolve Pest Control; Las Vegas Pest Control Inc.
"Las Vegas Pilates, Inc.",2010302503,Las Vegas Pilates
Las Vegas Pizza LLC,2010300347; 2010300392; 2010300345; 2010300391; 2010300430,Pizza Hut
Las Vegas Pool Daddy Inc,2014303300,Las Vegas Pool Daddy Inc
Las Vegas Pool Experts LLc,2025333771,Las Vegas Pool Experts
"Las Vegas Premier Marketing, Inc.",2024331566,"Las Vegas Premier Marketing, Inc"
"Las Vegas Professional Center, LLC",2026335767,"Las Vegas Professional Center, LLC"
"Las Vegas Property Services, LLC",2025333243,"Las Vegas Property Services, LLC"
"Las Vegas Protective Services, Inc",2020312993,"Las Vegas Protective Services, Inc"
Las Vegas Recovery Hospital LLC,2024330596,Las Vegas Recovery Hospital LLC
Las Vegas Scuba Academy LLC,2022318771,Las Vegas Scuba Academy LLC
Las Vegas Scuba LLC,2025332045,Las Vegas Scuba
Las Vegas Sports Massage LLC,2023321490,James Baylis
Las Vegas Taekwon-Do LLC,2022319435,Las Vegas Taekwon Do
"Las Vegas Toilet Rentals, Inc.",2015303125,Las Vegas Toilet Rentals
"Las Vegas Urology, LLP, A Nevada Limited Liability Partnership",2023321351,Las Vegas Urology
"Las Vegas Valley Care, LLC",2025334317,LV Valley Care
Las Vegas Water Sports Inc,2000056368,PROSHOP MOTORSPORTS AND MARINE
"Las Vegas Weightloss Center, LLC",2013301375,"Las Vegas Weightloss Center, LLC"
Lasalle Assurance Warranty Corp.,2010301048,Lasalle Assurance Warranty Corp.
"Laser MTG, LLC",2020315452,Laser Mortgage
LaserAway NV LLC,2023321345; 2023321346,LaserAway
Lash Lord LLC,2025333008; 2025333015,Lash Lord
Lashaundra Venice Hall & Gregory Thomas Hall LVE Consulting,2024330866,Ink Love
"Last Hand Gaming, LLC",2004304946; 2004304948,Lucky Joe's Saloon
Lato Goodrich Pearson LTD,2024329859,"LGP, CPAS"
Latrell Dione Carr-Crawford,2024330895,CC Squared Transport Services
Launch Retirement LLC,2026334701,Launch Retirement LLC
Laura E. Stubberud,2024329597,"Stubberud, Laura E."
Laura Harbison LTD,2007303381,Realty Executives Harbison Team
Laura Thiele,2015302579,Green Valley Piano Studio
Laurel Zacher,2025332590,LZ Strategic
Lauren Wecker,2024330913,"Lauren Wecker, Psy.D."
Laurey Ray,2017304600,Professional Medical Billing & Management
Laurie Ann Faille,2024331296,Sew Doggone Cute
Lavender Solutions LLC,2024330449,Zoomin Groomin
Lavish Licks LLC,2025333659,Lavish Licks LLC
Law Office of Christina Wilder L.L.C.,2016301216,Law Office of Christina Wilder L.L.C.
Law Office of Gary Thompson,2020314117,Law Office of Gary Thompson
"Law Office of Jason H Weinstock, PLLC",2019312100,"Law Office of Jason H Weinstock, PLLC"
Law Office of Lawrence Hill LLC,2021317576,Lawrence Hill and Associates
"Law Office of Michael F Bohn Esq., Ltd",2026335748,"Law Offices of Michael F Bohn, Esq., Ltd"
Law Offices of Gary P. Sinkeldam APC,2019312297,LAW OFFICES OF GARY P. SINKELDAM APC
"Law Offices of Karen H. Greene-Lewis, Inc.",2013303330,"Law Offices of Karen H. Greene-Lewis, Inc."
"Law Offices of Richard Vilkin, P.C.",2007303641,"Law Offices of Richard Vilkin, P.C."
"Law Offices of Scott M. Clark, PC",2022320368,"Law Offices of Scott M. Clark, PC"
Law Offices of William R. Killip LLC,2018308662,Law Offices of William R. Killip LLC
"Lawrence & Lawrence Law, PLLC",2025332382,Lawrence & Lawrence
Lawrence Creative Group LLC,2024329400,"Lawrence Creative Group, LLC"
Lawrence Flisser,2023329168,Henderson Firearm Training
Lawsuit Hotline Services LLC,2023321455,Lawsuit Hotline
"Lazy Dog Restaurants, LLC",2024331388; 2024331389; 2025332286,Lazy Dog Restaurant & Bar
"Le Café du Val, LLC",2023329342; 2023329343,Le Cafe du Val
Lea Engle,2018307756,"Lea Engle, MFT"
LeadQ Group Nevada LLC,2020313666,LeadQ Group Nevada LLC
"Leadership Research Institute, Inc",2026335654,"Leadership Research Institute, Inc"
Leah Koza,2008301984,"Koza, Leah"
Leanne Duncan Sorensen,2025332825,Health & Fitness Instructor Educator
"Leavitt Family Freedom, LLC",2022318331,Leavitt Family Law Group
"Leavitt Medical Associates of Nevada, PC",2018309024,Advanced Dermatology and Cosmetic Surgery
"Lee Cleaners, Inc.",2019311714,Lee Cleaner
Lee Dynasty LLC,2019311315; 2019311632,Fuzen Pho; Thirstea Juice Bar
Lee's Family Barber Shop LLC,2023321387,Lee's Family Barber Shop
Leek and Company Inc,2020313989,Leek and Company Inc
"Lefco Video Services, Inc.",2002302416,"Lefco Video Services, Inc."
Legacy Lines LLC,2024330931,Legacy Lines
Legacy Martial Arts Henderson LLC,2023322709,Legacy Martial Arts Henderson LLC
Legacy Mortgage and Investment Corporation,2023322162,Legacy Mortgage and Investment Corporation
Legacy Pest Control Inc.,2018306867,Legacy Pest Control Inc.
Legacy Renewal Properties LLC,2025333027,Waffles Cafe Express
"Legacy Self-Serve Car Wash, LLC",1999046693,Legacy Self-Serve Car Wash
Legacy Woodworking & Design LLC,2020313661,Legacy Woodworking & Design
"Legal Eagle, LTD.",2019311852,In-A-Snap Legal Documents
Legend Models and Talent L.L.C.,2022318404,Legend Models and Talent L.L.C.
Lein Enterprises Inc.,2012300182,L & L Industries
Leiying Yang,2024331507,Leiying Yang
Leland Burdette Mosley,2023322398,Boogie Entertainment Mobile DJ Service
"Leleu Legal Services, PLLC",2026334843,Horizon Law
Lemonde Studio Inc,2025332024,LeMonde Studio Inc
"Lending Force, LLC",2025333265,"Lending Force, LLC"
"Leo A. Daly & Associates, P.C.",2025334339,"Leo A. Daly & Associates, P.C."
"Leo J. Capobianco, D O, LTD.",2017306394,Doctors Center At Red Rock
Leon Peasron Insurance Agency,2013300932,Leon Peasron Insurance Agency
Leonard A. Jones LLC,2023323331,Whatever Is Necessary
Leonard Souza LLC,2025333755,Leonard Souza LLC
Leroy Reckling,2010300223,"Reckling, Leroy"
Leslie Marie Schlapfer,2025333268,Zerochem
Leslie McCord,2008302714,LM Interiors
Leslie Menchen,2017306297,"Menchen, Leslie"
Leslie Whitehead,2024331850,Leslie Whitehead
"Leslie's Poolmart, Inc.",2013301541; 2001004000; 1998038470,Leslie's Swimming Pool Supplies #810; Leslie's Swimming Pool Supplies #436; Leslie's Swimming Pool Supplies #312
Let's Celebrate Life,2024330536,Let's Celebrate Life
"Let's Party Las Vegas, LLC",2022320338,"Let's Party Las Vegas, LLC"
Leticia Alcaraz,2005305037,Ready Cleaning Services
Leva Krueger,2021316829,ForeverBeautyInk
Levar Maxwell Agency LLC,2023322049,Levar Maxwell Agency
Leve LLC,2024331539,Leve
Level Up Fresh LLC,2025333646,Togo's
Levi Strauss & Co.,1998038710,Levi Strauss & Co.
Levy Premium Foodservice Limited Partnership,2022318719; 2022318717; 2022318748; 2022318749,Lee's Family Forum
Lewis M. Etcoff PhD,2024329998,Lewis M. Etcoff PhD
"Lexie's Bistro on Raiders Way, LLC",2023323090; 2023323091; 2023323092,Lexie's Bistro
Lexus Halcomb Simmons,2021317011,NO3 Brand
"Lhoist North America of Arizona, Inc.",2023323084,"Lhoist North America of Arizona, Inc."
Liam Mackin,2022319080,Eco Handyman Services
Liberty Automotive LLC,2017300784; 2017300783; 2017305598; 2017300785; 2022321019; 2022321021; 2022321022; 2023323490; 2023323491,Liberty Auto Plaza; Liberty Tech and Tire; Liberty Mart; Paisano's Mexican Grill; L&L Hawaiian BBQ
Liberty Handyman Service LLC,2019312326,Liberty Handyman Service LLC
Lidar Services LLC,2017306532,LiDAR Services LLC
Life Change Therapy LLC,2026335625,Life Change Therapy LLC
"Life Steps Counseling & Consulting, LLC",2017306034,"Life Steps Counseling & Consulting, LLC"
Life for Liam and Friends Foundation,2023323608,Life for Liam and Friends Foundation
LifeCare Partners,2025332703,LifeCare Partners
Lifetime Hospice Care Inc,2022319949,Lifetime Hospice Care Inc
Light Beyond LLC,2026334530,Light Beyond LLC
Light House Client Services LLC,2025333462,Light House Client Services
Lightharted Healing LLC,2023329329,Lightharted Healing LLC
Lighthouse Pool Service LLC,2025332917,Lighthouse Pool Service LLC
Lights Up Las Vegas LLC,2025334271,Lights Up Las Vegas LLC
Lil Neenja Stars LLC,2022319680,Lil Neenja Stars LLC
Lilia Leonor Ceballos & Jose Manuel Ceballos,2018308147,Aztec Bail Bonds
Lily A Reyna,2020313598,"Tiger Lily, PGA"
Lily's Lens Company,2025333258,Lily's Lens Company LLC
Limelight Music Productions LLC,2022321034,Limelight Music Productions LLC
"Limitless Behavioral Health & ABA Associates, LLC",2022319574,"Limitless Behavioral Health & ABA Associates, LLC"
Limitless Motors LLC,2019312828,Auto Connect
Limpix LLC,2025332820,Limpix
Lin Zhi Hao LLC,2018307434,New York Chinese Restaurant
Lina Patricia Mena Polania,2024331824,Beauty Harmony Studio
Linal Harada,2022320801,with Linal
"Lincoln Dynamic Group, LLC",2025333510,"Lincoln Dynamic Group, LLC"
Linda Razziano,2011302057,"Razziano, Linda"
Linda Sue Baumert & Robert James Baumert,2021316323,ANYTIME CRITTER CARE
Linde Gas & Equipment Inc.,2007300925,Linde Gas & Equipment Inc.
"Linden, Inc.",2018308270,"Linden, Inc."
"Link Tech, LLC",2008300733,Link Technologies
Lion Heart Solutions & Consulting LLC,2025332289,Lion Heart Defense Training
"Lipshutz & Wills Medical Group, LLC",2024331838,Monos Health
Liquid The Salon LTD.,2004305112; 2005306512,Liquid The Salon
Liquor City Inc,2020313845; 2020313843,Liquor City Henderson
Lisa A Gilbert,2021316340,ResinistaLisa
Lisa Bergmann,2021317614,LegalEase Professional Services
Lisa Brooke Shaffer,2024330927,Dr. Lisa B. Shaffer
Lisa Claridy,2021318108,"Claridy, Lisa"
Lisa J Huizinga,2011301022,Stock Studio
Lisa Marie's Kitchen LLC,2022318421,Lisa Marie's Kitchen LLC
Lisa Purdy,2013302284,"Purdy, Lisa"
Lisa Schwindt,2015303668,Lisa Schwindt
Lisa Watson,2011302925,All About Time
Lisa Weinshenker,2024331307,"Weinshenker, Lisa"
Lisa's Tidy Angels LLC,2024331656,Lisa's Tidy Angels LLC
"Litjens Commercial, LTD.",2026334717,"Litjens Commercial, LTD."
Little Amigos Spanish Club LLC,2026335164,Little Amigos Spanish Club LLC
Little Angels Youth Services LLC,2015302638,Angels Matter Behavioral Health
Little Birds Auto Detailing LLC,2025333009,3 Little Birds Auto Detailing LLC
Little Buds Learning LLC,2025334429,Little Buds Learning LLC
"Little Caesar Enterprises, Inc.",2004300789; 2004304369,Little Caesar's #3395; Little Caesar's #3380
Little Geisha Corp.,2024330256,Gung Chae Korean Healthy Kitchen
Little Miss Hannah Foundation,2012301510,Little Miss Hannah Foundation
Little Moments Balloon Co. LLC,2026335768,Little Moments Balloon Co. LLC
Little Voices Speech Therapy LLC,2025333424,Little Voices Speech Therapy LLC
"Littler Mendelson, P.C.",2016303174,"Littler Mendelson, P.C."
"LivOn Laboratories, Inc.",2011302914,"LivOn Laboratories, Inc."
Live Love Loyalty L.L.C.,2019311643,HERVSTEEM
"Live To Ignite, LLC",2021317844,"Live To Ignite, LLC"
"LiveAgelessly, LLC",2021317013,LiveAgelessly
Liza Faress Insurance Agency LLC,2022321177,Liza Faress State Farm Agency
Lloyd's Homecare Services LLC,2024331334; 2025333264,Sunset Loft LV; Prints of Her
"Lo Bue Associates, Inc.",2023321983,"Lo Bue Associates, Inc."
Lo Filmworks Inc.,2026335240,Lo Filmworks Inc.
"Loan Factory, Inc.",2024331667,"Loan Factory, Inc."
Loan Funder LLC,2020314225,Loan Funder LLC
Loan Huynh,2026335383,Restoration Ink Studio
Loanmax Limited-Liability Company,2010300798,Loanmax Limited-Liability Company
Local E C Solutions LLC,2025333392,Local E C Solutions LLC
"Local Internet Ads, LLC",2018306846,"Local Internet Ads, LLC"
"Lochsa Engineering, LLC",2021316560,"Lochsa Engineering, LLC"
Lock Chopper LLC,2017304850,Lock Chopper
Lock-It LLC,2025333649,Lock-It LLC
"Locked In, Inc",2025334029,"Locked In, Inc"
Logispend LLC,2026335870,Logispend
Lois Susan Lukas,2022318572,Buford Productions
Lomax Laser Services Inc.,2015301154,Millennium Awards & Photography
Lome Designs LLC,2023321839,Bella Bridesmaids
"Lone Mountain Aviation, Inc.",2020313711,All In Aviation Maintenance
"Longares Global Operations, Inc.",2023329136,LOGO
"Longs Drug Stores California, L.L.C.",2002300005; 2003300812,CVS/Pharmacy #9548
"Loomis Armored US, LLC",2026334977,"Loomis Armored US, LLC"
Loop Trail Rentals L.L.C.,2024329422,Loop Trail Rentals L.L.C.
"Lopez Corrales, Inc.",2018307720,Roberto's Taco Shop
Lopez Lawn Maintenance LLC,2024329782,Lopez Lawn Maint.
Lopez Lopez Kitchens LLC,2018307294,Stonewood
Lorena Rodriguez,2023329315,Vendredi 31
Lorenas Party Rentals LLC,2026335026,Lorena's Party Rental's
Loretta Metzger MD LTD,2016300350,Loretta Metzger MD LTD
Lori Matsuoka,2012301253,Island Girl Studio
"Loritin, Inc.",1997039585; 1997039584; 2003300576,Village Pub and Casino-Green Valley
Lorraine Douglas,2025333411,Raindrops-On-The-Go
"Lorri Lynn Associates, Inc.",2014302640,Abbott's Custom Printing
LostBoy Tattoo LLC,2026335251,LostBoy Tattoos
"Lotus Rising Healing, PLLC",2026336270,"Lotus Rising Healing, PLLC"
Lotus Studio Events LLC,2022320836,Lotus Studio Events LLC
Lotus Studio Fitness & Wellness LLC,2026335682,Lotus Studio Fitness & Wellness LLC
"Louder Than Quartz, LLC",2025334020,"Louder Than Quartz, LLC"
Loujenn Cuisine LLC,2012307911; 2012307912,Crepe Expectations
"Lousig-Nont & Associates, Inc.",2017304574,Doc's Detecting
Louvonia Ann Thompson,2025333875,SnapPicture Booth
Lovable Fluffs LLC,2025333035,Lovable Fluffs LLC
Love Laugh Play Photography LLC,2024329862,Love Laugh Play Photography LLC
"LoveDees, LLC",2022320334,"LoveDees, LLC"
"Lovelady Brewing Company, LLC",2016300847; 2016300848,Lovelady Brewing Company
Loving Embrace Home Care LLC,2020314329,Loving Embrace Home Care LLC
Loving Hands of Nevada Home Health Care L.L.C.,2016300950,Loving Hands of Nevada Home Health Care
Loving Hearts Veterinary Services LLC,2025332973,Loving Hearts Veterinary Services LLC
"Low Drag, LLC",2023322751,City Wide Facility Solutions
"Lowe's Home Centers, LLC",2019312524; 2019312525; 2014300931; 2014300932; 2014300930; 2024330409,Lowe's; Lowe's Pro Supply
Lowell V Edgar Jr.,2024329680,Lowell V Edgar Jr.
Loyalty Maintenance Services LLC,2021316220,Loyalty Maintenance Services LLC
"Lu Yi International, LLC",2023321946,"Lu Yi International, LLC"
"LuLu Sexual Medicine, PLLC",2024330660,"Lulu Sexual Medicine, PLLC"
Lucent Pools,2015301091,Lucent Pools
Lucid Prints Inc,2025332364,Class 3 Creative
Lucille Brasher,2024330478,"Brasher, Lucille"
Lucky China LLC,2017305394,Lucky China
Lucky Lie Golf LLC,2026335466,Lucky Lie Golf LLC
Lucky Life LLC,2026335583,Lucky Life Therapy
"Luckygirl Bodywork, LLC",2025334270,Luckygirl Bodywork
Lucy Franco Nevada LLC,2025333881,The Dress Shop
Lucy Tate,2026335531,Island Life
"Ludian, LLC",2021316765,"Ludian, LLC"
Luigi H Pucci,2007301579,Act Fast Locksmith
"Luigi's Village Cleaners & Custom Tailoring, Inc.",2022320880,Luigi's Cleaners
Luis Armando Castillo,2025333389,Panda Tech Support
Luis Cardenas & Rosalba Cardenas,2012307465,G & A Maintenance
Luis Maldonado,2026335349,Brap Flap
Luis San Martin,2011300462,San Martin Janitorial Services
LuluLemon USA Inc.,2018308504,LuluLemon Athletica
"LumLiq2, LLC",2025332604,Lumber Liquidators
"Lument Real Estate Capital, LLC",2019311806,"Lument Real Estate Capital, LLC"
Luminate Bank,2025332870,Luminate Bank
Luna Beauty Luxe LLC,2026335004,Luna Beauty Luxe
Luna Tax LLC,2023329287,Luna Tax LLC
"Lunas Construction Clean Up, Inc.",2005305146; 2015302949,"Lunas Construction Clean Up, Inc."
"Lungwise Unified Guild, PLLC",2026335348,Lungwise
Lush Cosmetics LLC,2020314668,Lush Fresh Handmade Cosmetics
LuvLee Hair LLC,2025333639,LuvLee Hair
Lux Holiday Designs LLC,2023329391,Lux Holiday Designs
Lux Nails Spa LLC,2025332447,Lux Nails Spa
"Luxe Cheesecakes, LLC",2023329149,Luxe Cheesecakes & Desserts
"Luxe Pricing, LLC",2023329173,"Luxe Pricing, LLC"
Luxottica of America Inc.,2017304732; 2015301135; 2020313025; 2020313024; 2004303908,Target Optical #4732; Lenscrafters #721; Sunglass Hut; Sunglass Hut at Macy's; Lenscrafters #1709
"Luxury Living Las Vegas, LLC",2023323478,Luxury Living Las Vegas
Luxury Nails R Us LLC,2022320661,Nails R Us II
Luxury Nails and Spa LLC,2023322413,Luxury Nails
"Luxxe, LLC",2020315456,Flower Walls Las Vegas
Luz Ramirez,2019310605; 2019310606,Head 2 Toes Beauty Salon
Lydia Security Monitoring Inc,2023322100,COPS Monitoring
Lyfe Traveller LLC,2025333587,Lyfetraveller
Lyle Overby & Associates Inc,2022318900,Lyle Overby & Associates Inc
Lymphatic Wellness LLC,2025333463; 2025333464,The Tox Henderson
Lynda Jean-Powers,2017306146,Lynda Jean Image Consulting
Lynda Vanwie,2014301653,Print Plus More
Lynn Marie Ardoin,2018307443,Radiance
Lynn Marie Lawrence,2026336321,Little Hands-Growing Speech
Lynn Tambara,2018308655,"Tambara, Lynn"
M & L Designs LLC,2026335422,M & L Designs LLC
M & M Painting Plus LLC,2018308167,M & M Painting Plus LLC
M & W MAINTENANCE LLC,2018307086,M & W Maintenance LLC
"M AND M LANDSCAPING, LLC",2013300068,M AND M LANDSCAPING LLC
M Cleaning Company LLC,2025333516,M Cleaning Company LLC
M D Developmental Agency LLC,2022320141,M D Developmental Agency LLC
M Executive Car LV LLC,2023329265,M Executive Car LV LLC
M PLACE PRODUCTIONS LLC,2020313873,M PLACE PRODUCTIONS LLC
M&A Small Kitchen Group LLC,2016303349; 2016303350,Mimi' & Coco' Bistro; MIMI' & COCO' BISTRO
M&K Screens LLC,2023323623,Atomic Solar Screens
M&L Prop3 LLC,2025332140,Lucky Ducky Claw Arcade
M&M Collective LLC,2025333675,One You Love Homecare Henderson
M'1yeah LLC,2023322800; 2025332781,Le Petit Prince
M. LHUILLIER NEVADA L.L.C.,2018307764; 2018307765,M. LHUILLIER FINANCIAL SERVICES
"M.A. Nayer, M.D., P.C.",2013300825,Tri-State Neurology
"M.S.A. Investigations, Inc.",2023322562,MSA Security
"M.U.S.I.C. FOUNDATION OF ARIZONA, INC",2015301984,M.U.S.I.C. FOUNDATION
"M2B SOLUTIONS, INC.",2022320215,"M2B SOLUTIONS, INC."
M2M Property LLC,2025333255,Executive Suites
"M32 ORAL DESIGN STUDIO, INC.",2006305332,M32 ORAL DESIGN STUDIO
M4 Vending LLC,2026335920,M4 Vending LLC
M6 Enterprises,2024330324,Green Home Solutions
MACHANIX FAB. INC. OF NEVADA,1995035231,MACHANIX FAB INC OF NEVADA
"MADDISON, LLC",2009302702,"MADDISON, LLC"
"MAGIC WAND PEST CONTROL, INC.",2021315594,"MAGIC WAND PEST CONTROL, INC."
"MALLOY, MAX",2015302757,BACKFLOW PREVENTION SERVICES
MAM Printing LLC,2021316734,Purple Flare Wraps
MAM Trading LLC,2024329692; 2024330432,Vegas Customs
MAMA BEAR FUDGE LLC,2023321401,Mama Bear Fudge LLC
"MANGO VOICE, LLC",2019310809,"MANGO VOICE, LLC"
"MANUEL NGUYEN PEDIATRIC DENTISTRY, PLLC",2019311005,FIRST BITE PEDIATRIC DENISTRY
MAPLE LOAFS LLC,2014302088,Great Harvest Bread Co.
MARC CUSTOM UPHOLSTERY LLC,2020314007,MARC CUSTOM UPHOLSTERY LLC
"MARCELA LOAIZA FOUNDATION, INC.",2014302873,"MARCELA LOAIZA FOUNDATION, INC."
MARGATE DIGITAL MEDIA L.L.C.,2012310268,MARGATE DIGITAL MEDIA L.L.C.
MARIA L BARAJAS,2022320067,Desert House Cleaning
MARIA SCHIFANO LLC,2017305605,Schifano & Associates
MARILYN MEANS,2014301416,"MEANS, MARILYN E"
MARINA PENUELAS AND MARICRUZ JASSO,2017305681,MYM Cleaning Services
"MARINE PROPELLER WORKS, INC.",2005300010,"MARINE PROPELLER WORKS, INC."
"MARK D. RICKETTS, RN, LLC",2018309507,"MARK D. RICKETTS, RN, LLC"
MARKETING GURUSS INC.,2019311174,EYEBROWS R'US
MARKETING RESULTS NEVADA CORPORATION,2001001623,MARKETING RESULTS
"MARSELLA, JOSEPH",2005304668,KEEP'N IT GREEN
"MARTINDELCAMPO, GILDA",2000056607,KORE STAR
"MARTINEZ, ALBERTO REYES",2014300747,RV LAWN SERVICES
MARWAN GEORGE MEDIATI & GOMANA KHERAIAA,2007300824,C CIGARETTES CHEAPER
"MARY MINA FARID, PROF. CORP.",2005305440,"FARID, FARID L., MD"
MARY RICHARD,2014301290,"RICHARD, MARY"
"MARZAN, CELERINA",2015303274,Cele's Care Home
MAS TAKOS INC.,2019311338,MAS TAKOS
MAS VEGAS LLC.,2018306663,Mas Vegas Clothing
"MASON COOPER, PLLC",2019310134,BRISCOE LAW GROUP
"MASSI & MASSI, PROFESSIONAL CORPORATION",2007302442,Massi & Massi Attorneys at Law
"MASTER INSTALLERS, INC",2010300346,MASTER INSTALLERS INC
"MASTERCORP COMMERCIAL SERVICES, LLC",2021316615,"MASTERCORP COMMERCIAL SERVICES, LLC"
MATERIAL SUPPLY INC.,2015301523,AC PRO
"MATRIX NV, LLC",2017306235,"MATRIX NV, LLC"
"MATT COATSWORTH Research and Consulting, LLC",2008304026,"MATT COATSWORTH Research and Consulting, LLC"
"MATTHEW O. COX, D.D.S., A PROFESSIONAL CORPORATION",2005306714,"MATTHEW O. COX, D.D.S., P.C."
MATTHEW S. WEAVER L.L.C.,2014303554,Weaver Dental
MAX DISTRO LLC,2020313387,MAX DISTRO LLC
"MAXIMUM RESULT SOLUTIONS, INC.",2005303182,"MAXIMUM RESULT SOLUTIONS, INC."
"MAXX Unlimited, LLC",2025333263,PostMaxx
MAY HANDMADE JEWELRY LLC,2022321240,MAY HANDMADE JEWELRY
"MAZE, DOUGLAS ARTHUR",2002304886,LONE WOLF KUSTOMS
"MBD, LLC",2011300059,Miracle-Ear
MBHM Holdings LLC,2025333082,"MBHM Holdings, LLC"
MBMFM LLC,2025333103,Margolis Financial Management
MBNV Distribution T050 LLC,2023321973,MBNV Distribution T050 LLC
"MBR RESTAURANT ASSOCIATES, LLC",2018307340,Carama
"MBT Nevada, LLC",2017304294,"MBT NEVADA, LLC"
MBTST BODY LLC,2018307693,Elements Massage Henderson
"MC Medical Group of Nevada, P.C.",2013301511; 2007304964,MinuteClinic Diagnostic of Nevada
MC REPORTING LLC,2013303677,MC REPORTING LLC
MCC Development Corporation,2005301369,MCC Development Corporation
MCCAM PROPERTIES LLC,2016301477,Vegas Valley Views
"MCCLANAHAN, TERRA",2005306634,A Touch of Enchantment Salon
"MCGUIRE ELECTRIC SUPPLY, INC.",2015302290,"MCGUIRE ELECTRIC SUPPLY, INC."
"MCI Communication Services, LLC",1997TC0831,"MCI Communication Services, Inc."
MCIMETRO ACCESS TRANSMISSION SERVICES LLC,2017306458,MCIMETRO ACCESS TRANSMISSION SERVICES LLC
MCJ Cosmetics LLC,2025332273,Merle Norman Cosmetics
MCQ LymphCare LLC,2022319973; 2025333303,RoM Edema Center
MCRM Live LLC,2025332575,MCRM Live LLC
MCS Partners LLC,2024331261,Homewatch Caregivers of Henderson
MCV Nevada LLC,2022319537,MCV Nevada LLC
MD & BL LLC,2025332223,Senses Nail Spa
MD Alliance LLC,2026334988,Precision Pain Center
MDC KURPRINT LLC,2021317203,MDC KURPRINT LLC
"MDC Restaurants, LLC",2003304178; 2017305118,Denny's #7764; Denny's #7243
ME Art and Design,2008302899,Love and Luck Greetings
MEADOWS BANK,2012310348,Meadows Bank
"MECHAM MEDICAL, INCORPORATED",2019311742,"MECHAM MEDICAL, INCORPORATED"
MEDICAL REVENUE SOLUTIONS LLC,2018309554,MEDICAL REVENUE SOLUTIONS
MEDICAL WEIGHT LOSS & WELLNESS CENTER INC,2012306941; 2012306942,ADVANCED MEDICAL WEIGHT LOSS & WELLNESS
"MEDICWEST AMBULANCE, INC.",2016302139,"MEDICWEST AMBULANCE, INC."
"MEDINA, SAMUEL R JR",2006300703,ANNKO PEST CONTROL
"MEDRANO, MABELLA",2014302169,MABELLA SKINCARE
"MELQUIST, TERRI",2016302570,TINK YARN
"MELVIN STRINGER CONSULTING, LLC",2021317355,MERCHANDISER SERVICES
"MELVIN, DWAYNE",2008304242,IN DA CUT BARBERSHOP
MEQ T5 LLC,2023329244,Take 5 Oil Change
MERCURY CLEANING SERVICES LLC,2019312091,MERCURY CLEANING SERVICES LLC
"MERCY, INC.",2016302151,AMERICAN MEDICAL RESPONSE
METRO ARTS COUNCIL OF SOUTHERN NEVADA,2009301811,METRO ARTS COUNCIL OF SOUTHERN NEVADA
"METROPCS Nevada, LLC",1997TC0857,"METROPCS Nevada, LLC"
MFA LLC,2024329475,Movement Academy Jiu-Jitsu & Grappling
"MG Enterprises, LLC",2022320832,Epic Travel Concierge
MG LLC,2021317703,Odd Liquor and Mart
MG Tours & Travel LLC,2022319281,Dream Vacations The Travel Dream Team
"MG at GVR, LLC",2021317389,Merrill Gardens at Green Valley Ranch
MGZCELLCERVICES L.L.C.,2017306319,Boost Mobile
"MHC Mountain View NV, L.L.C.",2012300044,Mountain View NV
MHITG INC.,2017305438,Big Foot Tools
MI TV,2021316401,MI TV
"MICHAEL BAKER INTERNATIONAL, INC.",2022319642,"MICHAEL BAKER INTERNATIONAL, INC."
"MICHAEL D. WILSON, DDS INC.",2019312081,ANTHEM HILLS DENTAL
MICHAEL GENNARO,2016303110,MTG LOGISTICS
MICHAEL MILMAN DC PC,2020315387,MICHAEL MILMAN DC PC
"MICHAEL'S ANGEL PAWS, INC.",2018309184,"MICHAEL'S ANGEL PAWS, INC."
MICHELLE LEA HUDSON,2017305591,"Hudson, Michelle Lea"
MICHI SUNSET LLC,2018308363; 2018308364,Michi Ramen
MIG MFG LLC,2018306772,MIG MFG LLC
"MIKE SEIFER & ASSOCIATES, INC.",2008303350,MIKE SEIFER & ASSOCIATES
"MILLER HANSEN, PLLC",2018307979,Hansen Miller Orthodontics
"MILLER, CURTIS",2009302531,TRISTAR AUTOMOTIVE
"MILLS CHIROPRACTIC CENTER, LLC",2020314134,"MILLS CHIROPRACTIC CENTER, LLC"
"MILLS, JEAN",2015300616,"MILLS, JEAN"
"MIND YOUR BOOKS EDUCATION, INC.",2021316492,MIND YOUR BOOKS CHILDREN'S CENTER
MINDCENTRIC INC.,2021316201,MINDCENTRIC INC.
MINDY R VAUGHAN,2020314099,LIBERTY ICE CREAM
"MIRROR BALL INTERNATIONAL, LLC",2017305040,Arthur Murray Dance Studio
MISSION GEORGE,2013301969,AFFIRMATION OF COMPLIANCE FORM
MISSION HOUSING DEVELOPMENT CORPORATION,2009302388,MISSION HOUSING DEVELOPMENT CORPORATION
"MISSION TREATMENT CENTERS, INC.",2017300578,"MISSION TREATMENT CENTERS, INC."
MISSIONARY CHURCH OF THE DISCIPLES OF JESUS CHRIST,2014301191,MISSIONARY CHURCH OF THE DISCIPLES OF JE
"MITCHELL, LEVI S",2009300634,MITCHELL MILITARY ARMS & AMMO
MIXTIX SALON L.L.C.,2015301584; 2015301585,MIXTIX SALON
MJF CONSULTING LTD,2014301238,MJF CONSULTING LTD
"MJH & SONS, LLC",2018306784,"MJH & Sons, LLC"
"MJH Enterprises, LLC",2024331471,Lakeshore Premium Wines and Spirits
MK ARCHITECTURE L.L.C.,2023321600,MK ARCHITECTURE L.L.C.
MK Healthcare Services LLC,2025333572,MK Healthcare Services LLC
MK Painting LLC,2026335514,MK Painting LLC
"MKFUSION2, LLC",2025333842,Dairy Queen
MKV Consulting LLC,2025333667,Knox Out AI
MKV Industries LLC,2020314597,MKV Industries LLC
ML Strategies Inc.,2016302210,Vision Home Mortgage
MLD INVESTMENT ADVISORY INC.,2013300007,MLD INVESTMENT ADVISORY INC.
MLE Digital Standards Group LLC,2026335463,MLE Digital Standards Group LLC
MLM Medical Services PLLC,2025333377,NuMe Health Services
MLM USA LLC,2024331625,Beltone Hearing Care Center
MLT Capital LLC,2016301298; 2016301299,Nail Connection
"MM Development Company, Inc.",2021318082; 2021318055,Planet 13
MM Ink LLC,2019311358; 2024331407,MM Permanent Cosmetics
MM Management Solutions LLC,2025333131,Maintenance Mate
MMG Tours LLC,2026335657,The Other Side of Vegas Tours
MMWrapping LLC,2023322088,MMWrapping LLC
MNO Enterprises,2017304894,MNO Enterprises
MNTS Services702,2026335322,MNTS Services702
MO MO YA MA Sushi Japanese Restaurant,2002303849; 2003300670,MO MO YA MA Sushi Japanese Restaurant
MOBILELINK NEVADA LLC,2012301574,Cricket Wireless
MOCOskin LLC,2025334265,MOCOskin LLC
MOD Salon Suites LLC,2025332383,MOD Salon Suites
MOHAMMAD M ABBASSZADEH,2017305990,Lake Mead Cigar & Gift
MOMS LOVE QUILTS,2009303674,MOMS LOVE QUILTS
"MONEY MANAGEMENT INTERNATIONAL, INC.",2014301364,"MONEY MANAGEMENT INTERNATIONAL, INC."
MONT TANNER & Michelle Tanner,2018308531,Island Frozen Yogurt
"MOODY CHIROPRACTIC, LLC",2019311328,NOBLE CHIROPRACTIC GREEN VALLEY
MOONWALKER HOLDINGS LLC,2020313314,MOONWALKER CLEANING
"MOORE FAMILY DENTISTRY II, LLC",2007301866,"MOORE FAMILY DENTISTRY II, LLC"
MORTGAGE MASTERS LLC,2016302067,Mortgage Masters LLC
"MOSES, KENNETH W JR.",2005304652,K&M LAWN MAINTENANCE
"MOST PREP, LLC",2023329366,"MOST PREP, LLC"
MOUNTAIN AMERICA CREDIT UNION,2021316852,MOUNTAIN AMERICA CREDIT UNION
MOUNTAIN GOAT BLADES LLC,2022320104,MOUNTAIN GOAT BLADES LLC
"MOVING EDGE TRANSPORT, INC.",2021315528,Moving Edge Tactical
"MPM HOLDINGS, LLC",2013303036,"MPM HOLDINGS, LLC"
MPR Automotive LLC,2018306905,MPR Automotive
"MR. PEANUT'S PREMIUM PRODUCTS, LLC",2021316200,"MR. PEANUT'S PREMIUM PRODUCTS, LLC"
"MR. TREE LV, LLC",2022321037,"MR. TREE LV, LLC"
"MRL, LLC",2025331942,MRL
MRNY Consulting Solutions LLC,2025334402,Narrow Security
MRP Henderson LLC,2021317603,MACKENZIE RIVER PIZZA GRILL AND PUB
"MRS. PATIO, LLC",1994029592,"MRS. PATIO, LLC"
MRamageRFA LLC,2026335367,MRamageRFA LLC
MS POLK LLC,2015302890,MS POLK LLC
"MSC Horizon, LLC",2023322341; 2023322342,Morningstar Storage
"MSE Products, Inc.",2018309436,"MSE, Inc."
"MSJ Group Hospitality, LLC",2023321512,Ole Manny's Seafood Shack
MSL Direct LLC,2025332591,Smok-E-Vapor & Cigar Zone 7
"MSQ Services, LLC",2022319878,"MSQ Services, LLC"
"MT. DIABLO HOLDINGS GROUP, LLC.",2020314445,INFINITY REALTY
"MTG Fasteners, Inc.",2017304429,Nevada Fastener & Fitting
MULBERRY PARK LLC.,2018306870,Mulberry Park LLC.
MULTICULTURAL TENNIS ASSOCIATION INC,2015302455,TNNS KIDS
"MUNOZ, GUSTAVO",2017304547,Gym Auto Detail
"MUSCULAR DYSTROPHY ASSOCIATION, INC",2006302826,BROCK-ROCK INSURANCE GROUP
MUSIC FOR HOPE INC.,2015300212,MUSIC FOR HOPE INC.
MVFEIGHT LLC,2016302548,TROPICAL SMOOTHIE CAFE
"MX Multiservices, LLC",2026336110,"MX Multservices, LLC"
"MY FAVORITE DESIGN, INC.",2009303220,"MY FAVORITE DESIGN, INC."
MY SALON LLC,2018308915; 2018308914,My Salon
"MYRA T., INC.",2016302353,"MYRA T., INC."
Ma Elena Campomanes Dialogo,2023322034,"Dialogo, Ma Elena C"
"Mac Discount, LLC",2024331449,Mac.Bid
MacDonald Highlands Realty LLC,2025334273,MacDonald Highlands Realty LLC
MacFarNet LLC,2013301534,MacFarNet LLC
MacPhizzle LLC,2026335566,MP House Cleaning
"Macrotec Consulting, LLC",2008301621,"Macrotec Consulting, LLC"
"Macy's Backstage, Inc",2025333715,"Macy's Backstage, Inc"
"Macy's Retail Holdings, LLC",2021317824,Macy's
Mad Monkey Paint Correction LLC,2026334852,Mad monkey paint correction LLC
Mad Red Books LLC,2025333251,Mad Red Books LLC
Maddie's Dog Grooming LLC,2023323449,Maddie's Dog Grooming
Madeline Sorrells,2025333256,Madeline Sorrells
Maevelle L.L.C.,2025332069,Maevelle L.L.C.
Maga Taxes & Consulting LLC,2021318164,Maga Taxes CPA
Magic Carpet Clean LLC,2023321508,Magic Carpet Clean LLC
Magick Moon Cleaning Services LLC,2023321581,Magick Moon Cleaning Services LLC
Magnolia Counseling LLC,2022320417,Magnolia Counseling
Magnolia Skin Therapy LLC,2025333699; 2025333700; 2025333701,Spa Haven Suites
Maha Sage Thii LLC,2025333614; 2025333615,Krung Thep Thai Cuisine
"Mai Niv Enterprises, Inc.",2009300253,ABC Towing
Maiko Yamazaki,2019311855,GREENLOTUS
Maila Levert,2023322543,Mai Boho Life
Mailin S Portillo,2022320300,Fire Tacos
Main Electric Supply Company LLC,2023322240,Main Electric Supply Company LLC
Main-G Inc.,2018308858,Rocky Mtn. Fire Co.
"Mainardi, Joe",2018307721,UNIQUE SOLUTIONS SOFTWARE
Major Clean-Up and Repair LLC,2026335036,Major Clean-Up and Repair LLC
Mak Realm Inc.,2026334904; 2026335739,Oxi Fresh Carpet Cleaning; Victory Vending
MakeMarketing LLC,2025332002,Witches & Cowboys
Makiko Chong,2022319319,2 PUGS CUSTOM TEES
Making Humans Better L.L.C.,2017300593,Tony Cress Training Center
"Malco Enterprises of Nevada, Inc.",2017300183; 2022320211,Budget Rent a Car and Sales
Malena Pearls,2025333772,Malena Pearls
Mallyna Beauty LLC,2020313090; 2020313089,Mallyna Lash & Brow Lounge
Maloney Family Incorporated,2024331699; 2024331700,Grocery Outlet Henderson
Malvar Group of Companies LLC,2023329357; 2023329359; 2024329674,ATELIER Wellness Clinic and Med Spa
"Mama Dessert 2, LLC",2025333907,Mango Mango
Mama Love LLC,2025332873,Mama Love
Mama Maxie's Pizzeria LLC,2023329254; 2023329341,Mama Maxie's Pizzeria
Mama's Recipe Tamales LLC,2025332010,Mama's Recipe Tamales LLC
"Man Cave Salon, LLC",2020314211; 2020314210; 2020314212,MAN CAVE SALON
Man Cave Specialists LLC,2025332169,Renovations Painting Epoxy N More
"Management Health Systems, LLC",2023322239,MedPro Healthcare Staffing
"Manchanda, Rajinder Kumar",2016301319,Fit For Life
Mandy's Dandy Cattery LLC,2026334785,Mandy's Dandy Cattery LLC
Manes by Bella LLC,2025331959,Manes by Bella LLC
Mango World LLC,2024331462,Mango World
Manic Agency LLC,2025334105,Manic Agency LLC
Manila Bites LLC,2026334651,Manila Bites
Manman Logistics and Holdings LLC,2026334666,Eagle Eye Pro Services
"MannMark, LC",2022318389,MannMark
"Mannat & Shaan, Corp.",2025334214; 2025334215; 2025334216,7-Eleven Store #42922A
Manor 7 LLC,2021317816,MANOR 7 LLC
Mansa Freight Company LLC,2026334539,Mansa Freight Company LLC
Manthei Eye Physicians Limited,2014301967,Nevada Eye Physicians
Manuel Garcia Esparza,2013300316,Garcia Landscaping
Manuel Sanchez Leon,2026335676,Leons Dent Repair and Mobile Detail
Manuel Tapia Tlatelpa,2024331400,Tapia Brothers Landscaping
"Map Communications, Inc.",2020314665,Answer Plus
Maplebear Inc.,2024331743,Instacart
"MarahLago, LLC",2010302846,"MarahLago, LLC"
"Maravilla Gardens, LLC",2024329411,Maravilla Gardens
"Marc Gebauer Lifestyle, LP",2024330008; 2024330021,"Marc Gebauer Lifestyle, LP"
Marcela Rodriguez-Campo,2025334046,Co-Libre Education
Marcia Nazarek & Michael Nazarek,2011301300; 2023321913,Paw Minders Plus Pet Sitters; Fantasy Football Mastermind
Marcin Pilarczyk,2025333416,Pilare Perspective
Marco Antonio Correa,1992011312,Green Valley Upholstery
"Marconi Wireless Holdings, LLC",2021318197,"Marconi Wireless Holdings, LLC"
Marcos Alain Hurtado Vilar,2019311988,ROSY'S DELIGHTS
Marcus Alan Albert,2025333977,Art of Details
Marcus L. Peterson M.D.,2013301591,Center for Advanced Plastic Surgery
Mare Cvetkovska,2023322190,Sin City Golden Doodles
Margaret L Block,2025332366,Choice Quality Consulting
Margo Roache Green,2025334084,Margot's Chapeaux
Margo Whitehead,2014300649,Margo Whitehead
Maria Bastidas,2007300426; 2007300425,CRISTINA'S COLOR EXPERTS; Cristina's Color Experts
Maria Bertrand,2026335365,Hair by Mary B
Maria Delegeane,2023322252,Mariadele Classical Tutus
Maria Elba Huerta,2021317499,Diamond Cleaning
Maria Elsa Amaya-Rosales,2023322848,Elsa's Cleaning Co
Maria Gina Recto Pagarigan,2021316402,Face and Body Evolution
Maria Minerva Rangel,2011300385,La Joya Lawn Maintenance
Maria Theresa Hoadley,2016300374,MT Hoadley EA
Maria Torres,2012300388,MT Tax Services
Maria Vaczquez,2025334490,MBV Fashion
Maria Virginia Giacopelli,2020314328,ARTISTIC SPA
Mariah Phillips,2024330781,MountMariah
Maribella LLC,2026335555,Maribella LLC
Maricondia Dental Care PLLC,2018309626,AQ Denture Service
Marifer Corp.,2025332926,Marifer Corp.
Marilyn Elizabeth Mofford Gibbons,2023329142,Seasons Decor
"Marilyn G. Maschgan, LTD.",2012310420,Vegas Valley Hearing
"Mario D. Valencia, Attorney at Law, LLC",2006300500,"Mario D. Valencia, Attorney at Law, LLC"
Mario Paiz & Maribel Chavez,2014300945,SN Cleaning Services
Marion Doble,2023322640,Amazing Star Girl
Marion Julian,2015300343,We Care Swimming Pool Service
"Marisa C. Hendron, PH.D. LLC",2021316080,"Marisa C. Hendron, PH.D. LLC"
"Mark A Beerenstrauch, PLLC",2025333827,Pet Care
"Mark A Murphy, LTD.",2023323550,"Mark A Murphy, LTD."
Mark Anthony McGovern,2015303757,McG's Rollin' Work Shop
Mark Anton Van Bavel,2023322552,Mark Anton Van Bavel
Mark Bell MD PC,2025334377,Henderson Anesthesia Partners
Mark E. Ornbaum,1996041342,Discount R.V.
Mark Giuliano,2018307183,Rich Lathers Auto Spa
Mark L Nieto,2026335729,Mark L Nieto
Mark Steven Dennis,2021317080,Dennis Financial Services
"Mark-Taylor Residential, Inc.",2011300577,"Mark-Taylor Residential, Inc."
"Markedemiks, LLC",2024330019,"Markedemiks, LLC"
"Markel Service, Incorporated",2017306043,"Markel Service, Incorporated"
"Marks/Sandhurst II, LLC",2026334913,Sleep Inn & Suites
"Marks/Sandhurst, LLC",2008304219; 2010300660,Comfort Inn & Suites
Marlene Hayek,2020313861,Portuguese Water Dogs LV
Marlene Meagher,2013302477,"Meagher, Marlene"
Marli Reinheimer,2018308777,Ambrosia Rabbit Creations
Marquis Group LLC,2020315358,Marquis Group LLC
Marshall Chiropractic L.L.C,2026335049,Marshall Chiropractic and Rehabilitation
"Marshall, Larry",2017304171,Larry Marshall M.D.
"Marshalls of MA, Inc.",2009300969,Marshalls 1071
Marshmallow Press Productions and Memory Montage Video LLC.,2017300124,Mojave Closet
Martha Jane Belen,2025334282,Martha Jane Belen
Martha Liliana Plaza & Eddie Plaza,2018308518,Liliana's Pet Sitting & Dog Training
Martin Diaz Tarelo,2019310096,Martin Diaz Mobile Car Wash
Martin Greenbaum,2025333248,Iconic Grilles
Martin Martin Francisco,2024329448,Martin Landscaping
Martinez Edwards DDS PC,2026335481,Southridge Dental
Martinique Bay LLC,2025332985,Martinique Bay
Mary Alperin,2005304377,The Pool Lady
Mary Beth Hargis,2022319511,Rehab Services
Mary Sara Fridman,2026335941,Mary Sara Fridman
Mary's Cleaning LLC,2025333367,Mary's Cleaning LLC
Mary's+911 LLC,2018308142,Cocktail Carts
"Maryam Sina, D.D.S, Ltd.",2006302349,Dentistry for Children
Maryna B. Turner,2023322085,MB Beauty
Massage Connection LLC,2019310286,Massage Connection
Massages With Lamas LLC,2025332803; 2026334765,Massages With Lamas; Massages with Lamas
Massey DDM1933 LLC,2024330892,Sir Winston's Popcorn
Masterpiece Cuisine LLC,2012309501; 2025332511; 2025332512,Masterpiece Cuisine LLC; Masterpiece Cuisine
Masters of Brain Damage LLC,2026335098,Masters of Brain Damage LLC
Matheu Industries LLC,2024329964,So Shiny Janitorial
Mathew Stephen Barber Sr.,2024329972,The Barber Shop Armory
Matiki Island BBQ LLC,2024330815,Matiki Island BBQ
Matriarch Desert Imaging Aesthetics,2025332536,Matriarch Desert Imaging Aesthetics
"Matrix Telecom, Inc.",1999TC0141,"Matrix Telecom, Inc."
"Matt Farnham, LLC",2025332247,Team Farnham Real Estate
"Matt McCarthy Photography, LLC",2019312387,"Matt McCarthy Photography, LLC"
Matthew Babagay,2025334167,LiftyBoiTech
Matthew J Kosolofski,2025332371,Amplified Games
"Matthew Swanic M.D.,PLLC",2025333123,Las Vegas Eye Institute
Mattlock Locking Systems LLC,2024329553,Mattlock Locking Systems
"Mattress Firm, Inc.",2007304296; 2014301998,"Mattress Firm; Mattress Firm, Inc. #54038"
MavTech Consulting LLC,2026335105,MavTech Consulting LLC
"Maverick Helicopters, Inc.",2008303410,"Maverick Helicopters, Inc."
"Mavis N. Matsumoto, M.D., L.L.C.",2007302052,"Mavis N. Matsumoto, M.D., L.L.C."
"Max Nisson & Associates, LLC",2002301105,"Max Nisson & Associates, LLC"
Max Reyna Ventures LLC,2024330317,Mr Alkaline Water
Maxx Therapy Solutions PLLC,2026335894,Maxx Therapy Solutions PLLC
"May & Brock, LLC",2024330833,May Brock Law Group
MayKam Insurance LLC,2018306938,MayKam Insurance LLC
"Maya PMU, LLC",2022320800,Salon Dushons
Maymany Colatrella,2014300473,GATA
Mazie's Pop Shop LLC,2026335243,Mazie's Pop Shop LLC
McAfee Holdings LLC,2025333492,MaxBet Podcast
McCaw School of Miners Foundation,2020315232,McCaw School of Miners Foundation
"McDonald Law Group, LLC",2020314073,Eclipse Law Group
McDuck Investments LLC,2019311357,Desert Sands RV
"McKenna Property Management, LLC",2014303251,McKenna Property Management
"Mcintosh Communications, Inc.",2018308231,"Mcintosh Communications, Inc."
Mcleodusa Telecommunications Services,1997TC0329,Mcleodusa Telecommunications Services
Meadows Healthcare LLC,2015301468,Meadows Eye Physicians & Surgeons
Meaghan Williams,2026334705,Meaghan Williams
Mechanics Bank,2017306359,Mechanics Bank
Med Carranza Agency LLC,2025334124,Med Carranza Agency LLC
"Med-Smart, Inc.",2006302501,"Med-Smart, Inc."
MedFox Publishing LLC,2011302913,MedFox Publishing LLC
MedSpeed LLC,2024331432,MedSpeed LLC
"Medcure, Inc.",2008304252,"Medcure, Inc."
"MediLegal NV, LLC",2023322723,"MediLegal NV, LLC"
Medical Genetics of Nevada LLC,2021318181,Medical Genetics of Nevada LLC
"Medical Management International, Inc.",2004305122; 2010301802; 2010301803; 2005306715,"Banfield, The Pet Hospital #148; Banfield Pet Hospital #1895"
Medinix Medical Services Singh PLLC,2024330772; 2025333342,Astrana Care of Nevada
Medlife Transportation LLC,2015303056,Medlife Transportation
"Medtrak Diagnostics, Inc",2025332393,"Medtrak Diagnostics, Inc"
MegaFit Meals LLC,2023329159,MegaFit Meals LLC
Megan Noriega PLLC,2025333895,Megan Noriega PLLC
Mehrdad Shenassa,2025333291,Sima House Cleaning Services
Mel-Kam Inc.,2024331275,Mel-Kam Inc.
Melbourne Sterling LLC,2020314610,Melbourne Sterling LLC
"Mele Learning, LLC",2017305194; 2021317035; 2014300201,Mathnasium of Anthem; Mathnasium of Henderson; Mathnasium of Green Valley
Melina Duran,2024330241,Reality Lawn Service
Melina Santos- Castillo,2019310377,SS Mobile Detailing
"Melino, LTD.",2002305294; 2002305296,Ventano
Melissa M Baugher,2025333017,Sassy Pants Candy Co
Melissa Matson LLC,2011300988,Mrs Wealth Advisors
Melissa Olivadoti,2023329338,"Olivadoti, Melissa"
Melissa Schillig,2023322356,Melissa Schillig Photography
Melony Vance,2025333102,NV by MV
Melton Pool Management LLC,2025334360,Melton Pool Management LLC
Memorable Moments LLC,2025332878,Memorable Moments LLC
Meng Shi LLC,2021318177; 2023323043,Ju Ju Massage & Foot Spa
"Mental Health Care, PLLC",2025332589,Las Vegas Valley Mental Health
Mental Summit LLC,2024331198,Mental Summit LLC
Mental Wealth Services LLC,2024329610,Mental Wealth Services LLC
Menthu Warrior Arts LLC,2021315773,Basics Work
"Mercata Solutions, LLC",2007301031,"Mercata Solutions, LLC"
Merced Robles,2015303016,Felix Car Wash
Mercedes Beauty LLC,2023321883,Mercedes Beauty LLC
Mercedes McKinley Consulting LLC,2024331537,Ancestral Harmony Massage
"Merchants Building Maintenance, LLC",2024330228,"Merchants Building Maintenance, LLC"
Merco Lv LLC,2023321804,Big Horn at Black Mountain
"Mercury Solutions, Inc",2026335835,Mercury Solutions
Merel Strategy LLC,2026335796,Merel Strategy LLC
Merla Pelayo,2008300019,Professional In-Home Care Agency
"Merli Concrete Pumping of Nevada, Inc.",2020314601,"Merli Concrete Pumping of Nevada, Inc."
"Merrill Lynch, Pierce, Fenner & Smith Incorporated",2006302690,Merrill Lynch
Messina Chocolatiers LLC,2025333420,Messina Chocolatiers LLC
"MetLife Legal Plans, Inc.",2022320619,"MetLife Legal Plans, Inc."
"Metro Fire Equipment, Inc.",2017304688,Metro Fire & Security
"Metro Green Valley, LLC",2006305192; 2006305191,Metro Pizza - Green Valley
"Metro One Loss Prevention Services Group (West Coast), Inc.",2025332292,"Metro One Loss Prevention Services Group (West Coast), Inc."
Mexushi LLC,2026335482,Mexushi LLC
Mi Campo Produce Inc,2025332412,Mi Campo Produce
Mias D'Licias LLC,2025333882,Mias D'Licias
Micah Craig,2025331940,Micah Craig Woodworking Artisan
Michael A Tanner,2026334661,Michael A Tanner
"Michael Bordelove, LLC",2020313267,"Michael Bordelove, LLC"
Michael Borders,2023322648,Mikey and Friends Mobile Pet Grooming
Michael Daniel Nollsch,2021317009,Creative Images Photography
Michael David Falkow,2025333751,Michael David Falkow
"Michael E. Hughes, DDS, Family & Cosmetic Dentistry, PLLC",2013302817,MICHAEL E HUGHES DDS FAMILY AND COSMETIC
Michael Hausmann Consulting LLC,2018306906,Michael Hausmann Consulting LLC
Michael Joseph Talafus,2019310569,Talafus Real Estate Brokerage
Michael L White,2011302582,Michael L White
Michael LeMaire,2024330796,Bodega Cleaning Company
Michael Liptscher,2026335497,Handyman Mike
Michael Reyes,2025332851,Break & Fix
Michael Richard Kelso,2016300202,Mike Kelso Photography
Michael Robert Cluff,2022320870,Cluff Family Reptiles
Michael S Bastin,2017304846,Bastin Realty
Michael S. Andersen AIA Architect LLC,2022320259,Michael S. Andersen AIA Architect LLC
Michael Steven Brockhoff,2026334841,Aglio
Michael Szanyi,2013303013,Mike Szanyi Handyman Services
"Michael Tassi Planning & Land Use Consulting, LLC",2024329732,"MTassi, Inc."
Michael Tessler Photography LLC,2023323039,Michael Tessler Photography LLC
Michael Vigil LLC,2025332414,Healthier Thoughts
Michael Vincent Pacini,2023322472,MVP Sound
Michael W Smith,2012300909,Mike Smith - Private Investigations
"Michael Westra Agency, LLC",2021316170,"Michael Westra Agency, LLC"
"MichaelGodard Fine Arts Associates, Inc.",2022320167,"MichaelGodard Fine Arts Associates, Inc."
"Michaels Stores, Inc.",2021316442,Michaels
Michele L Albers,2025334482,Caltucky Creations
Michele Leialoha Merryman,2023329151,Ballroom Dance Life
Michele Wolf,2023323051,Capital West Real Estate
"Michelle A. Hauser, Ltd",2024331823,Hauser Family Law
Michelle Denis,2023322062,new2you
Michelle Eberhardt,2021316791,ONE LIGHT HEALING
Michelle J Martinez,2024329478,Selah Beauty
Michelle Lynn Evans,2020314552,LINE BY LINE TRANSCRIBING
Michelle Paletter Aesthetics LLC,2026336080,Michelle Palette Aesthetics LLC
Michelle Pierson,2022318505,Tax On Point
Michelle Vietmeier,2024331272,Soulful Soundscapes
Michlig Property Services LLC,2026335715,Michlig Property Services LLC
Micro Pro LLC,2026334559,Micro Pro LLC
Middle Black Sheep Coffee Rosters Corp,2025333775,Middle Black Sheep Coffee Roasters Corp
"Midjit Market, LLC",2011302935; 2011302937; 2021316425; 2021316426; 2008301661; 1991008769; 1997038405; 2008301659; 2013303180; 2019311733; 2008304392; 2020315034; 2020315035; 2008304391; 2019310504; 1800038693; 2009300179; 2020315088; 2020315084; 2019311732; 2013303179; 2015301049; 2011302933; 2003300716; 2021316925; 2008301660; 2008304390; 2020315036; 2019310505; 2009300178; 2019311734; 2014300573; 2020315085; 2024330611,Green Valley Grocery #48; Green Valley Grocery #71; Green Valley Grocery #43; Green Valley Grocery #12; Green Valley Grocery #55; Green Valley Grocery #69; Green Valley Grocery #45; Green Valley Grocery #75; Green Valley Grocery #66; Green Valley Grocery #1; Green Valley Grocery #46; Green Valley Grocery #68; Green Valley Grocery
Midway City Tattoos,2024330479,Midway City Tattoos
"Midwest Sports Management, LLC",2024330260,"Midwest Sports Management, LLC"
"Midwest Veterinary Partners, LLC",2022321003; 2022321005; 2022321007; 2022321008,Cactus Creek Animal Hospital; Canyon Ridge Animal Hospital
Miguel Ramon Way,2026334957,My Way
Mike Arnold Beatty,2026335163,Henderson CTV
Mike Eliaers,2006300529,Advanced Pest Control
Mike Goodman,2021315925,THE TECHNOLOGY GROUP
Mike Missakian,2013300321,Michael's Shoe & Luggage Repair
Mike Norton,2005304484,Desert Valley Pool Service
Milan Laser Corporate LLC,2024330586,Milan Laser Hair Removal
"Milano Collections, Inc.",2026334860,Milano
Milestone Engineering Corporation,2020313108,MILESTONE ENGINEERING CORPORATION
Milestone Ventures LLC,2023323336,Dairy Queen Grill & Chill
"Millennium Mortgage Group, LLC",2019309975,"Millennium Mortgage Group, LLC"
"Miller Rentals, Inc.",2019312485,"Miller Rentals, Inc."
Millie Vargas,2020314110; 2026335799,Millies Healing Massage; Millie Vargas
"Million's Properties LV, LLC",2018307532,"Million's Properties LV, LLC"
Milo Pizza Co. LLC,2021317343; 2021317344,Anthony's Pizza and Deli
"Milton Restaurant Group, LLC",2020314071; 2017300412,Wingstop 1691; Wingstop
Mimi's Sweet Escapes LLC,2025332438,Mimi's Sweet Escapes LLC
Mina Garcia,2025332908,Holistic Sports Rehab
Mind Body Soul Alignment,2021316749,Mind Body Soul Alignment
Mind Body Soul NV LLC,2022318992,Barre3 Henderson
Mind Matters Therapy L.L.C,2025333669,Mind Matters Therapy
Mindee Bennett LLC,2023321353,New Vision Salon
Mindful Therapeutic Services LLC,2022320360,Mindful Therapy Svc
"Mindwell Solutions, Professional Limited Liability Company",2026335503,Soren Psychiatry
Mini Mochi LLC,2022320075,Mini Mochi LLC
Miniso Winky Store Holdings LLC,2025333130,Miniso
Minnie Igne Art and Designs LLC,2023323222; 2023323223; 2023323224,Minnie Igne Art; Minnie Igne Dance Designs; The Bunhead Collective
Mint Mobile LLC,2022319201,Mint Mobile LLC
"Miracle Panda, LLC",2026334982,Miracle Panda
Miramar Corporation,2004302030,Gold Crest Senior Living
Miriam C Garcia,2026336081,Gustavo Garcia Lawn Service
Miron's Flooring Handymen L.L.C.,2021316972,Miron's Flooring Handymen L.L.C.
Missi Winter,2013302134,Celebrate Kids
Mission Pest Control LLC,2011300457,Mission Pest Control LLC
Misterhub LLC,2023322668,MisterHub LLC
"Mistinguett Productions, Inc.",2017305345,"Mistinguett Productions, Inc."
Mitchel Heider,2015303790,Mitch Heider Productions
Mitchell Barry,2026335494,Barry People Solutions
Mitchell Empire Group LLC,2021316751,Mitchell Pest Solutions
Mitsubishi Cement Corporation,2005301304,Mitsubishi Cement Corporation
Mixology Life LLC,2023329131,Mixology Life LLC
MixxieMixologist Inc,2024330219; 2024330220,MixxieMixologist
"Miz Lola's Spirits & Gaming 9, LLC",2018309555; 2018309558,Red Barrel
Mka Inc.,2015302135,101 Mobility of Las Vegas
Moana LLC,2017306201,Moana Apartments
Mob Dawgs LLC,2023322168,Mob Dawgs
"Mobile Auto Solutions (2021), Inc.",2024330159,Mobile Auto Solutions
Mobile Dog Wash Corporation,2026335028,Mobile Dog Wash Corporation
Mobile Repair LV,2024330970,Mobile SXS Repair
Mobile Veterinary Services LLC,2024331733,Mobile Veterinary Services
"Mobility Exchange, LLC",2026334991,"Mobility Exchange, LLC"
"Modern Asset Management, Inc.",2022320955,Modern Health Finance
Modern Basic Cosmetics,2022319459,Modern Basic Cosmetics
Modern Medical Supplies LLC,2025333269,Modern Medical Supplies
"Modern Mortgage Lending, Inc.",2024330554,Modern Lending
Modern Taxes LLC,2020313508,MODERN TAXES LLC
Mog Mints LLC,2026335787,MOG MINTS LLC
Mohammed Kamruzzaman,2008300083; 2008300084,7-Eleven Store #33994
Mohave Arthritis Associates Inc,2026335154,Mohave Arthritis Associates
"Mojave Brewing Co., Inc.",2019311129; 2019311128,Mojave Brewing
"Mojave Construction Consulting, LLC",2023323094,"Mojave Construction Consulting, LLC"
Mojave Flight Sciences LLC,2026335385,High Desert Labs
"Mojave Meadows Psychological Services, LLC",2022321067,"Mojave Meadows Psychological Services, LLC"
Mojave Medtech LLC,2026334879,Mojave Medtech LLC
"Molly K Irving DDS, PLLC",2025333849,Keam Simone Dental Aesthetics
Molnar Family Law LLC,2013301223,Molnar Family Law LLC
"Molsberry & Associates, P.C.",2023329099,"Molsberry & Associates, P.C."
Mom N Pup Mobile Grooming LLC,2025333596,Mom N Pup Mobile Grooming
Mom's Kitchen LLC,2021318160; 2025332346,Mom's Kitchen LLC
Mombo's LLC,2021318047; 2021318048; 2021318049,Mombo's LLC; Royal Slush; Beverage 1
"Momentum Telecom, Inc.",2021315685,"Momentum Telecom, Inc."
Momshie Creates LLC,2025334086,Momshie Creates LLC
Monarch Gallery LLC,2025334114,Monarch Gallery LLC
Monarch Maintenance LLC.,2014302669,Monarch Maintenance LLC.
Moncha Inc.,2018307889; 2018307890,Shogun Ramen
"Moneytree, Inc.",2015303073; 2015303074,Moneytree
Monica Angel-Villa,2025334043,Villa's Troops Cleaning
Monica Danielle Woodward,2026336368,Sweet Beets Treats
"Monica J. Wall, M.D. LTD.",2019312365,"Monica J. Wall, M.D. LTD."
Monica McPartland,2023323010,Happy Aprons & More!
Monica Sofia Vanegas,2020314213,TAXPOINTE
Monitor LLC,2022320882,Monitor LLC
"Monkee Ranch Arms, LLC",2023321601,Monkee Ranch Arms
Monkey Tree LLC,2014303536,J & J Window Wash
"Monopoly Realty & Management, Inc.",2024331825,"Monopoly Realty & Management, Inc."
"Monro, Inc.",2020315168; 2020315175; 2020315169,Tire Choice
Monstrosity Toys LLC,2026335699,Monstrosity Toys LLC
"Montgomery Enterprises, Inc.",2008300367,Vegas Bite Card
"Montoya Lawn Services, LLC",2019311192,"Montoya Lawn Services, LLC"
Montreal's Finest LLC,2025333695; 2025333749,Lester's Deli
"Moody's Auto Connection, LLC",2021315694,"Moody's Auto Connection, LLC"
"Moon Cove Healthcare, Inc.",2022319955,Henderson Health and Rehabilitation
Moonlight Designs LLC,2023322828,Moonlight Designs LLC
Moonveil Games,2023321743,Moonveil Games
Moore Medical Solutions,2024330034,Moore Medical Solutions
Moratek Inc.,2021317652,Moratek Inc.
Mordecai S. Jasper,2022319906,Mordecai S. Jasper Consulting
"More Than A Milestone, LLC",2024330519,"More Than A Milestone, LLC"
Moreno and Sons Company,2017300410; 2019311930,Moreno and Sons; La Bodega
Morga Rigging LLC,2025332159,Morga Rigging LLC
"Morgan & Morgan Complex Litigation Services, P.A.",2026335247,"Morgan & Morgan Complex Litigation Services, P.A."
Morgan Agency L.L.C.,2020313792,Morgan Agency L.L.C.
"Morgan Consulting Resources, Inc.",2018307015,"Morgan Consulting Resources, Inc."
Morgan E Ellison,2021316056; 2025333640,Little Mint Anchor; Teesonal
Morgan Food LLC,2024331867,Sip Coffee Cafe
"Morgan Jewelers of Salt Lake City, Inc.",2018308555,Morgan Jewelers
Morgan Morrison,2023322407,Morgan Morrison
Morgan Scott,2023321929,"Scott, Morgan"
"Moria Development, Inc.",2025333769,Peoples Mortgage Company
Moria Williams,2021318244,Moria Williams Team
"Morning Light Wellness & Psychiatry, PLLC",2026335605,"Morning Light Wellness & Psychiatry, PLLC"
Morning Tree LLC,2024330612,Morning Tree LLC
MorningStar Senior Management LLC,2026334578,MorningStar Senior Management LLC
"Morrison Management Specialists, Inc.",2019310285,"Morrison Management Specialists, Inc."
Morrison Security Group Inc,2025333002,Morrison Security Group Inc
Mortgage Research Center LLC,2025332753,Veterans United Home Loans
"Mostafa Sheta, M.D., LTD",2024330769,"Mostafa Sheta, M.D., LTD"
Mother Goose LLC,2012310417,Desert Elegance
"Mother's Care Home Health Services, Inc.",2014300754,"Mother's Care Home Health Services, Inc."
Mothers Choice Midwifery LLC,2022319006,Mothers Choice Midwifery LLC
Mothership Green Valley LLC,2015301387,Mothership Coffee
Mothership Saint Rose LLC,2021315574,Mothership Saint Rose LLC
"Motion and Flow Control Products, Inc.",2025332853,"Motions and Flow Control Products, Inc"
Motorcycle Trike Toys LLC,2009303273,Motorcycle Trike Toys LLC
Motus Holdings LLC,2026336120,Renotect
Moulton Law LLC,2022319295,Moulton Law
Mountain G. Enterprises Inc.,2024330842,Mountain Engineering
Mountain Vista Mini Storage NV LLC,2023322263; 2023322761; 2024329660,Mountain Vista Mini Storage NV LLC
"Mountain West Debt Fund, LP",2016303351,"Mountain West Debt Fund, LP"
Mountain West Lawyers Las Vegas NV,2025333145,Mountain West Lawyers Las Vegas
Move 4 Less LLC,2024329968,Move 4 Less - Movers Henderson
MoveMint Home Solutions LLC,2025334404,MoveMint Home Solutions LLC
MoveMint Maid Company LLC,2026334535,MoveMint Maid Company LLC
Moving Forward Behavioral Health LLC,2024330897,Moving Forward Behavioral Health
Moxie Pest Control (Las Vegas) LLC,2017304518,Moxie Pest Control
"Mozaic Group, Inc.",2023323106,"Mozaic Group, Inc."
Mr Chop Chop LLC,2017300603,Tom Yum
Mr Taco LLC,2024330861,Mr Taco
Mr. Handy Handyman Service Inc.,2017305848,Mr. Handy Handyman Service Inc.
"Mr. Pawn, LLC",2026335417; 2026335945,Mr. Buy & Sell
Mr. Wendell Carpet + Upholstery Cleaning Service Inc.,2024330171,Mr. Wendell Carpet + Upholstery Cleaning Service Inc.
Ms. Amber Red LLC,2020315241,MS. AMBER RED
"Mugleston Dentists of St. Rose, PC",2020314763; 2020314621,My Kid's Dentist and Orthodontics; Dentists of St. Rose
"Mugleston Henderson Modern Dentistry, PC",2012306694,Henderson Modern Dentistry
"Mugleston MacDonald Ranch Modern Dentistry, PC",2013303276,MacDonald Ranch Modern Dentistry
Mulbora LLC,2025332607; 2025332608,Mr. Kim's BBQ
Muller Ind. LLC,2023321360,Hotsy
"Multi-Site Management, LLC",2025332116; 2025332117,Jacksons
"MultiPro Property Solutions, LLC",2025333427,"MultiPro Property Solutions, LLC"
Munk Anesthesia Services PLLC,2021316567,DESERT KETAMINE CLINIC
Muscle Movers LLC,2026334574,Muscle Movers LLC
Mushy's Craft Market LLC,2026335358,Mushy's Craft Market LLC
Music Changing Lives,2024331701,Music Changing Lives
"Music4Games, Inc.",2008303319,"Music4Games, Inc."
Musk&Co. LLC,2025333096,Musk&Co. LLC
"Mutual of Omaha Mortgage, Inc.",2022318652,Mutual of Omaha Reverse Mortgage
Mxf Tattoo Studios LLC,2026334678,Mxf Tattoo Studios
My Contractor LLC,2025333673,Bullseye Landscaping and Outdoor Services
"My Cookies and Cream, LLC",2024330017,"My Cookies and Cream, LLC"
My Ell Program LLC,2025333917,Eleanor Rose Education Center
My Favorite Events LLC,2026335371,My Favorite Events
"My Jewelers, LLC",2018307261; 2018307264,My Jewelers
My Nutrition My Life LLC,2026335877,My Nutrition My Life LLC
My Place Floats LLC,2019310025; 2019311268,My Place Floats; My Place Wellness
My Place Salon Suites LLC,2019310482; 2019310481,My Place Salon Suites; My Place Salon Suites LLC
My Wheel Guy LLC,2014301070,My Wheel Guy LLC
"My2Boys, LLC",2025332684,"My2Boys,LLC"
MySpeechology LLC,2025332677,MySpeechology LLC
"Myers Ohira, An Accountancy Corporation",2015300224,"Myers Ohira, An Accountancy Corporation"
Myleigh Hawley,2025333360,Myleigh Hawley
Myra Deperalta MD LLC,2026335820,Myra Deperalta MD LLC
Myron Howard Ybarra,2026335380,Lake Las Vegas Digital DJ / DJ 5150
Mysafe Global Vaults LLC,2025332050,Mysafe Global Vaults LLC
Mythri Academy,2024329908,Mythri Academy
N & M Construction Inc,2021315760,N & M Construction Inc
"N K ENTERPRISES, INC.",2009300953,ABC Locksmiths
N&M Care LLC,2022320157,Home Instead-Henderson
N&N Foods LLC,2025334075,Naughty & Nice
N.M. WILLIAMS LLC,2014302307; 2014302306,SUPERCUTS
N3S LLC,2025333573,N3S Services
"NACHES, STEPHEN",2013302923,Nevada Gardens
"NADERHOFF, JUDITH",2015302730,J&J DRAPERY WORKROOM
"NAHID MOHAMMADI, DDS,INC.",2007303663,NEVADA SUN DENTAL
"NAIN, LLC",2009302654,Mom's Cleaners
NANCY L. HAACK LLC,2017305521,Royal Diamond Realty
"NASIP Sports, LLC",2023322499,Play It Again Sports
NATHAN ADELSON HOSPICE,2009300011,NATHAN ADELSON HOSPICE
NATHAN WEEKS,2016303300,"WEEKS, NATHAN"
NATIONAL BUSINESS AVIATION ASSOCIATION,2013300300,NATIONAL BUSINESS AVIATION ASSOCIATION
NATIONAL COUNCIL FOR COMMUNITY DEVELOPMENT,2010302033,NATIONAL DEVELOPMENT COUNCIL
"NATIONAL DISTRIBUTION CENTERS, LLC",2017305784,NFI Industries
NATIONAL EMS ACADEMY,2014301660,NATIONAL EMS ACADEMY
NATIONAL FOOTBALL LITTLE LEAGUE,2002304961,NATIONAL FOOTBALL LITTLE LEAGUE
NATIONAL LATINO PEACE OFFICERS ASSOCIATION,2014300943,NATIONAL LATINO PEACE OFFICERS ASSOCIATI
NATIONAL LEARNING FOUNDATION,2001004354,NATIONAL LEARNING FOUNDATION
NATIONAL ONE TAX ADVISORS,2013300660,National One Tax Advisors
NATIONAL UNIVERSITY,2004302190,NATIONAL UNIVERSITY
"NATIONWIDE CAPITAL SERVICES, LLC",2019311252,Structured Settlement
"NATURAL ALTERNATIVES, LLC",2018308338,"Natural Alternatives, LLC"
NATURAL SURFACE SOLUTIONS LLC,2019310113,NATURAL SURFACE SOLUTIONS
NAYAK LLC,2019311817,NAYAK LLC
NB GROUP LLC,2016300123; 2016300124,BIG B'S TEXAS BBQ
NBC Distribution Holder LLC,2023321472,NBC Distribution Holder LLC
"NBC Operations, LLC",2014301867,Green Valley Neck and Back Clinic
NBH Professional Services LLC,2015301438,NBH 4 DMV
NBH Solutions LLC,2025333619,NBH Solutions LLC
NCR Voyix Corporation,2011300115,NCR Voyix Corporation
NCS Nevada LLC,2024329771,NCS Nevada LLC
"NEGRON, VICTOR",1999047319,TRU-CLEAN OF NEVADA
"NELLIS BUILDING MATERIALS, INC.",2015303110,NELLIS BUILDING MATERIALS INC
"NEPTUNE MOBILE WASH, LLC",2018308355,"Neptune Mobile Wash, LLC"
"NET CORE TECHNOLOGIES, INC.",2017300510,"NET CORE TECHNOLOGIES, INC."
"NETWORK INNOVATIONS, INC",2019310810,"NETWORK INNOVATIONS, INC"
NEVADA AFFORDABLE HOUSING ASSISTANCE CORPORATION,2012300474,NEVADA AFFORDABLE HOUSING ASSISTANCE
NEVADA AIRCRAFT ENGINE LLC,2002302418,NEVADA AIRCRAFT ENGINE LLC
NEVADA BEVERAGE CO.,2020314947,NEVADA BEVERAGE CO.
NEVADA BLIND CHILDREN'S FOUNDATION,2018307559,Nevada Blind Children's Foundation
NEVADA CANCER INSTITUTE,2010301667,NEVADA CANCER INSTITUTE
NEVADA CHILDHOOD CANCER FOUNDATION,2010302718,NEVADA CHILDHOOD CANCER FOUNDATION
"NEVADA COALITION AGAINST SEXUAL VIOLENCE, INC.",2009302840,NEVADA COALITION AGAINST SEXUAL VIOLENCE
"NEVADA DESERT REALTY, INC",2015301474,"NEVADA DESERT REALTY, INC"
"NEVADA DETAIL, LLC",2022318378,"Nevada Detail, LLC"
NEVADA DIABETES ASSOCIATION FOR CHILDREN & ADULTS,2011300520,NEVADA DIABETES ASSOCIATION FOR CHILDREN
"NEVADA H.A.N.D., INC.",2004301911,Townsite Apts
NEVADA INCORPORATORS & REGISTRATION SERV,2009303623,NEVADA INCORPORATORS & REGISTRATION SERV
NEVADA INDEPENDENT INSURANCE AGENTS,2020313717,NEVADA INDEPENDENT INSURANCE AGENTS
"NEVADA INTERNATIONAL LICENSE PLATE SOCIETY, LTD.",2006300993,NEVADA INTERNATIONAL LICENSE PLATE SOCIE
"NEVADA PARALYZED VETERANS OF AMERICA, A NONPROFIT CORPORATIO",2014302613,NEVADA PARALYZED VETERANS OF AMERICA
"NEVADA PARTNERS, INC",2006305148,"NEVADA PARTNERS, INC"
NEVADA PARTNERSHIP FOR HOMELESS YOUTH,2004302192,NEVADA PARTNERSHIP FOR HOMELESS YOUTH
NEVADA READY MIX CORPORATION,2005304135,Nevada Ready Mix Corporation
"NEVADA REALTY CONNECTION, INC.",2015300871,"NEVADA REALTY CONNECTION, INC."
"NEVADA SENIOR SERVICES, INC.",2008304512,ADULT DAY CARE CENTER OF HENDERSON
NEVADA TENNIS ASSOCIATION,2011300860,NEVADA TENNIS ASSOCIATION
"NEVADA TITLE AND PAYDAY LOANS, INC.",2015303085,"NEVADA TITLE AND PAYDAY LOANS, INC."
NEVADA YOUTH ATHLETICS,2010301657,NEVADA YOUTH ATHLETICS
NEVADA YOUTH ATHLETICS INC.,2010301279,NEVADA YOUTH ATHLETICS INC.
"NEVADAPURE, LLC",2016300873,"NEVADAPURE, LLC"
NEW BEGINNINGS ACADEMY,2012301343,NEW BEGINNINGS ACADEMY
"NEW VISTA RANCH, INC.",2008300913,"NEW VISTA RANCH, INC."
"NEW WINGS, INC.",2015302343,"NEW WINGS, INC."
"NEW WORLD ASSOCIATES, INC.",2015302774,HAPPY HEALTH SERVICES
NEW WORLD AUDIO INC.,2022319845,New World Audio Inc.
NEXGEN NAIL BAR LLC,2021316485; 2021316486,Nexgen Nail Bar; NEXGEN NAIL BAR
NEXT GENERATION ELITE,2016301573,NEXT GENERATION ELITE
NEXT GENERATION MAINTENANCE LLC,2019311830,NEXT GENERATION MAINTENANCE LLC
NEXTLOOK LLC,2021316758,NEXTLOOK LLC
NEXTWATCH LLC,2017300549,NEXTWATCH
"NGO & CAMPANA, O.D. LLC",2018309263,Golden Eyes Optometry
"NGP Klondike, LLC",2018309173; 2018309174,Klondike Sunset Casino
"NGP Slots, LLC",2024330844,NGP Slots
"NGUYEN, HUONG THI",2005305376,ROSE NAILS SPA
"NGUYEN, NGA",2008302600,LA NAILS
"NGVP, L.L.C.",2000058239,Pacific Island Apartments
NHC Communications,2026335639,New Horizons Communications Corp.
NHM MP SRP,2025331979,My Place Hotels Henderson Nevada
"NHM UV, LLC",2026335754,Home2 Suites by Hilton Las Vegas Henderson
NHouse Content LLC,2024329440,NHouse Content LLC
NIK TRANS CO LLC,2017306333,NIK TRANS CO LLC
NIRVANA XP INC.,2014303522,NIRVANA XP
NJ Spa LLC,2013300493,Nail Envy
NK & AI Enterprises LLP,2022320649,A Modern Medicine
NKDHC (Rudnitsky) PLLC,2021317084; 2015300124,NKDHC
NKLV,2014301373,NKLV
"NKNAC Medical, PLLC",2026336008; 2026336009; 2026336037,The Refinery Wellness and Aesthetics
NLCuasay LLC,2024330776,Vegas Home Health Partners
NLF LLC,2017305565,Transformers Landscaping
NMIB LLC,2024331899,NMIB LLC
NMJ LLC,2022320271,NMJ LLC
NMV EXPEDITION INC.,2019311366,NMV EXPEDITION INC.
NNK INVESTMENTS LLC,2022320813,Marcos Pizza 7417
"NOBLE TREE SERVICE, INC.",2005305270,"NOBLE TREE SERVICE, INC."
NOMAD AUTO SALES LLC,2017306410,Nomad Auto Sales LLC
"NORDSTROM, INC.",2011302406,"NORDSTROM, INC."
NORITSU AMERICA CORPORATION,2015302928,NTS TECHNICAL SERVICES
NOVA77 STEM WORKSHOP,2019312246,NOVA77 STEM WORKSHOP
"NOVUS Architecture, LLC",2024329712,NOVUS Architecture & Interiors
NP Gold Rush LLC,2011302174; 2011302193,WILDFIRE SUNSET; Wildfire Sunset
NP LML LLC,2011302176; 2011302189; 2011302194,WILDFIRE CASINO LAKE MEAD; Wildfire Casino Lake Mead
NP Magic Star LLC,2011302178; 2011302191; 2011302196,Wildfire Casino - Boulder
NP Sunset LLC,2011302179; 2011302181; 2011302177; 2011302190; 2011302195,Sunset Station Hotel & Casino
NPC ENERGY LLC,2026336146,NPC ENERGY LLC
NPL CONSTRUCTION CO.,2015302909,NBC NATIONAL BARRICADE CO
NRC Engineers Incorporated,2023323180,NRC Engineers Incorporated
"NRI USA, LLC",2023322130,NRI Distribution
NSA VEGAS LLC,2018308220,NSA Vegas LLC
"NSUROUTLET, INC",2012309432,"NSUROUTLET, INC"
NTDV LLC,2024330332,Jazz Nails Lounge
"NU SMILES, LLC",2019311497,SMILE HORIZONS DENTISTRY
NUVIS,2005305369,NUVIS
NV 3480 Partners LLC,2016301482,Evergreen Organix
NV APPRAISERS LLC,2019311563,NV APPRAISERS LLC
NV Behavioral Health Services LLC,2021317113,NV Behavioral Health Services
NV Dental Partners LLC,2019309838,NV Dental Partners LLC
"NV EXCEPTIONAL HOMES, LLC",2021316226,"NV EXCEPTIONAL HOMES, LLC"
"NV GC, LLC",2021318191,Golden Corral
NV Hobby LLC,2025333216,Friendly Hobbies
NV Inspection Services LLC,2022321253,NV Inspection Services LLC
NV LOCKSMITH LLC,2018309042; 2018309043,NV Locksmith LLC
"NVBT OHANA, A NOT FOR PROFIT CORPORATION",2020314789,"NVBT OHANA, A NOT FOR PROFIT CORPORATION"
"NVGRE Donut, Inc.",2019310097; 2019310098,Dunkin Donuts
"NVHCA PERRY FOUNDATION, INC.",2017304489,Perry Foundation Academy of Health
"NVHLM, LLC",2025334446,Crunch Fitness
"NVHWP, LLC",2025334264,Crunch Fitness
NVRH LLC,2017304316,NEVADA RECYCLING / HENDERSON
NXS Street Machines LLC,2023321456,NXS Street Machines LLC
Naan and Curry 2 LLC,2022321182; 2023321439,Naan and Curry
"Nabisix, LLC",2025334103,Nabis
"Nacho Daddy, LLC",2021316478; 2021316479,Nacho Daddy
"Nada Nuf, Inc.",2013301170,Primerica - McCrummen
Nadine Bleeker M.S. Ltd.,2026334675,"Nadine Bleeker, M.S. Ltd."
Nahas Motorcars LLC,2018308755,Nahas Motorcars
Nahas Realty LLC,2019312478,Nahas Realty & Investments
Nahum Hernandez Sr.,2021317101,Wax-Up Auto Detailing
Nail Corner LLC,2024330323,Nail Corner
Nail Star Spa LLC,2026334724,Nail Star
Nailed it Beauty Spa LLP,2023321690,Nailed it Beauty Spa
Naked Skinn Studio LLC,2021317157; 2021317158,Naked Skinn Studio
"NakedMD Kung, PC",2025332743; 2025332744,NakedMD
Nakedcore LLC,2026335924,Nakedcore
"Nancy Cordes, Inc.",2008304169,"Nancy Cordes, Inc."
Nancy M Clark,2023323385,Mending Roots
Nancy Rouas,2024330141,Petting Zoo 2U
"Naphcare, Inc.",2018308228,"Naphcare, Inc."
Narine Shihada Hayek,2026335418,Health by Nareen
Natalie Gertz,2022320032,Catlandia Crafts
Natalie K9 Inc.,2025333707,Natalie K9 Inc.
Nathan Burnett,2026334996,A Pane in My Glass
Nathan D. Schwartz DDS LLC,2007303110,Henderson Family Dental
Nathan Wade Kamo,2022319584,KAMO INSURANCE AGENCY
"National Entertainment Network, LLC",2006304886,Sugarloaf Creations
"National Foundation for Advancement in the Arts, Inc.",2020313542,"NATIONAL FOUNDATION FOR ADVANCEMENT IN THE ARTS, INC."
National Nuclear Energy Healthcare LLC,2022320704,National Nuclear Energy Healthcare LLC
"National Polytechnic College, Inc.",2025332888; 2025332889,NPCollege
"National Seating & Mobility, Inc.",2010302536,"National Seating & Mobility, Inc."
National Sports Consulting Agency LLC,2024330543,NSCA
"Nations Direct Mortgage, LLC",2024329855,"Nations Direct Mortgage, LLC"
Nationwide Corporate Services Inc.,2013302285,Nationwide Corporate Services Inc.
Nationwide Perfusion Care Services LLC,2020313958,Nationwide Perfusion Care Services LLC
"Nationwide Power Solutions, Inc.",2006301290,"Nationwide Power Solutions, Inc."
Native Co. Consulting LLC,2024329592,Native Co. Consulting LLC
Native Vegas LLC,2021317333; 2022319994; 2021317335; 2023322158,The Cask
Nattie's Thai Kitchen LLC,2022319509,Nattie's Thai Kitchen
Natural 21 Game Lounge LLC,2025332945; 2025332946,Natural 21 Game Lounge
Natural Medicine L.L.C.,2023329130,Green Distro
Natural Twenty Games LLC,2019311913,Natural Twenty Games
"Naturopathic Nevada, LLC",2022319363,"Naturopathic Nevada, LLC"
"Nautilus Xray, Inc.",2023329271,"Nautilus Xray, Inc."
Nav Dhillon,2013301390,"Dhillon, Nav"
Navona Square Ventures LLC,2021315884,Navona Square Ventures LLC
Navvee Law LLC,2023323365,Navvee Law LLC
Navy Federal Credit Union,2013302286; 2013302587,NAVY FEDERAL CREDIT UNION 5536; NAVY FEDERAL CREDIT UNION
Nawat LLC,2019312162,American Central Collision Center
Nayla America Jimenez-Garcia,2024330047,Pet Harmony Pet Services
"Ndb3 Consulting, LLC",2021317058,NDB3 Consulting
Neal Waters Mark Forsstrom Insurance & Financial Services LLC,2007302463,Neal Waters Mark Forsstrom Insurance & Financial Services
Neal's Family Foods Inc.,2018308081,Neal's Family Foods Inc.
"Nearco Transaction Advisors, LLC",2021316113,"Nearco Transaction Advisors, LLC"
Neesa Leele Vang,2026334524,Pash Plug
Neffwell Inc.,2022319673,Infuze Wellness
Neighborhood Clinic,2022320933,Neighborhood Clinic
"Neighborhood Loans, Inc.",2023322622,"Neighborhood Loans, Inc."
Neighbors Helping Neighbors,2021317420,Neighbors Helping Neighbors
Neighbors Hospitality LLC,2016300246; 2016300247,The Great Greek Mediterranean Grill
"Nemis Insurance Agency, LLC",2021316166,Virtuous Insurance Agency
Neometrx. Inc.,2017306401,Neometrx. Inc.
Neon Valley Vending LLC,2026336144,Neon Valley Vending LLC
Neptune Management Corp.,2025334483,Neptune Society
"NetCarrier Telecom, Inc.",2024330249,"NetCarrier Telecom, Inc."
"NetEffect, LLC",2025332347,NetEffect
Netwolves Network Services LLC,2023322799,Netwolves Network Services LLC
"Network Security Associates, Inc.",2015301413,Network Security Associates
"Network with Sarah, LLC",2024330508,"Network with Sarah, LLC"
"Neutral Tandem-Nevada, LLC",2020314360,"Neutral Tandem-Nevada, LLC"
"Nevada AK, Inc.",2016300248; 2015303644; 2016301190; 2015303643; 2016301185; 2016301204; 2016301186; 2015303734; 2015303733; 2016300326; 2016301189; 2016301184; 2016300249; 2023322795,Rebel; Rebel 6197
Nevada Anesthesia Consortium PLLC,2023329247,Mojave Mountain Anesthesia
Nevada Awareness Institute,2024329890,Nevada Awareness Institute
"Nevada CVS Pharmacy, L.L.C.",2006304834; 2008301954; 2006302723; 2006302768; 2006302767; 2006305143; 2008301953; 2006302769; 2006302770; 2006302724,CVS Pharmacy #9770; CVS Pharmacy #0121; CVS/Pharmacy #8787; CVS/Pharmacy #8795; CVS/Pharmacy #8822
Nevada Care Services LLC,2022318646,Nevada Caregiving Services
Nevada Caregivers Agency LLC,2015300977,Nevada Caregivers Agency
"Nevada Casa Association, Inc.",2020314016,Nevada Casa Association
Nevada Child Seekers Merging Corporation,2011300066; 2011301548,NEVADA CHILD SEEKERS; NEVADA CHILD SEEKERS MERGING CORPORATION
Nevada Clean Water LLC,2025332376,Nevada Clean Water
Nevada Coalition to end Domestic and Sexual Violence,2024330858,Nevada Coalition to End Domestic and Sexual Violence
"Nevada Community Management, LLC",2021317132,Nevada Community Management
Nevada Conservation League,2022320823,Nevada Conservation League
"Nevada Convenience, LLC",2020314925; 2020314924,7-Eleven 39431
Nevada Coverage Group LLC,2025333501,Courtney Leaver-Durante Insurance
Nevada Craft Brewers Association,2016301457,Nevada Craft Brewers Association
Nevada Crystal Premium LLC,2017304670,Nevada Crystal Premium
Nevada DJ Services LLC,2022320965,Nevada DJ Services LLC
"Nevada Dental Professional, Quirt, Kruyer, PC",2011301733; 2012309678; 2023321502; 2026335516,Galleria Dental; Center for Cosmetic and Family Dentistry; Sunstone Dental Care; Discover Smiles Dental
"Nevada DragonRidge, LLC",2014300612; 2014300616; 2014300613; 2019311298; 2014300614,DragonRidge Country Club; Dragonridge Country Club
"Nevada East Investments, Inc.",2007301844,Horizon Village Square Car Wash
"Nevada Estate Planning and Probate, LLC",2024331698,Jeffrey Burr
Nevada Family Law Group LLC,2016302619,Nevada Family Law Group LLC
Nevada Fine Wine & Spirits LLC,2010302000; 2010301998; 2019312302,Total Wine & More
Nevada Firearm and Safety Training LTD,2024330807,Nevada Firearm and Safety Training LTD
Nevada Fleet Services LLC,2020314392,Nevada Fleet Services LLC
Nevada GrantLab,2023321363,Nevada GrantLab
"Nevada Health Centers, Inc.",2015302250; 2018307520,"Nevada Health Centers, Inc."
Nevada Health Co-Op,2013303553,NEVADA HEALTH CO-OP
Nevada Health Tanita PLLC,2020314960,Henderson Women's Care
"Nevada Hearing & Balance Center, LLC",2010300488; 2010300487,Hearing & Balance Doctors of Nevada
Nevada Heart and Vascular Center (Resh) LLP,2017306059; 2022319892; 2011302210; 2025334190,Nevada Heart and Vascular Center
Nevada Home Care LLC,2022318455,American Legacy Home Care
Nevada Hotel and Lodging Association,2014302708,Nevada Hotel and Lodging Association
Nevada Insight LLC,2025332098,Nevada Insight LLC
Nevada Lawn Care Inc Inc.,2023322103,Nevada Lawn Care Inc Inc.
Nevada Limb & Brace LLC,2020313558,Nevada Limb & Brace LLC
Nevada Marble Restoration LLC,2015302196; 2013300512,Nevada Marble Restoration LLC
"Nevada Mental Care, LLC",2021318231,"Nevada Mental Care, LLC"
Nevada Micro-Enterprise Development Corporation,2013301224,NEVADA MICROENTERPRISE INITIATIVE
Nevada Old-Time Fiddlers Association,2011302042,NEVADA OLD-TIME FIDDLERS ASSOCIATION
Nevada Pari-Mutuel Association,2008301423,Nevada Pari-Mutuel Association
Nevada Pharmacy Alliance,2020314746,Nevada Pharmacy Alliance
"Nevada Pic-A-Part, LLC",2017304314,Nevada Pic A Part
Nevada Polygraph Professionals LLC,2024330879,Nevada Polygraph Professionals LLC
Nevada Property Diversified Services L.L.C.,2025332602,Nevada Property Diversified Services L.L.C.
"Nevada Restaurant Services, Inc.",2018308723; 2016301136; 2013303032; 2012301303; 1998039019; 1996040762; 2018308412; 2015301730; 2017305479; 2004301536; 2021316709; 2013303031; 2018308722; 2003300546; 2012301305; 2016301138; 2016301139; 2017305480; 2015301731; 2018308413; 1800040041; 2004301537; 2017304864; 2018307338; 2021316711; 2017304863; 2022320627; 2022320629; 2024331870; 2024331872; 2025333630; 2025333632,Dotty's #177; Points Casino #131; Dotty's #93; Dotty's #76; Dotty's #8; Dotty's #5; Bourbon Street Sports Bar #163; La Villita #117; Bourbon Street Sports Bar #153; Dotty's #19; Red Dragon Sports Bar #210; Dotty's #208; Dotty's #206; Dotty's #229
Nevada Restoration & Carpet Care LLC,2021316177,Nevada Restoration & Carpet Care
"Nevada Rush Foundation, Inc.",2017305078,"Nevada Rush Foundation, Inc."
Nevada School of Professional Studies LLC,2022318426,Nevada School of Professional Studies LLC
Nevada Science Center,2021316175,Nevada Science Center
"Nevada State Title, LLC",2014300440,Nevada State Title
Nevada Technical Associates Inc.,2011302263,Nevada Technical Associates Inc.
Nevada Therapy Solutions LLC,2023323393; 2023323394,Nevada Therapy Solutions
Nevada Tree Services LLC,2023322155,Henrie Tree Service
"Nevada Water Trucks, LLC",2017304310,NWTEC Environmental
"New American Funding, LLC",2023322691,Home Sweet Home Loan Servicing
"New Beginnings Highest Heights, Inc.",2009303689,"New Beginnings Highest Heights, Inc."
New Beginnings Hospice Inc.,2025333321,New Beginnings Hospice Inc.
"New Castle Realty and Property Management, LLC",2022320094,"New Castle Realty and Property Management, LLC"
"New Century Rehabilitation, LLC",2015302488; 2015302447,ATI Physical Therapy
New Cingular Wireless PCS,1997TC0030,New Cingular Wireless PCS
"New Cingular Wireless PCS, LLC",2007304782; 2006302911; 2021316947; 2026334838,AT&T Mobility
New Era Athletics LLC,2025333023,New Era Performance & Recovery
"New Home Resource, LLC",2018307828,New Home Resource
"New Homes Research, Inc.",2021317366,New Homes Research
New Moon LLC,2022319568,La Luna Tea and Dessert Bar
New Phase Mental Health LLC,2025333005,New Phase Mental Health
"New RCI Holdings, Inc.",2025332277; 2025332278,Regal Sunset Station
New Star LGH LLC,2022319261,Lotus Massage
"New Trail Games, LLC",2025334121,"New Trail Games, LLC"
"New Wave Enviro Products, Inc.",2017304430,"New Wave Enviro Products, Inc."
"NewPoint Business Group, LLC",2026334575,"NewPoint Business Group, LLC"
"Newage Lake Las Vegas, LLC",2013300022; 2013300023; 2013300024; 2013300025; 2013300026,Hilton Lake Las Vegas Resort and Spa
Newtech Gym LLC,2025333745,Newtech Gym
"Nexeo Staffing, LLC",2023321449,"Nexeo Staffing, LLC"
Next Chapter Therapy LLC,2016301422,Next Chapter Therapy LLC
Next Generation EDU LLC,2025333855,Next Generation EDU LLC
NextGen Horizon Foundation,2025333010,NextGen Horizon
NextStep Ministries,2012301314; 2012309583,NEXTSTEP MINISTRIES; NEXTSTEP MINISTRIES CLEAN & SOBER LIVING
"NextStep Technology Solutions, LLC",2013300269,"NextStep Technology Solutions, LLC"
"Nextgen Associates, Inc.",2020314844,Servicemaster Restoration by EMT
Nextgenclaw LLC,2026335846,Nextgenclaw LLC
"Nextiva, Inc",2015300576,"Nextiva, Inc"
Nexus Energy L.L.C.,2015302307; 2015302306; 2015302308,Arco AM/PM #42917
Nexus Gaming LLC,2022318996,Nexus Gaming LLC
Nica Car Dealer LLC,2025331945,Nica Autos Sales
Nice & Clean Corporation,2021317171,Nice Cleaning Services
Nice Nice Bite,2024331415,Nice Nice Bite
Nicholas Garcia,2026335930,NXC Collectibles
Nick of Time Services LLC,2024330956,Nick of Time Services
Nicklin Community Management Services LLC,2017300236,Nicklin Community Management Services LLC
"Nicklin Property Management & Investments, Inc.",2005306672,"Nicklin Property Management & Investments, Inc."
Nico's Eats LLC,2024329749,Nico's Eats
Nicole D Shupp,2022318506,Farm Girl Candles
Nicole E. Hudson & Associates LLC,2026335943,Nicole E. Hudson & Associates LLC
Nicole Marie Hess,2025332308,NDQ Services
Nicole Platt,2026335461,Nicole Platt
Nicole Stephens,2025333980,Spotlight Creative Arts
Nightmare on DMV St LLC,2026335099,Nightmare on DMV St LLC
Nika Asistio APRN PLLC,2026334635; 2026334974,Nika Asistio APRN PLLC
"Nikkala Business Centers, LLC",2025332688,NVision Business Center
NimbleFish Limited Co.,2026335637,Integrative Wellness Clinic of Nevada Henderson
Ninja Fit Meals LLC,2016302909,Foodie Fit
"Nino, Inc",2005302959,Day & Night Blinds
Ninush LLC,2025332344,Ninush LLC
"Ninyo & Moore, Geotechnical Consultants",1997039479,Ninyo & Moore
Nita Andrieu,2024329728,Nita Andrieu
"Nitin J. Engineer, MD Plastic Surgery, PLLC",2024329569; 2024329637,Engineered Aesthetics Plastic Surgery Institute
Nix Rockstar Garage LLC,2018308202,Nix Rockstar Garage LLC
No BS Express LLC,2024331058,No BS Express LLC
"No Collateral Bail Bonds, inc.",2022319728,"No Collateral Bail Bonds, inc."
"No Slip NV, LLC.",2021317115,"No Slip NV, LLC."
"Noble Event Rentals, LLC",2025333568,"Noble Event Rentals, LLC"
"Noboru, Inc.",2002302573; 2003300581,Osaka Japanese Bistro
Noctua Aesthetics LLC,2024330573,Noctua Aesthetics
"Noel Reid, LCSW LLC",2022320073,"Noel Reid, LCSW LLC"
Noemi Elaine Manalaysay,2021318095; 2021316819,Art in Beauty; Art in Beautfy
Noni Hayman,2019310966,BALANCED NP SERVICES
Nooch Jadjuabsint,2025332674,Nooch Jadjuabsint
"Noosh, LLC",2025332008,"Noosh, LLC"
Norine M. Running,2025333620,Norine M. Running
North American Financial Corp,2010302919,North American Financial Corp
North American Realty of Nevada,2016302912,North American Realty of Nevada
North Restaurants LLC,2024330087; 2024330088,North Italia
North Star Defense,2022319532,North Star Defense
"Northbound, LLC",2008301617,"Northbound, LLC"
Northstar Technology Group LLC,2025334276,Northstar Technology Group
Northumberland LMG Corporation,2013302513; 2017305056; 2003303158; 2003303160,Chips and Clips; Skyline Casino
"Norton Consulting & Investigations, LLC",2025332465,"Norton Consulting & Investigations, LLC"
Nostalgic Traveling Teacher LLC,2024330696,Nostalgic Travel
"Not Always Right, LLC",2020315240,"Not Always Right, LLC"
"Notary Nook, LLC",2025333235,"Notary Nook, LLC"
"Nourished, LLC",2026336262,"Nourished, LLC"
"Nova Labs, Inc.",2026334633,Helium Mobile
Nova Lorson,2012300547,"LORSON, NOVA"
"Nova Southeastern University, Inc.",2026335040,Nova Southeastern University
Nova Status LLC,2024331233,Sharkey's Cuts for Kids
Nova Therapy LLC,2025332181,Nova Therapy LLC
NovaCube Inc.,2024331469,NovaCube Inc.
Novarax LLC,2025333754,Novarax LLC
"Noy Property Services, LLC.",2013303160,"Noy Property Services, LLC."
NuCanvas Aesthetics and Wellness Center PLLC,2023321303,NuCanvas Aesthetics and Wellness Center PLLC
"NuMe, Inc",2025332637,"NuMe, Inc"
"NuWave Communications, Inc.",2017305612,"NuWave Communications, Inc."
Nublu Sport and Logo Wear Inc.,2017304928,Nublu Sport and Logo Wear
"Nuclear Care Partners, LLC",2014300560,"Nuclear Care Partners, LLC"
Nuclear Fixin' LLC,2026335542,Nuclear Fixin' LLC
Nugent L.L.C.,2013301361; 2005306521; 2013301360; 2002304324,Great Clips
Nunez Foods LLC,2021316705; 2019311281,Shanghai Fresh; Sweetly Twisted
Nunezbarbershop LLC,2025332007,Lucky Cuts Barber Shop
"Nursecore Management Services, L.L.C.",2020314592,Nursecore of Las Vegas
Nutchanat Em-och Duangsima,2023323019,"Duangsima, Nutchanat Em-och"
Nutmeg LV LLC,2025334108; 2025334109,Nutmeg Indian Eatery
Nutraflo USA Inc,2023322444,Nutraflo USA Inc
Nutrishop Inc.,2015300270,Nutrishop Inc.
Nxtgen Restoration LLC,2026334667,Nxtgen Restoration LLC
Nye Natural Medicinal Solutions LLC,2023322061,Nye Natural Medicinal Solutions LLC
O'CALLAGHAN RESOURCE INTEGRATED ONCOLOGY NETWORK,2012301382,ORION
"O'Gara Bissell Photography, LLC",1800039932,"O'Gara Bissell Photography, LLC"
O'Neil Pest Control LLC,2023322312,O'Neil Pest Control LLC
"O'Reilly Auto Enterprises, LLC",1990007773; 2013303518; 2000055903; 2016302199,O'Reilly Auto Parts #2655; O'Reilly Auto Parts #4600; O'Reilly Auto Parts #3201; O'Reilly Auto Parts #5568
"O.R.B. Restaurant & Tavern, LLC",2007301056; 2007301184,Fireside Restaurant & Tavern
"O3 Green Global Solutions, LLC",2023322602,Property Pros
OA The Golden Reserve LLC,2026335899,OA The Golden Reserve LLC
OAKWOOD MANAGEMENT COMPANY LP,2002303699,OAKWOOD MANAGEMENT COMPANY LP
"OASIS AUTO SPA, LLC",2006300046,"OASIS AUTO SPA, LLC"
OCD CAR CARE,2022319116,OCD CAR CARE
OCEAN WENTZ ENTERPRISES INC.,2017305973,GEM MOTORCARS
"OCHOA, CYNTHIA",2012308627,REIKI'S HEALING SYNERGY
"OCMI, Inc.",2014301750,"OCMI, Inc."
"OEHMAN, GUNNER",2004305267,PIXMEDIA
OFFICENEST,2019309805,OFFICENEST
"OG Commercial Maintenance, LLC.",2020315425,Spot Free
"OGDEN FOUNDATION, THE",2016303362,"OGDEN FOUNDATION, THE"
"OH, JUNG H AND BENTON, MI OK",2006300803,Sunflower Cleaners
OK Landscaping Inc,2020314353,OK Landscape
"OL Henderson, LLC",2023321889,OrthoLazer Henderson
OM Prelude LLC,2022318656,Prelude at the Park Apartments
"OMFS SURGERY CENTER, LLC",2014302153,"OMFS SURGERY SERVICES, LLC"
ONE NEVADA CREDIT UNION,2011302786,ONE NEVADA CREDIT UNION
ONE60 APARTMENTS LLC,2018309129,One60 Apartments
ONSITE WILDLIFE REMOVAL L.L.C.,2017305429,ONSITE WILDLIFE REMOVAL L.L.C.
OPD LLC,2021316865; 2021316866,Prosecco Italian Osteria
OPPORTUNITY VILLAGE FOUNDATION,2007301568,OPPORTUNITY VILLAGE
"ORANGE CARPET CLEANING, LLC",2006303166,"ORANGE CARPET CLEANING, LLC"
ORANGE COUNTY TOP TENNIS,2014301189,ORANGE COUNTY TOP TENNIS
ORBO Investments LLC,2026335478,Smart Modern Vending
"ORGANIC EDIBLES LAS VEGAS, INC.",2014300732,"ORGANIC EDIBLES LAS VEGAS, INC."
ORTIZ SERVICES LLC,2017300418,ORTIZ SERVICES
"ORTIZ, MATTHEW",2015303386,S & M METAL WORKS
OS Consulting LLC,2023321738,OS Consulting
"OS SalesCO, LLC",2026334807,Omaha Steaks
OSCAR O'KEEFE JR,2014303593,OSCAR O'KEEFE ARCHITECT
"OT Medical Nevada, PLLC",2026335608,OrangeTwist
OTOMIX INC,2014301923,OTOMIX
OUIGEE LLC,2025334099,Steveoscookies
OUR LITTLE WORLD TREATMENT CENTER LLC,2018309091,OUR LITTLE WORLD TREATMENT CENTER LLC
OVIST & HOWARD,2008302285,"OVIST & HOWARD, CPA'S"
OWENS CLOTHING LLC,2011302394; 2017304393,PLATO'S CLOSET HENDERSON
"Oak Tree International Holdings, Inc.",2012309552; 2012309551,"Oak Tree Health; Oak Tree International Holdings, Inc."
OakWerks LLC,2026335271,OakWerks LLC
Oakes Innovations LLC,2025334293,Oakes Innovations LLC
"Oasis Counseling, LLC",2014302345; 2023323373,"Oasis Counseling, LLC"
"Oasis Endodontic Specialists (Morales), PLLC",2022318521,Oasis Endodontic Specialists
"Oasis Laundromat, LLC",2022320053,"Oasis Laundromat, LLC"
"Oasis Medical Associates, Inc.",2009304095,Oasis Medical Associates
Obsidian Motors LLC,2025334269,Obsidian Motors
Ocean of Change Therapy Services LLC,2020313050,Ocean of Change Therapy Services LLC
Oceanside Apartments LLC,2014301140,Oceanside Apartments LLC
Off the House LLC,2024331742,Off The House
Office Bauen LLC,2018309231,Office Bauen LLC
"OfficeMax North America, Inc.",2020314786,OfficeMax
"Official Advocates Consulting, LLC",2026335333,"Official Advocates Consulting, LLC"
Ogden Hospitality Group LLC,2025333928; 2025333929; 2025333936; 2025333937,SMKD BBQ; Hayworth
Oh Crap LLC,2026335611,Oh Crap LLC
Ohio Transmission LLC,2023321389,Ohio Transmission LLC
Oikos Development Corporation,2024329619,Oikos Development Corporation
Oikos Development Nevada,2024329614,Oikos Development Nevada
"Oiness Psychology Services, PLLC",2022320097,"Oiness Psychology Services, PLLC"
"Okuda Orthodontics, PLLC",2020313570,"Okuda Orthodontics, PLLC"
"Old Navy, LLC",2018306986,Old Navy #5790
Ole Johnny Olsen,2024330244,Lake Las Vegas Mobile Massage
Olen Residential Realty Corp,1993015899; 2001001758; 2000056677,Mariposa Flats; Invitational Apartments; Arroyo Grande Apartments
Olga Perez,2024329765,Olga's Cleaning Services
"Olive Garden Holdings, LLC",2025333107; 2025333108,The Olive Garden Italian Restaurant #6518; The Olive Garden Italian Restuarant #6518
Oliver Hemmers,2024331105,Oliver Hemmers
Oliver Lazic,2026334576,NURB7
"Olympus Group, Inc.",2023322352,"Olympus Group, Inc."
"Omar B. Cabahug, MD, Prof. Corp.",2006300697,"Omar B. Cabahug, MD, Prof. Corp."
Ombre Nails & Spa LLC,2022319940,Ombre Nails & Lashes
"Omega Air Conditioning, Inc.",2009300776,Shaun's Towing
Omega Associates LLC,2022319729,Nurse Next Door Paradise
"Omelet House, Inc.",1994029438,Omelet House Family Diner
Omnia Home Care LLC,2023322646,Omnia Home Care
OmniaCare LLC,2024331015,OmniaCare LLC
"On Good Terms, LLC",2015303783,On Good Terms
On Time Handyman Services LLC,2024331302,On Time Handyman Services LLC
"On To Alaska, LLC",2023329290,"On To Alaska, LLC"
On Watch LLC,2023322918,On Watch LLC
On-Site Grooming LLC,2026334731,Mobile Pet Wash On-Site Grooming
Once Upon A Nail Salon LLC,2022318982; 2022318983; 2022319597,Once Upon a Nail Salon; Once Upon A Nail Salon
Once Upon a Gig LLC,2022320503,Once Upon a Gig
"Oncology Consultants, PLLC",2024329495,"Oncology Consultants, PLLC"
"One Call Locators, Ltd.",2023321864,ELM Utility Services
One Percent Counseling LLC,2026334910,One Percent Counseling LLC
One Security LLC,2018308526,Legacy Lock and Key
One Shot Energy LLC,2024329973,One Shot Energy LLC
"One Stop 4 Flooring, LLC",2016300818,ONE STOP 4 FLOORING
One-Line LLC,2026336267,One-Line LLC
One40 Beauty Lounge LLC,2014301487; 2014301486,One40 Beauty Lounge
OneHill Lacrosse,2025332319,OneHill Lacrosse
"OneKey Home Care - NV, LLC",2023322776,FirstLight Homecare of Nevada
"OneMain Financial Group, LLC",2018308893,OneMain Auto
Oneplus L.L.C.,2016302011,Munch Box
Onity Mortgage Corporation,2016301303,Onity Mortgage Corporation
Online Music Education LLC,2021315907,FREEJAZZLESSONS.COM
Only 3 Snack Crisps LLC,2022320932,Only 3 Snack Crisps
Only Crowns NV LLC,2026334802,Only Crowns
Ontar Thai Cuisine LLC,2023322887,Ontar Thai Cuisine
Onyx Counseling LLC,2024330878,Onyx Counseling
Oolong LLC,2024330229,Coffee Religion
"Ooma, Inc.",2018307084,"Ooma, Inc."
Open Arms Counseling LLC,2025332775,Open Arms Pathways
"Open Home Professionals, Inc.",2021316349,"Open Home Professionals, Inc."
"OpenSided MRI of Henderson, LLC",2023321365,Henderson Medical Imaging
"Operation Hope, Inc. of Nevada",2021318259,"Operation Hope, Inc. of Nevada"
Opportunities in Urban Renaissance Television LLC AKA OurTV,2025332701,Opportunities in Urban Renaissance Television LLC AKA OurTV
"Opportunity Financial, LLC",2016302270,OppLoans
"Opti-Fit International, Inc.",2017304929,"Opti-Fit International, Inc."
Optic Gallery Henderson LLC,2016302200; 2016302331,Optic Gallery
Optic Gallery Horizon Ridge LLC,2023322486; 2023322487,Optic Gallery Horizon Ridge
Optic Gallery Seven Hills LLC,2014302609; 2014302608,Optic Gallery Seven Hills LLC
"Optic Gallery The District, LLC",2017304163; 2017304162,"Optic Gallery the District, LLC"
Optic Gallery Water St LLC,2019312948; 2019312949,Optic Gallery
"Optima Change Management, LLC",2024331148,Optima Healing and Recovery
Optimized Home Services LLC,2026336026,Optimized Home Services
OptimuMedicine LLC,2018308996,OptimuMedicine LLC
Optimum Energy Design LLC,2023322167,Optimum Energy Design LLC
Optimum Foods LLC,2024330264,Optimum Foods LLC
Optimum Services LLC,2026335193,Optimum Window Cleaning
"Option Funding, Inc.",2023323557,"Option Funding, Inc."
Optix Visual Solutions LLC,2026334565,A 1st Impression Electric Signs
"Optum Infusion Services 500, Inc.",2022319032,"Optum Infusion Services 500, Inc."
"Optum Medical Group (Rhodes), P.C.",2023323613; 2023329112; 2023329113; 2025333617,OptumCare Lung and Allergy Care; Urology Specialists of Nevada; OptumCare Cancer Care; Radiation Oncology Centers of Nevada
Opulent Investment Group LLC,2018307655,MD Healing Circles
Oracle Athletics LLC,2024331194,NYS
Oral and Maxillofacial Surgery Associates of Nevada,2021317023,Oral and Maxillofacial Surgery Associates of Nevada
OrangePath Financial Inc.,2023329347,Orangepath Financial inc
"Oren Iwanaga, Consulting LLC",2023322248,"Oren Iwanaga, Consulting LLC"
Organic Nail Lounge LLC,2019309941,Organic Nail Lounge
Organically White LLC,2026334568,We Whiten
Original Thai Spa LLC,2017300780,Siam Thai Spa and Massage
"Orozco Enterprises, LLC",2023323600,Saul's MX Kitchen
Ortal Bitton LLC,2023321797,Ortal Bitton LLC
"Ortho Sport & Spine Physicians of Nevada, PLLC",2024331230,Ortho Sport & Spine Physicians of Nevada PLLC
"Orthopaedic Institute of Henderson, L.L.P.",2021316292; 2005306632,OIH Physical Therapy; Orthopaedic Institute of Henderson
"Orthopedic Foot and Ankle Institute, LLC.",2025333315,"Orthopedic Foot and Ankle Institute, LLC."
"Orthosport Henderson/Green Valley, LLC",2007301713,Orthosport Physical Therapy
Ortiz Handyman LLC,2023322434,Ortiz Handyman LLC
"Oshlun, Inc.",2010301584,"Oshlun, Inc."
OsoLabs LLC,2026336070,OsoLabs LLC
Ostinato AI LLC,2025332113,Ostinato AI
Other Brothers LLC,2024331744,Plum Printing
Otium Mental Health Services L.L.C.,2022320510,Otium Mental Health Services L.L.C.
"Outfitter Satellite, Inc.",2020313521,"Outfitter Satellite, Inc."
"Outpost Ventures, LLC",2024331231,G Hotel
Outsource of Nevada Inc.,2015302917,Outsource of Nevada Inc.
Ovation Business Services,2008301007,Ovation Property Management
"Overnight Production, LLC",2016300499,"OVERNIGHT PRODUCTION, LLC"
"Oweis Union Village Modern Dentistry, PC",2021316475; 2021316461,UNION VILLAGE MODERN DENTISTRY; Union Village Kid's Dentistry
Owen Hambrook Tennis LLC,2001002498,Owen Hambrook Tennis
Owens and Lemay Law LLC,2025333448,Owens and Lemay Law LLC
Own It Moments LLC,2024329993,Own It Moments LLC
"Oxford Alloys, Inc.",2023322107,"Oxford Alloys, Inc."
OzFin Ventures LLC,2024330987,Waterless Toilet Shop
P & P Enterprises LLC,2026335479,Anytime Pool Service
P & T LLC,2025333019,Venice Nails
P + K ARCHITECTURE INC,2019311816,P + K ARCHITECTURE INC
P&G SMILES LLC,2021316033,P&G ORTHODONTICS
"P&L Sales Group, Inc.",2016301924,"P&L Sales Group, Inc."
P. SCINTA DESIGNS LLC,2012300368,P Scinta Designs
"P. STERLING KERR, ATTORNEY AT LAW, PROF.CORP.",2008300542,LAW OFFICES OF P. STERLING KERR
"P.F. Chang's China Bistro, Inc.",2004300424; 2004300423,P.F. Chang's China Bistro
"P1 Consulting, LLC",2024331144,"P1 Consulting, LLC"
"P3 COMMONWEALTH INNOVATION MSO, LLC",2025334448,"P3 COMMONWEALTH INNOVATION MSO, LLC"
"P3 Dental-Welebir, PC",2018309052; 2020313338; 2022320772,Whitney Ranch Dental; Green Valley Dental Group; Rose Family Dentistry
"P3 Health Group , LLC",2018307729,"P3 Health Group , LLC"
PAC RIM TRADERS OF NEVADA,2020315237; 2020315238,NAKATA MARKET OF JAPAN
"PACHECO, RAMON",2011301192,ARROW SHOPPING CART RETRIEVAL SERVICE
PACIFIC APPRAISAL LLC,2019309773,PACIFIC APPRAISAL LLC
PACIFIC DESIGN STUDIO LLC,2015302469,STUDIO G ARCHITECTURE
"PACIFIC EDGE WINE & SPIRITS OF NEVADA, INC.",2019310733,"PACIFIC EDGE WINE & SPIRITS OF NEVADA, INC."
PADILLAS MS CORPORATION,2020313597,J POOL SERVICE
PAIN CENTER OF HENDERSON L.L.C.,2017306454,Henderson Pain Center
"PAINTING AND DECORATING CONTRACTORS OF AMERICA, SOUTHERN NEV",2009301659,SOUTHERN NEVADA CHAPTER PDCA
PALMER KENNETH J,1994029945,KJP ENTERPRISES
PAM BY PAM L.L.C.,2011302258,PAM BY PAM L.L.C.
"PAM SQUARED AT LAS VEGAS, LLC",2023322267,PAM Health Rehabilitation Hospital of Henderson
"PANDHER, MANPREET KAUR",2013302376,M SMOKE SHOP
"PAOLUCCI, GEORGE",2005305315,"PAOLUCCI, GEORGE"
"PARAGON MEDICAL ASSOCIATES, LLC",2021315839,"PARAGON MEDICAL ASSOCIATES, LLC"
"PARK ANIMAL HOSPITAL, INC.",2019312854,PARK ANIMAL HOSPITAL
"PARK, PARK & BEADLE",2017304432,STORE YOUR STUFF
PARSONS ROCKS! LLC,2007300032,PARSONS ROCKS! LLC
"PARTSCO/NEVADA, L.C.",2023322345,"PARTSCO/NEVADA, L.C."
PASEO VERDE LITTLE LEAGUE,2018307196,Paseo Verde Little League
"PASSION PROGRAMS, INC.",2005302372,"PASSION PROGRAMS, INC."
"PASTA, LTD.",2010302748; 2010302747,PASTA SHOP
"PATEL'S THREADING & HENNA ART, INC.",2010302410,"PATEL'S THREADING & HENNA ART, INC."
"PATHWAYS THERAPY AND WELLNESS CENTER, LLC",2005305919,"PATHWAYS THERAPY AND WELLNESS CENTER, LLC"
PATRICIA L ARROYO,2017306562,"Arroyo, Patricia L"
PATRICIA'S CLEANING SERVICES LLC,2015301704,PATRICIA'S CLEANING SERVICES LLC
"PATRICK A. SIMONE, DDS, LTD.",2006300115,"PATRICK A. SIMONE, DDS, LTD."
"PATTI B'S HAIR ESCAPE, LLC",2010301700,"PATTI B'S HAIR ESCAPE, LLC"
"PAUL L. LACHANCE, MBA LLC",2020313688,"PAUL L. LACHANCE, MBA LLC"
"PAWS Health Partners, LLC",2022319749; 2022319750,Highlands Animal Care
"PAWS-A-TIVELY Purrfect, Ltd",2003302621,PAWS-A-TIVELY Purrfect
PB Henderson LLC,2020313278,PURE BARRE HENDERSON
"PBF MANUFACTURING COMPANY, INC.",2007301500,"PBF MFG. CO., INC"
"PBR Consulting Services, LLC",2015300032,"PBR Consulting Services, LLC"
"PC Don Dawson, LLC",2017304172,Don Dawson Court
PC Gamer LLC,2024330797,Everything PC
"PC Henderson Manor, LLC",2017304342,Henderson Manor
PC Paseo Del Prado LLC,2019312023,Paseo Del Prado Apartments
PCNA Consulting Group Inc.,2017304917,PCNA Consulting Group Inc.
PDA Consulting Engineers LLC,2016302333,PDA Consulting Engineers LLC
PECOS WIGWAM RESTAURANT CORP.,1993015973; 1993015974,RAE'S RESTAURANT & LOUNGE
"PEERLESS NETWORK OF NEVADA, LLC",2017305224,"Peerless Network of Nevada, LLC"
"PEG'S EASTERN, INC.",2017305266,Peg's Glorified Ham n Eggs
PENNY'S FOUNDATION,2019312465,PENNY'S FOUNDATION
"PEREZ, CESAR G.",2005304929,GROUND SUPPORT SERVICES
"PERRY ENTERPRISE, LLC",2010301961,"PERRY ENTERPRISE, LLC"
"PERRY, JAMES",2005300932,PERRY INVESTIGATIONS
"PETERSON BAKER, PLLC",2016302971,"PETERSON BAKER, PLLC"
"PETERSON, CLIFFORD",2004303056,CLIFFS MOBILE AUTO BODY
PETS R FAMILY TOO,2003300942,Pets R Family Too
"PETSUITES OF AMERICA, LLC",2022318366,HENDERSON PET RESORT
PF NV 375 N Stephanie LLC,2026334747,Project Function Henderson
PG Maldstar LLC,2025332948,Eagle Fire Protection and Hood Cleaning
"PGAL, LLC",2008301735,"PGAL, LLC"
PGF Group LLC,2025333727,Handel's Ice Cream
"PHANTOM FIREWORKS WESTERN REGION, LLC",2019310938,PHANTOM FIREWORKS
PHARMANET INC.,2010301670,PHARMANET INC.
PHO4REAL 5 LLC,2021318183,PHO4REAL 5
PHOENIX RISING THERAPY CENTER,2019310046,PHOENIX RISING THERAPY CENTER
PHOTOGRAPHY TEAM,2011302810,PREMIUM MOBILE PHOTOGRAPHY
"PICERNE PASSAGE II, LLC",2017305283,The Passage II by Picerne
"PIERCING PAGODA, INC.",1998039306,"PIERCING PAGODA, INC."
"PIERROT, PETRA A",2010302549; 2019312689,"PIERROT, PETRA A"
"PIMA DOOR & SUPPLY, INC.",2005303185,"PIMA DOOR & SUPPLY, INC."
"PINAL, BERTHA O",2016301507,AZTEC HOUSE CLEANING
PINK JEWEL DAISY LLC,2019311793,PINK JEWEL DAISY LLC
PINNACLE APPRAISAL SERVICE LLC,2016301468,PINNACLE APPRAISAL SERVICE LLC
PINNACLE PEAK POOL & LAWN SERVICE LLC,2014301898,PINNACLE PEAK POOL & LAWN SERVICE LLC
PITBULL PEST CONTROL INC.,2022321039,Pitbull Pest Control Inc.
PIZZA ROCK II LV LLC,2015300441; 2015300442,Slice House by Tony Gemignani
"PIZZARIELLO, NICHOLAS V",2009300681,IT'S JUST ME PEST CONTROL
"PJ Las Vegas, LLC",2007302233; 2007302523,Papa John's Pizza
PK ALWES NMD INC,2018308865,PK Alwes NMD Inc
PKJ Consulting LLC,2023323357,PKJ Consulting LLC
"PKW Enterprises, LLC",2018308271,Bella Kisse
PKWY District LLC,2018307344; 2018307343,PKWY District
PKWY Las Vegas LLC,2021315811; 2021315810,PKWY TAVERN
PKWY Marks LLC,2017300359; 2017300361,PKWY Tavern
PLANET KOALATEE LLC,2022320074,Planet Koalatee LLC
PLINTRON TECHNOLOGIES USA LLC,2019311660,PLINTRON TECHNOLOGIES USA LLC
PLK NV Inc.,2014302061; 2019310269,Popeyes Louisiana Kitchen #11730; Popeyes Louisiana Kitchen #12229
PLKB Destiny Holdings LLC,2026335467,PLKB Destiny Holdings LLC
PMCM Consulting Services LLC,2020315443,PMCM Consulting Services LLC
PMG CONSULTING LLC,2015301300,PMG CONSULTING LLC
"PMNV Las Vegas, LLC",2019311720; 2025333127,Paul Mitchell the School Las Vegas; Paul Mitchell The School Las Vegas
"PN2H2 Donut, Inc.",2024329726,Dunkin Inspirada
PNG Telecommunications,1998TC0339,PowerNet Global Communications
"PNH2 Donut, Inc.",2024331785,Dunkin Foothills
"POETRY PROMISE, INC.",2021317440,"POETRY PROMISE, INC."
POGO-Preschool on the Go LLC,2010301674,POGO-Preschool on the Go!
"POINT BLANK PROPS, INC.",2012310504,"POINT BLANK PROPS, INC."
POLICE ORDNANCE LLC,2018307988; 2018307987,POLICE ORDNANCE
"PONGRACIC, MARTHA A",2015302927,COLORFUL KREATIONS BY MARTHA
"POODLE CLUB OF LAS VEGAS, INC.",2011302253,"POODLE CLUB OF LAS VEGAS, INC."
"POOL CHLOR OF NEVADA, INC.",2005305760,"POOL CHLOR OF NEVADA, INC."
"POOL PRO'S, INC.",2005305736,"POOL PROS, INC."
POOL SERVICE PROS LLC,2019311471,POOL SERVICE PROS
"POOL STAR, LLC.",2016300099,"POOL STAR, LLC."
"POOL WHISPERER, INC.",2017305932,"Pool Whisperer, Inc."
"POPPED, LLC.",2011301944,POPPED
POSITIVE CHANGES DOG TRAINING INC,2020313293,POSITIVE CHANGES DOG TRAINING INC
"PPI Business Services, Inc.",2026335779,Payroll People Inc
"PREACH N' SING MINISTRY, INC.",2011301829,PREACH N' SING RECORDS
"PRECIOUS METALS REFINERY NV, INC.",2018306641; 2018306640,Precious Metals Refinery
"PRECISE LOGISTICS, LLC",2016302255,"PRECISE LOGISTICS, LLC"
PRECISION DESIGN GROUP,2012301545,PRECISION DESIGN GROUP
PREMIERTEK SOLUTIONS LLC,2018309408,PREMIERTEK SOLUTIONS LLC
PRESTIGE DENTAL INCORPORATED,2006302596,PRESTIGE DENTAL INCORPORATED
"PRESTIGE TRAVEL, INC",2000057230,PRESTIGE TRAVEL & CRUISES/AMERICAN EXPRESS
PRESTON Eugene WILLIAMS,2023323475,Gladys and Josephine Limited Edition Friendship Candles
"PRESTWOOD, GRADY",1995035956,GRADY'S SMOKED MEATS
"PREVENTIVE MEASURES SECURITY FIRM, LLC",2022321097,Preventive Measures Security Firm LLC
"PRIORITY BUILDING SERVICES, LLC",2014302846,"PRIORITY BUILDING SERVICES, LLC"
PRISM Care PLLC,2026334640,PRISM Care PLLC
"PRISM GLOBAL MANAGEMENT GROUP, LLC",2015301446,"PRISM GLOBAL MANAGEMENT GROUP, LLC"
PRIVET SAVVY TECHNOLOGIES LLC,2013302237,PRIVET SAVVY TECHNOLOGIES LLC
"PRO TAILOR, LLC",2008304543,PRO TAILOR
"PROFESSIONAL BROKERAGE WEST, INC.",2009300656,"PROFESSIONAL BROKERAGE WEST, INC."
"PROFESSIONAL COMPOUNDING CENTERS OF AMERICA, INC.",2013301911,PCCA (PROFESSIONAL COMPOUNDING CENTERS O
PROFESSIONAL PEST CONTROL LLC,2016300454,PROFESSIONAL PEST CONTROL LLC
"PROFESSIONAL PRACTITIONER SERVICES, INC.",2011301351,"PROFESSIONAL PRACTITIONER SERVICES, INC."
"PROGMATIC, INC.",2020314119,"PROGMATIC, INC."
"PROJECT DISBURSEMENT GROUP, INC.",2015302901,"PROJECT DISBURSEMENT GROUP, INC."
PROTOGYM,2018309148,PROTOGYM
"PROUD ORTHODOX CHRISTIAN, INC.",2012301281,"PROUD ORTHODOX CHRISTIAN, INC."
PROVENTUS PLACE,2015301926,PROVENTUS PLACE
PS Advisors LLC,2024330419,PS Advisors LLC
PS Las Vegas Rainbow Eastern LLC,2025332179,Public Storage
"PS ORANGECO, INC.",2015300260,PS ORANGECO
"PST-Civil Processing Plus, LLC",2025333223,"PST-Civil Processing Plus, LLC"
PSYCHED FITNESS L.L.C.,2018309647,PSYCHED FITNESS L.L.C.
"PSYCHIC EYE BOOK SHOPS, INC.",1999047406,PSYCHIC EYE BOOK SHOPS
"PTV1, INCORPORATED",2003305050,HOME HEALTH CARE SPECIALISTS
"PUERTO RICAN ASSOCIATION OF LAS VEGAS, THE",2011301136,PUERTO RICAN ASSOCIATION OF LAS VEGAS
PURE TONIC CONCENTRATES LLC,2016300963,PURE TONIC CONCENTRATES LLC
"PURVIS, ALLEN D.",2008302931,AMERICAN LANDSCAPE SERVICE
"PUTNAM, MELVIN & CAMI",1998038643,Vision Studio
"PYROTECNICO F/X, LLC",2015302838,"PYROTECNICO F/X, LLC"
Pa Q Pikes Colombian Foods LLC,2025333236,La Callejera
Pablo Alarcia,2025331973,South Valley Pest Control
Pablo Gonzalez,2020313110,Peje Janitorial Services
Pacesetters International,2011301042,Pacesetters International
"Pacific 2 AZ, L.L.C.",2026334866,Pacific Manor Apartments
"Pacific Coast Supply, LLC",2015303164,Pacific Supply
"Pacific Dental Services, LLC",2017300055; 2016301474,"Pacific Dental Services, LLC"
"Pacific Home Loans, Inc.",2024331171,Pacific Home Loans
Pacific Mechanical Supply,1800039600,Pacific Mechanical Supply
Pacific Pines 4 Limited Partnership,2012300486,Pacific Pines 4 Senior Apartments
Pacific Pines II Limited Partnership,2017305776,Pacific Pines II Senior Apartments
Pacific Pines III Limited Partnership,2017305777,Pacific Pines III Senior Apartments
Pacific Pines Limited Partnership,2006303704; 2005300624,Pacific Pines Senior Apartments
"Pacific Rim, Inc.",2017306418,P.R.I.
Pacific Sales & Dist. LLC,2022320749,Pacific Sales & Dist. LLC
"Pacific Secured Equites, Inc",2026335188,"Pacific Secured Equites, Inc"
Pacific Sunwear Stores Corp.,1996040068,Pacific Sunwear # 185
Pacifica Cottages LLC,2015303265,Cottages at Green Valley
"Pacifica Hosts, Inc.",2014301790; 2014301789; 2016300021; 2016300022; 2016300020; 2014302043; 2014302047; 2014302046; 2016300025; 2016300026; 2016300027,Residence Inn; Courtyard By Marriott; Westin Lake Las Vegas Resort and Spa
Pacifica Solevita LLC,2016300245,Pacifica Solevita LLC
"Padda Enterprises, Inc.",2021317451; 2021317453; 2021317452,7-Eleven Store #32780C
Paetec Communications,1997TC0866,Paetec Communications
Page Partners LLC,2025333511,Nationwide Freight Services
Page Psychological Services LLC,2024329407,Page Psychological Services LLC
"Page, Adrian",2018308690,The Art of Grooming
Paige Hixson MD PLLC,2025332651; 2025332721,Henderson Internal Medicine & Med Spa; Henderson Internal Medicine
"Pal's Enterprises, LLC",2023322747,Binyo' N Grill
PalAmerican Security Inc,2020313275,PALAMERICAN SECURITY
Palafox Buen LLC,2022320558,Senior Sanctuary Group Home
Pallavi C. Rao,2020313675,HAUDU CLINICAL
"Palm Mortuary, Inc.",2001301143,Palm Mortuary - Henderson
"Palm Smoke and Gifts, Inc.",2023321384,Palm Smoke and Gifts
Palms Suites LLC,2019311275,My Salon Suite
Paloma Itzel Haas,2025334211; 2025334244,Mojave Desert Studio
Palomita's 4 Corporation,2017304784,Fausto's Mexican Grill #3
Palomo Enterprises Inc,2025333874,Hallmark Homecare
Pamela Ann School of Dance LLC,2025334016,Legacy Dance
Pamela Gorsuch,2025332202,Munchies Cookie Company
Pamela Joy Henderson,2026335761,Prana Sanctuary
Pampered Pet Care LLC,2005306440,Pampered Pet Care LLC
Panchalee Jones,2021318051,Panchalee  Jones
Pancoast Law Chtd.,2023321421,Pancoast Law Chtd.
"Panda Express, Inc.",2002302316; 2001301714; 2006305355; 2003303067; 2000057083; 1999046505; 2004301217; 1996040201,Panda Express
"Pandora Ventures, LLC",2022320076; 2026335659,"Pandora Ventures, LLC; Pandora"
Pandorica Imaging LLC,2023322962,Pandorica Headshot Studio
Pane Latte LLC,2026335206; 2026335207,Torino Cafe
Pantaleon Sanchez-Montiel,2025331984,L&L Gardening Services
"Panthera Interactive, LLC",2012310182,"Panthera Interactive, LLC"
Papas Handyman LLC,2025332629,Papas Handyman LLC
Paradise Touch Pool Service L.L.C.,2017304516,Paradise Touch Pool Service
Paragon Pacific,2019311420,Paragon Pacific
Paragon Pro Rentals LLC,2025334021,Paragon Pro Rentals LLC
Pariah Lighting LLC,2024331366,Pariah Technologies
ParizSalon LLC,2022319401; 2025334485,Pariz Salon
"Parker Project, Inc.",2022320718,"Parker Project, Inc."
Parking and Transportation Group- Las Vegas LLC,2020314490,Parking and Transportation Group- Las Vegas LLC
"Parkway Springs Animal Hospital, LTD.",2022320045; 2022320044,Parkway Springs Animal Hospital
"Parkway Surgery Center, LLC",2003304693,"Parkway Surgery Center, LLC"
Parlor 430 LLC,2020314825; 2020315472,Vegas Gold Guys
Parlour Horizon LLC,2024330652; 2024330653,The Parlour Coffee and Cooking
Partee LLC,2026335353,Nothing Bundt Cakes
"Paseo Verde Gibson Apts., LLC",2017300801,Elevate
"Passion Tennis, LLC",2023322386,Passion Tennis
Passport Furnishings LLC,2020313328,Passport Wholesale Furnishings
"Patchett Design Group, LLC",2025332027,"Patchett Design Group, LLC"
"Patg Go, LLC",2025334000,Go Potties
Patricia Landaker,2022319602; 2023322453,LIVING LA VIDA SENIOR; Pat Landaker Productions
Patricia Robles & Jose Robles,2024329983,Robles Lawn Service
Patrick D. McComb,2020313249,PMC
Patrick John Dyer,2026335274,P.J. Candle Co.
Patrick Rodarte,2019312649,Valley Handyman
"Patriot Environmental Services, Inc.",2015301536,Patriot Environmental Services
"Patriot Gaming & Electronics, Inc.",2025333001,"Patriot Gaming & Electronics, Inc."
"Patriot Mobile, LLC",2016302137,"Patriot Mobile, LLC"
Patriot Pacific Financial Corp.,2026336054,Patriot Pacific Financial Corp.
Patriot Pest Control LLC,2023321270,Patriot Pest Control LLC
Patriot Treasurer LLC,2024330799,Patriot Treasurer LLC
"Patterns Behavioral Services Nevada, Inc",2024331054,"Patterns Behavioral Services Nevada, Inc"
Paul Lirette,2009303755,Paul Lirette
Paul Sullivan,1994029478,Spaces
Paul Yong-Sun Park,2024329755,Vegas Dry Clean
Paul's Extermination Inc.,2009300485,Paul's Extermination Inc.
Paul's Washer and Dryer Repair LLC,2020314396,Paul's Washer and Dryer Repair LLC
Paula Nettesheim,2015303696,"Nettesheim, Paula"
Pauline Tran,2024331591,K Nails and Spa
Paulsen Projects LLC,2026335926,Rad Sisters
Paveena Wongdang,2026334589,Paveena Wongdang
Paw Palace Pet Grooming LLC,2023321436,Paw Palace Pet Grooming
Paw-lished Pets Ltd. LLC,2026335437,Paw-lished Pets Ltd. LLC
Paws 4 Love Pet Rescue Inc.,2023322703,Paws 4 Love
Pawsome Pals Pet Sitting LLC,2024331623,Pawsome Pals Pet Sitting LLC
"Paysign, Inc.",2014301912; 2025333897,"Paysign, Inc."
PeQueen Consulting LLC,2020313584,PeQueen Consulting LLC
Peace For Paws PLLC,2023322218,Peace For Paws PLLC
Peaceful Bookkeeping LLC,2022320273,Peaceful Bookkeeping LLC
"Peacock Products, Inc.",2016300482,"Peacock Products, Inc."
Peak Male Institute LLC,2023321441,Peak Male Institute LLC
"Peak Mental Health, LLC",2022318755,"Peak Mental Health, LLC"
"Peak Performance NV, Inc.",2024329651,"Peak Performance NV, Inc."
Peangdao Phachai,2025333899,Peangdao Phachai
Pearl Care Home llc,2020313641,Pearl Care Home LLC
Pecos Windmill Water Store II LLC,2019311844,Pecos Windmill Water Store II LLC
"PedalPoint EvTerra Recycling, LLC",2022319476,PedalPoint Recycling
Pedro Bezaleel Rodriguez Fierro Sr,2025333736,Bin Refresh Can Cleaning
Pedro F. Morales,2024330253,The Cleaning Lady
Pedro Rene Dominguez Jr.,2024329616,Amazon Pest Control
Peeley LLC,2025332309,Burn Boot Camp
Pegs Rainbow Inc,2021316399,Peg's Glorified Ham N Eggs
Pelleting Technology Corporation,2022318388,Pelleting Technology Corporation
"Pelzer, Michael R",2012307407,M & C Consulting
Penn & Associates LLC,2025333803,Penn's Thai House
Penney OpCo LLC,2022320517; 2022320518; 2022320519,JCPenney; JCPenney Salon
Penny's Puppy Training LLC,2026336028,Penny's Puppy Training LLC
"Peppered Gold, Inc.",2020314399; 2020314398,The Lash Lounge Henderson-The District; The Lash Lounge Henderson - The District
"Perch Realty, LLC",2020314689,PERCH REALTY
Perez Landscaping NV LLC,2026334728,Perez Landscaping NV LLC
Perez Painting & Handyman Services LLC,2023323441,Perez Painting & Handyman Services LLC
Perf Opco LLC,2024331536,Perfumania
Performance Digital Solutions LLC,2025333014,Performance Digital Solutions LLC
Performance Motorsports Rod And Custom LLC,2023322125,Performance Motorsports Rod And Custom LLC
Peridot Automotive LLC,2023323350,Peridot Automotive LLC
Perigon Wealth Management LLC,2024331585,Perigon Wealth Management
"Perio Precise, LLC",2024329515,"Perio Precise, LLC"
Perkins Team LLC,2025333032,All Nevada Insurance
Perla Fernanda Cardenas-Puente,2024329461,Perla Fernanda Cardenas-Puente
Perla's Cleaning Service LLC,2025333514,Perla's Cleaning Service
"Perma Treat, Inc.",2018307227,"Perma Treat, Inc."
Perrone Dental Professional Corporation,2006302048,"Marielaina Perrone, DDS"
Perry Olson Insurance Agency Inc.,2014300469,State Farm
"Persistent Cleaning Services, Limited Co.",2023323514,"Persistent Cleaning Services, Limited Co."
Personal Injury of Nevada,2022319061,Naqvi Injury Law
"Perspectives/The Consulting Group, LLC",2022319946,"Perspectives/The Consulting Group, LLC"
Pest Control Solutions Inc.,2016302252,Pest Control Solutions Inc.
"Pest Control, Inc.",2015302490,"Pest Control, Inc."
Pest Tech Inc.,2011303004,New Solutions Pest Control
Pestmaxx LLC,2024330392,Enviromaxx Pest Control
"Pet Cremation Pre-Paid, LLC",2011301666,"Pet Cremation Pre-Paid, LLC"
"Pet Project, LLC",2023322674,Pet Project by Jess
PetSmart LLC,2023322522; 2023322525,PetSmart LLC
"Petals Flowers and Events, Inc.",2009300216,"Petals Flowers and Events, Inc."
"Petco Animal Supplies Stores, Inc.",2001003359; 2011303239,Petco #1115; Petco #1195
Petdergarten LLC,2022321088,Fluffy Home
"Pete Findlay Automotive, Inc.",1998038790; 1998038789,Findlay Cadillac
Peter Greep,2007303545,Dumont Dune Riders
"Peterson Dental Group, P.C.",2012301540,Gentle Dental Green Valley
Petra's Jewelry LLC,2025332769; 2025333239,Petra's Jewelry
Petroglyph Projects USA,2023321762,Petroglyph Projects USA
Phantasy Photos LLC,2025333831,Las Vegas Real Estate Media Solutions
Phase 2 Tutoring LLC,2024331043,Phase 2 Tutoring
Phenix Industries Inc.,2021315638,Phenix Industries Inc.
Phil Management LLC,2026335173,Vegas Legacy FC
"Phil Y.C. Chen, D.O., A Professional Corporation",2006300379,Advanced Pain Management and Family Care Associates
Philip Anthony Rosales,2025332680,Green Rock
Philip Hartzell,2003302946,"Hartzell, Philip"
Philip R Spinks,2025333317,Philip Spinks
Phillips Page Publishing LLC,2025333989,Phillips Page Publishing LLC
Philosophical Style Inc.,2012301026,Philosophical Style Inc.
Pho King,2017306486,Pho King Vietnamese Kitchens
"Phoenix Business Services, Inc.",2016302161,"Phoenix Business Services, Inc."
"Phoenix Group Metals, LLC",2025334191,"Phoenix Group Metals, LLC"
Phoenix Integrative Wellness LLC,2026334990,Phoenix Integrative Wellness
"Phone.com, Inc.",2026335638,"Phone.com, Inc."
Photo Booths Vegas LLC,2023322993,Photo Booths Vegas LLC
Phu Pha Fortunes LLC,2024331341; 2025332267,Enjoy Thai Cafe
Phuong & Phung LLC,2026334704,Expressions Nail and Spa
Phuong Nguyen & Hien Phan,2019311215,Nails FX
Phyllis Joy Lind,2025332882,Phyllis Joy Lind
Physicians to Home LLC,2015302353,Physicians to Home
Pica Provisions LLC,2020314506; 2021317948,Fratelli's Pizza Kitchen
"Piceno Company, LLC.",2018307541,La Real De Michoacan
"Picerne At Green Valley Parkway, LLC",2017304910,The Passage by Picerne
"Picerne Summit, LLC",2004305238,The Summit by Picerne
"Pick Up Propane, Inc.",2015303211,"Pick Up Propane, Inc."
Pickleball Edge LLC,2026335456,Pickleball Edge
Pier LLC,2022320866; 2022320867,Da Remo
Pierson Production Inc.,2025332521,Pierson Production Inc.
Pilare Perspective LLC,2024330542,Pilare Perspective LLC
Pilates By Tracy LLC,2022320386,Pilates by Tracy LLC
Pilates Fit For All LLC,2023322797,Pilates Fit For All
"Pilates Honey, LLC",2020313301,PILATES HONEY
Pilot Thomas Logistics LLC,2024330136,Pilot Thomas Logistics LLC
Pineapple Collectibles LLC,2024331776,Pineapple Collectibles LLC
Pinecrest Academy Inspirada PTO,2020314393,Pinecrest Academy Inspirada PTO
Pingkang Xue,2023321921,"Xue, Pingkang"
Pink Hare Co.,2024330922,My Pink Hare Salon Suites
"Pink Papillon, Inc.",2023329375,"Bloomin' Blinds of Henderson, NV"
Pinkbox Doughnuts LLC,2021318238,Pinkbox Doughnuts
"Pinnacle Decor, LLC",2019311069,"Pinnacle Decor, LLC"
Pinnacle Mortgage Solutions Inc.,2014301885,Pinnacle Mortgage Solutions
Pinnacle Piano Services LLC,2020314760,Pinnacle Piano Services LLC
Pinnacle Therapeutic Services LLC,2016300998,Pinnacle Therapeutic Services LLC
Pinto Muay Thai LLC,2022319806,Pinto Muay Thai
"Pinxit, LLC",2026334673; 2026334674,Salon Nouveau
"Pioneer Equipment, Inc.",2020314981,"Pioneer Equipment, Inc."
Pioneer Saloon LLC,2024329971,Pioneer Saloon Chuck Wagon
Pit Crew Mechanics LLC,2025333672,Pit Crew Mechanics
Pitbull Towing LLC,2020314939,Pitbull Towing
Pixies Pet Spaw LLC,2026335018,Pixies Pet Spaw LLC
Pizza Me LLC,2026335103,Pizza Me LLC
Pizza Rock II LV LLC,2015300585; 2015300586,Pizza Rock
Pizza Stoned LLC,2024330406,Pizza Stone'd
Pizza of Henderson Inc,2006301234,Pizza of Henderson
"Pizzeria Bino, LLC",2021317300,Marco's Pizza
Plan 9 Piercing LLC,2026335225,Plan 9 Piercing LLC
"Plancompare, LLC",2015303493,"Plancompare, LLC"
Planet Home Lending LLC,2025332351,Planet Loan Servicing
Planet X Wholesale LLC,2021316974,Planet X Wholesale LLC
"Platinum Hospitalists, LLP",2025332931,Platinum Continuity and Specialty Clinic
Platinum Rehabilitation Therapies LLC,2026334749,Platinum Rehabilitation Therapies
"Platinum Talent, LLC",2008302182,The Platinum Agency
Platinum Web Marketing LLC,2025333086,Platinum Web Marketing LLC
"Platinum Worldwide Holdings, LLC",2006305134,Platinum Real Estate Professionals
Playtika Holding Corporation,2022321116,Playtika Holding Corporation
Plot Twist Counseling LLC,2025332921,Plot Twist Counseling LLC
"Plum Creek Funding, Inc.",2018308749,"Plum Creek Funding, Inc."
Plumbing Heating Cooling Contractors of Nevada Education Foundation,2024330002,PHCC of NV Education Foundation
"Plumbing, Heating, Cooling Contractors of Nevada",2024329986,PHCC of Nevada
Plus Nails LLC,2026335169,Plus Nails
Point Realty LLC,2026335981,Point Realty LLC
Point of Beginning LLC,2025332909,Point of Beginning
"PointOH5, LLC",2025333487,"PointOH5, LLC"
Poke Express II LLC,2016302280,Poke Express
Poki Bowl Las Vegas LLC,2023329104; 2023329105,Pokibowl
"Pokroy Medical Group of Nevada, LTD.",2017305050; 2009303972,Pediatrix Medical Group of Nevada
Polaris Properties NV LLC,2014302713,Polaris Realty
Pollos Hermanos LLC,2024331088; 2024331147,Taco Man Grill
Polymer Extreme LLC,2023321730,Polymer Extreme LLC
Pool Supply Depot,2024330358,Pool Supply Depot
Poolistic LLC,2022319218,POOLISTIC POOL WATER RESTORATION
"Poop Scoop Dude, LLC",2025332426,Poop Scoop Dude
Pop & Prop Party Co LLC,2025333964,Pop & Prop Party Co LLC
Pop Up Performers LLC,2024330032,Pop Up Performers
"Pop of Galleria at Sunset, Inc.",2023329295,Popeyes Louisiana Kitchen
Porkstar Kitchen LLC,2023323571,Porkstar Kitchen LLC
Pornthip Wardell,2022319930,"Wardell, Pornthip"
Porter 291 LLC,2024330998,Porter 291 LLC
"Portfolio Maintenance, LLC",2023323310,Portfolio Maintenance LLC
"Portier, LLC",2024331358,Uber Eats
Posh Beauty Contour L.L.P.,2020315440; 2024330569,POSH BEAUTY PMU; Posh Beauty Contour L.L.P.
"Posin Law Group, P.C.",2017304588,"Posin Law Group, P.C."
"Positivity Counseling Center, LLC",2022318694,"Positivity Counseling Center, LLC"
Power Promotions LLC,2024330316,Power Promotions LLC
PowerPoi LLC,2026336214,PowerPoi LLC
Powered By Yahweh Sanitation Services LLC,2024329587,Powered By Yahweh Sanitation Services LLC
Powers 15 PLLC,2024330348,Powers Law
Prairie Service Paws LLC,2026334800,Prairie Service Paws LLC
Prapawilai Duangsima,2021317516,"Duangsima, Prapawilai"
Praxis Solutions LLC,2024331707,Praxis Solutions LLC
"Praxis Training Group, LLC",2025333967,"Praxis Training Group, LLC"
"Pre-Professional Pathways, LLC",2021316263,"Pre-Professional Pathways, LLC"
Precious Metal LLC,2024330222,Double D Automotive Service
"Precise Home Health Care, Inc.",2021317189,"Precise Home Health Care, Inc."
"Precision Aerial Services, Inc.",2020313637,"Precision Aerial Services, Inc."
Precision Air Balance Co Inc,2015302815,Precision Air Balance Co Inc
"Precision Craft Jack Handyman, LLC",2026335010,"Precision Craft Jack Handyman, LLC"
"Precision Crane & Hoist Services, Inc.",2006303545; 2008300556,"Precision Crane & Hoist Services Inc; Precision Crane & Hoist Services, Inc."
Precision Forklift and Automotive Mobile Mechanic LLC,2026335089,Precision Forklift and Automotive Mobile Mechanic LLC
"Precision Group, Inc.",2012300657,Urban Civil Defense
Precision Installations LLC,2026335946,Precision Installations LLC
Precision Wheel and Automotive Specialist L.L.C.,2023322397,Precision Wheel and Auto
Precision Window Tint L.L.C.,2021315501; 2018307290,Precision Window Tint L.L.C.
"Predator Signs & Graphics, LLC",2016300046,"Predator Signs & Graphics, LLC"
"Preferred Mortgage Services, LLC",2024329934,PMSI
Preisler Land Surveying & Services LLC,2026335218,PLSS
Premier Advisors LLC,2025332061,Paramount Tax and Accounting
"Premier Auto Repair, LLC",2017305153,"Premier Auto Repair, LLC"
"Premier Landscaping, LLC",2022318425,"Premier Landscaping, LLC"
Premier Mobile Detailing LLC,2026335823,Premier Mobile Detailing LLC
Premier Personal Care LLC,2026334726,Premier Personal Care LLC
Premier Property Maintenance LLC,2023322603,Premier Property Maintenance LLC
"Premier Property Management, L.C.",2004301897,"Premier Property Management, L.C."
"Premier Realty Group, LLC.",2022318945,"Premier Realty Group, LLC."
Premier Risk Solutions LLC,2023321269,Premier Risk Solutions LLC
Premier Security Services LLC,2024330794,Premier Investigations
Premier TC Services LLC,2021315663,PREMIER TC SERVICES LLC
"Premier Trust, Inc.",2025332588,Premier Trust of Nevada
Premiere Nails LLC,2024331514,Premiere Nails and Skin Care
"Premise Health of Nevada Medical, Hinitt, P.C.",2025334050,Teamsters 631 Medical Centers Powered by Premise Health
Premium Locksmith LLC,2024330373,Premium Locksmith LLC
Premium Produce LLC,2020314025,Premium Produce LLC
Prescilla Hillen,2024331346,PH Hairstylist
Present Health-Capati-Kearns PLLC,2026335223,Present Health
Prestige Air Group LLC,2021317085,Prestige Air Group LLC
Prestige Integrated Services LLC,2026335411; 2026335412,Prestige Integrated Services LLC
Prestige Management Group LLC,2022321013,Prestige Management Group LLC
Prestige Pigeon Service LLC,2025333447,Prestige Pigeon Service LLC
"Prestige Ultrasound, LLC",2020313390,"Prestige Ultrasound, LLC"
Prestige Window Cleaning LLC,2022319902,Prestige Window Cleaning LLC
Pretty Lady Residential Cleaning Services LLC,2026335660,Pretty Lady Residential Cleaning Services LLC
Pretty Petals By Lucy LLC,2019312829,Pretty Petals By Lucy
Prevail Marketplace LLC,2021317669,Prevail MarketPlace
Preventative Maintenance Measures LLC,2021316978,Preventative Maintenance Measures LLC
"Preventive Pest Control Las Vegas, LLC",2010302679,Preventive Pest Control
Preziosi Enterprises LLC,2025333885,Rocket Repairs
"Price Mortgage, LLC",2024331458,"Price Mortgage, LLC"
"Price-Ryan, Inc.",1800038890,"Price-Ryan, Inc."
Pride Pest Control LLC,2013300196,Bears Pest Control
Prime Cardiology Group PLLC,2020314817; 2023329169,Prime Cardiology Group
"Prime Comms Retail, LLC",2016302534; 2021318251,AT&T Authorized Retailer #4754; AT&T Authorized Retailer
Prime Community Management LLC,2024330069,Prime Community Management LLC
Prime Locksmith,2020314564,Prime Locksmith
Prime Pest Control of Nevada LLC,2022319505,Prime Pest Control
Prime Time Poolz LLC,2024330360,Prime Time Poolz
"Primehonorcards, LLC",2026336132,PrimeHonorCards
"Primetime Appraisals, Inc.",2023322766,"Primetime Appraisals, Inc."
"Primo Tool Company, LLC",2021318299,A. Bottini Enterprises
Principal Bank,2024331841,Principal Bank
Principal Values Group LLC,2023323640,Royal Jewelers & Quick Fix
"Print Alliance, Inc.",2008303798,"Print Alliance, Inc."
"Print It Promotional Products, Inc.",2016301149,"Print It Promotional Products, Inc."
"Prism Henderson, LP",2024331470,Cascade Apartments
"Prism Ventures NV01, INC.",2022320863,Jet's Pizza
"Prismm Earth, Inc",2024329773,Prismm Earth
Pristine Auto Lab LLC,2023322415,Pristine Auto Lab
"Pritchett Eye Care, PC",2017300047; 2016303373; 2016303374; 2017300048,ClearVision Eye Centers
Private Eyes by Jayna LLC,2019311977,Private Eyes by Jayna
Prize Vending LLC,2026335492,Prize Vending LLC
Pro 1 Racquets LLC,2025332737,Pro 1 Racquets
Pro Athletes Management LLC,2011300239,Pure Nutrition
Pro Repair Vegas LLC,2021316649,Pro Repair Vegas LLC
Pro Shine Las Vegas LLC,2026335232,Pro Shine Las Vegas
Pro-Imaging LLC,2024329517,Pro-Imaging LLC
"Pro-Turf International, Inc.",2024330134,"Pro-Turf International, Inc."
"Pro-Vigil NV, LLC",2023322185,"Pro-Vigil NV, LLC"
ProShield Home Services LLC,2026335180,ProShield Home Services LLC
ProShine LLC,2025332997,ProShine LLC
"Procaps Laboratories, Inc.",1998038556,"Procaps Laboratories, Inc."
Professional & Reliable Bartending LLC,2025332448,Professional & Reliable Bartending
Professional Billing Solutions (PBS) LLC,2017305135,Professional Billing Solutions
Profitable Graphics Supply LLC,2025331955,Profitable Graphics Supply LLC
Progressive Casualty Insurance Company,2023322953; 2025333073,Progressive Casualty Insurance Company
Progressive Pest Control,2024329818,Progressive Pest Control
"Progressive Specialty Glass Company, Inc.",2010301746,"Progressive Specialty Glass Company, Inc."
Project 300 Early Learning Academy,2023322440,Project 300 Early Learning Academy
Project 4 LLC,2008303183,The T-Shirt Diner
Project Function LLC,2025333995,Project Function Las Vegas
Project Wellbeing LLC,2020315410,PROJECT WELLBEING
Prokopios Ziros,2009301043,"Ziros, Prokopios"
"Promotion Imprints, LLC",2017304669,Proforma Imprints
Promotor@s Las Vegas,2026334976,Promotor@s Las Vegas
Proper Mobile Detailing LLC,2016301878,Proper Mobile Detailing
Property Rehab LLC,2022320477,Property Rehab LLC
"Prosperity Financial Associates, LLC",2019310492,"Prosperity Financial Associates, LLC"
Protecht Inc.,2025334027,Lancelot
Protecta Security Services LLC,2005301346,Protecta Security Services LLC
Protected at Work,2021317620,Protected at Work
"Providence Dental Dhillon, PLLC",2022321107; 2024329655; 2025334088,Inspirada Dental & Orthodontics; Cadence Family Dental & Orthodontics; Boulder Dental & Orthodontics
"Province, LLC",2024329748,"Province, LLC"
"Psychological Solutions, LLC",2025332990,The Thought Loft
Ptarmigan Coffee,2017300158,Desert Wind Coffee Roasters
"Public Storage, Inc.",2017304434,"Public Storage, Inc."
Public Works Coffee LLC,2017304555; 2024330529; 2025333747,Public works Coffee and Azzurra Wine Bar; Public Works Coffee and Azzurra Wine Bar
Pucks LLC,2022318376,Pucks Cookies & Treats
"Pueblo Medical Imaging, LLC",2014300393,"PUEBLO MEDICAL IMAGING, LLC"
Pulmonary Intensivists of Southern Nevada PLLC,2024331077,Henderson Pulmonology
Pulmonology Group LLC,2019311034,Pulmonology Group LLC
Pulse One Care NV,2023321756,Pulse One Care NV
Pumps International,2006303665,Pumps international
"Punjatt, Inc.",2018308539; 2018308540,7-Eleven Store #16186F
Pupi PLLC,2025334136,Revive Men's Hair Clinic
Pups N Suds LV LLC,2025332490,Pups N Suds LV LLC
Pupsters Spaw LLC,2025334173,Pupsters Spaw LLC
Pure Bliss Home Care LLC,2025332603,Pure Bliss Home Care LLC
Pure Esthetics Dental Studio LLC,2023322296,Pure Esthetics Dental Studio
Pure Mexican Grill LLC,2026335236,Tacos Los Gauchos
Pure Space LLC,2026334591,Pure Space
"PureGrove, LLC",2026335425,PureGrove
Puretalk Holdings Inc.,2022320181,Puretalk Holdings Inc.
Purita Falvey,2023323406,"Falvey, Purita"
Purple Cat Trading LLC,2026335778,Grinning Dog Creations
"Purple Collectibles, LLC",2009302131,"Purple Collectibles, LLC"
Purple Pest Solutions LLC,2019310162,Purple Pest Solutions
Purpose Pools LLC,2021316408,PURPOSE POOLS
Purrrfect Life LLC,2020313938,Purrrfect Life LLC
"Pyek Group, LLC",2022318432; 2022318433,Cowabunga Bay
"Q Fiber, LLC",2022321219,"Q Fiber, LLC"
Q Nails 1 LLC,2025332184,Q Nails
Q's Auto House LLC,2025333376,Q's Auto Glass
Q's No Mess Power Washing Service LLC,2025332821,Q's No Mess Power Washing Service LLC
Q-rooms LLC,2014300174,Q-rooms LLC
QB Ventures LLC,2026335784,QB Financial Services
QDOBAVEGAS LLC,2017300175,QDOBA
QED Automation LLC,2022319755,QED Automation LLC
QFP Solutions & Services LLC,2025333063,QuickFix Pro
QG DRONES L.L.C,2018308405,QG Drones L.L.C.
"QUALITY MEDICAL IMAGING OF NEVADA, LLC",2015302810,"Quality Medical Imaging of Nevada, LLC"
"QUALITY ONE SERVICES, INC.",2014301367,QUALITY ONE SERVICES INC
"QUANG NGUYEN DO, PLLC",2016300421,LAS VEGAS ENDOCRINOLOGY
QUANTUMSHIFT COMMUNICATIONS,1997TC0856,QUANTUMSHIFT COMMUNICATIONS
QUIPIST FOUNDATION,2015302617,QUIPIST FOUNDATION
QUORUM OUTREACH AND RESEARCH FOUNDATION,2019312803,QUORUM OUTREACH AND RESEARCH FOUNDATION
Quadra Health LLC,2023321676,Quadra Health
"Qualey Law Group, Inc., A Professional Corporation",2020315172; 2021315688,"Qualey Law Group; Qualey, Williams O'Hara & Aikens Attorneys at Law"
"Quality Candy Company, LLC",2023322753,"Quality Candy Company, LLC"
"Quality Care Home Cleaning, Inc",2013302648,"Quality Care Home Cleaning, Inc"
Quality Cleaning Services LLC,2022320372,Quality Cleaning Services LLC
"Quality Communications, Inc.",2018307983,"Quality Communications, Inc."
Quality Corrections & Inspections Inc.,2003305392,Quality Corrections & Inspections Inc.
"Quality Event Decorators, LLC",2023323515,"Quality Event Decorators, LLC"
Quality Fire Prevention LLC,2025331971,Quality Fire Prevention LLC
"Quality Mobile Food Service, Inc.",2024329886,Quality Food Service
Quantum Enterprises LLC,2025334002,NxT LvL Hypnosis
Quantum Marketing Group LLC,2009301665,Quantum Marketing Group LLC
"Quantum Vitality Group, LLC",2026334580,Vitality Den
Quarter Circle Seven LLC,2021318213,Quarter Circle Seven LLC
"Queen Lena, Inc.",2021316248,ASAP Towing & Recovery
Queenpro Massage Ltd.,2021317415,Queenpro Massage Ltd.
Quest Diagnostics Incorporated,2005302538; 2012310542; 2017305071; 2013301961; 2014301996; 2007303685; 2015300756,Quest Diagnostics Incorporated; Quest Diagnostics
Quick Dry LLC,2018307233,Quick Dry Restoration
Quick Funding LLC,2019310745,Quick Funding LLC
"Quick Quack Car Wash Holdings, LLC",2026334542,Quick Quack Car Wash
Quick Set Inc,2001301473,"Quick Set, Inc."
QuickDraw Tactical LLC,2022320192,QDT Firearms
"Quiltique, LLC",2003301549,Quiltique
Quincy Walker,2022320194,Quincy Walker
"Quinn Stephanie Dental Group, PC",2022321025,Stephanie Dental Group
"Quintairos, Prieto, Wood & Boyer, P.A.",2023323161,"Quintairos, Prieto, Wood & Boyer, P.A."
"Qureshi/Al-Owir, PLLC",2017306126,Nevada Critical Care Consultants
R & A LLC,2022320213,The Golden Oven
"R & M Realty, Inc.",2006303690,Coldwell Banker Premier Realty
R & R Carpet Cleaning & Restoration LLC,2025332157,R & R Carpet Cleaning & Restoration LLC
"R & R Framing, Inc.",2017305725,"R & R Framing, Inc."
"R HANSEN LAW, PC",2014303042,"R HANSEN LAW, PC"
"R J Adams Group, Inc.",2011300374,Cold Stone Creamery Ice Cream
"R Marroquin, LLC",2022319235,Alexander Towing Service
R and C Pest Control L.L.C.,2015301873,R and C Pest Control L.L.C.
"R and D Healthcare, Inc",2024330777,"R and D Healthcare, Inc"
R&J Paint and Drywall LLC,2025331998,R&J Paint and Drywall LLC
R&R Landscaping and Maintenance LLC,2025333425,R&R Landscaping and Maintenance LLC
R'Jani Beauty Hub LLC,2026334727,R'Jani Eyebrow Studio
"R. BRANDON SPRAGUE, ARCHITECT, P.C.",2005305689,APTUS
"R. D. Prabhu - Lata K. Shete, M.D.'S Ltd.",2016302116,The Sleep Center of Nevada
R. Hartvigsen Insurance Agency,2019310770,R. Hartvigsen Insurance Agency
"R. R. Madness, L.L.C.",2025332527,Teriyaki Madness
"R. Tate Chauncey DMD MSD, PLLC",2024330172,Chauncey Orthodontics
R. Win Management Corporation,1999046703; 1999046702,Winchell's Pub and Grill
R.C. Willey Home Furnishings,2001300768,R.C. Willey Home Furnishings
"R.E. Michel Company, LLC",2024329734,"R.E. Michel Company, LLC"
"R.L. Young, LLC",2025332724,YA
"R.S.V.P. Party Rentals, Inc.",2022320381,RSVP Party Rentals
"RACHEM, INC.",2005302257,ACCURATE AUTOMOTIVE
RADICALLY CURLY INC.,2023321341,Radically Curly
"RAE HR Services, LLC",2024330396,RAE HR Services
RAFAEL ESTRADA,2019312440,First Quality Auto Detail
"RAGs Gun Works, LLC",2023323529,On Target Firearms Training
RAI Auto Ventures Inc.,2014302181; 2025333104,Meineke #2533; Meineke Car Care
RAI Boulder LLC,2015303293,Meineke #2530
RAI Sunset LLC,2016302823,Meineke #4075
RAI Warm Springs LLC,2021315888,Meineke #2900
"RAMBOLL US CONSULTING, INC.",2021317692,"RAMBOLL US CONSULTING, INC."
RAMESHWAR LLC,2010303309,D's Smokeshop and Gifts
RAMESHWER L.L.C.,2017305507,D's Smokeshop and Gifts
RAMJI LAL LLC,2010301112; 2013303473,AMERICAN MINI MART; American Mini Mart
RAMJI LLC.,2007301498,D'S MAIL BOX AND SMOKE SHOP
"RAPID RESPONSE MONITORING SERVICES, INC.",2013302440,"RAPID RESPONSE MONITORING SERVICES, INC."
RAR Training LLC,2025334040,RAR Training
"RARE Hospitality International, Inc.",2025333732; 2025333733,LongHorn Steakhouse #5697
"RASMUSSEN, ROCKY",1993015977,QUALITY TIME
"RASTATTER, DEBRA",2016301647,RUB-A-DUB-DUB IN DEB'S MOBILE TUB
"RBB Enterprise, LLC",2023321935,Transitions Window Fashions & Shutters
"RBM Services, Inc.",2021318017,"RBM Services, Inc."
"RBR Management, LLC",2016302189,COMMUNITY AMBULANCE
RBSM LLP,2015302683,RBSM LLP
RCIC Nevada Inc.,2008300204,RCI Engineering
"RD, LLC",2024330357,"RD, LLC"
RDI CONNECT,2017300184,The RDI Corporation
RDNZ Media LLC,2025334495,RDNZ Media LLC
REAL HENDERSON FC,2020313691,REAL HENDERSON FC
REAL PROPERTIES MANAGEMENT GROUP INC,2001301787,REAL PROPERTIES MANAGEMENT GROUP INC.
REALM AESTHETICS BY HEATHER L.L.C.,2016300269,Realm Aesthetics
"REALTY CLUB LAS VEGAS, INC.",2014301190,"REALTY CLUB LAS VEGAS, INC."
"REBECCA WARNICK CPA, PLLC",2013303034,THE WARNICK GROUP
"REBUILDING ALL GOALS EFFICIENTLY, INC.",2011303006,"REBUILDING ALL GOALS EFFICIENTLY, INC."
"RED DOG MEDIA, INC.",2009301903,"RED DOG MEDIA, INC."
"RED RIBBON BAKESHOP, INC.",2018307724,RED RIBBON BAKESHOP
"RED ROBIN INTERNATIONAL, INC.",2000055951; 2000055950,RED ROBIN AMERICA'S GOURMET BURGERS & SPIRITS
REDBEARD INSPECTIONS LLC,2015300158,REDBEARD INSPECTIONS LLC
"REDDING, YASMINE",2011301346,YAZ'S CLAY CREATIONS
REDDY ICE LLC,2015303114,REDDY ICE LLC
REDEFINE HOME GYM LLC,2021315842,Redefine Home Gym
"REDMOND ADVISORS, LLC",2016300424,"REDMOND ADVISORS, LLC"
"REEVES, BRIAN",2011302821,EXCLUSIVE WINDOW TINT
REFORMYOU LLC,2023322344,REFORMYOU LLC
"REGENT OFFICE SERVICES, INC.",2013301982,"REGENT OFFICE SERVICES, INC."
REGENT PARTNERS LLC,2017306514,Regent Partners LLC
REGHECAMPF INTERNATIONAL SOCCER ACADEMY,2018308590,Reghecampf International Soccer Academy
REGIS UNIVERSITY,2001002945,REGIS UNIVERSITY
REISS PROPERTIES LLC,2019310258,Reiss Properties LLC
"REMIS COMPUTER SOLUTIONS, LLC",2021315813,"REMIS COMPUTER SOLUTIONS, LLC"
"RENNICK PROPERTY GROUP, INC.",2019310511,"RENNICK PROPERTY GROUP, INC."
"RENT A CENTER WEST, INC.",2005305998,RENT A CENTER #00793
RENU OIL OF AMERICA INC.,2015302900,RENU OIL OF AMERICA
RESN1 L.L.C.,2021317425,Realty Executives Southern Nevada Properties
"RETD, LLC",2023322439,Serenity Nails and Skin Care
"RETHINK INK, LLC",2008300856,SKIN FACTORY
"RETRO MANUFACTURING, L.L.C.",2013303474,Retro Manufacturing
"REVELES LANDSCAPING & MAINTENANCE, LTD.",2022320780,"REVELES LANDSCAPING & MAINTENANCE, LTD."
"RG MOTORWORKS, INC.",2007300926,"RG MOTORWORKS, INC."
RG Services LLC,2023321568,RG Services LLC
RG Ventures LLC,2026335279,Thirty-One Seventeen Nutrition & Fitness
"RGIS, LLC",2015302867,"RGIS, LLC"
RICHARD HADDAD,2018307472,RH DESIGN
RICHARD L FLOYD,2017306219,Ricky L DJ
RICHARDSON WETZEL ARCHITECTS LLC,2014303133,RICHARDSON WETZEL ARCHITECTS LLC
"RICHARDSON, NORMAN",2015302888,KOOL KATZ
RIGO'S STONE L.L.C.,2020314533,RIGO'S STONE RESTORATION SERVICES
RINA LOBRILLO LLC,2019310862; 2019310863,QAWAQ SOUL
RING CENTRAL,2014303012,RING CENTRAL
RISE AND THRIVE THERAPY LLC,2021317588,RISE AND THRIVE THERAPY LLC
RISE FAMILY SERVICES,2017304946,Rise Family Services
RIVENDELL TRUST COMPANY,2018308958,Rivendell Trust Company
RJ Consolidated Projects LLC,2025333318,Run Dawg
"RJ. Home Specialist, LLC",2024329511,"RJ. Home Specialist, LLC"
"RJC Engineers, LLC",2019312000,"RJC Engineers, LLC"
"RJE, LLC",2021316962,Wagner Business Solutions
"RJJ PASADENA SECURITIES, INCORPORATED",2021317510,"RJJ PASADENA SECURITIES, INCORPORATED"
RLCKW LLC,2023322882,Inspector Bob
RLE Benefit Consulting LLC,2025333815,TruHope Financial Coaching
RMA Group,2023322818,RMA Group
RMC & S Corp.,2007304806; 2023322333,Deluxe Cleaners & Alterations
"RMR5 Nevada, LLC.",2016301028; 2016301027,Five Guys Burgers & Fries
RMS LLC,2022318991,Dri-Clean Restorations
RN Healthy Skin PLLC,2025333142,RN Healthy Skin PLLC
RNA Automotive LLC,2022319764,9th Island Automotive
RNDVU Barbershop LLC,2025333084,RNDVU Barbershop LLC
"ROBERT D. DOW, D.D.S., P.C.",2005305839,"ROBERT D. DOW, D.D.S., P.C."
ROBERT STEPHEN HEGGEN,2017305268,Ultimate Exterminators
"ROBERTS COMMUNICATIONS NETWORK, LLC",2022319450,"ROBERTS COMMUNICATIONS NETWORK, LLC"
"ROBLE, NICHOLAS C.",1997038719,ADVANCED TACTICAL SOLUTIONS
ROBYN VAN DYKE LLC,2015300591,A MAGICAL DAY
ROCHA AUTOMOTIVE L.L.C.,2019311624,ROCHA AUTOMOTIVE
ROCK PAPER PIXEL LLC,2019310039,ROCK PAPER PIXEL
ROCK SUGAR LLC,2021316968,ROCK SUGAR LLC
"ROCKIN RUNNERS, INC.",2009301489,"ROCKIN RUNNERS, INC."
ROD'S WINDOW CLEANING,2004304535,ROD'S WINDOW CLEANING
RODOLFO MONTES,2022318483,G & R TOWING SERVICES
"ROEHL, SHERRY LYNN",2015302786,T.L.C. MOBILE DOG GROOMING
ROGUE LAND CARE L.L.C.,2018308159,Rogue Land Care L.L.C.
"ROHNER, PETER ANTHONY",2015302782,ABCD COMPUTERS
"ROMAN CATHOLIC BISHOP OF LAS VEGAS, AND HIS",2006303421,ST FRANCIS OF ASSISI
"ROMAN CATHOLIC BISHOP OF LAS VEGAS, AND HIS SUCCESSORS",2007303959,St Francis of Assisi Catholic Church
"ROMANO, KIMBERLY A",2009303245,KIM ROMANO'S STUDIO 11
"RON MARCHON, INC.",2005304544,"RON MARCHON, INC."
RONALD COLEMAN,2018308872,Skyline Appraisal Group
"ROOFTOP PARTNERS, LLC",2023321885,Rooftop Realty
"ROSS STORES, INC.",1991008936,ROSS DRESS FOR LESS #236
"ROUNTREE, WENDY",2012307231,WENDY ROUNTREE PHOTOGRAPHY
"ROYAL BLUE POOLS, LLC",2016301176,"ROYAL BLUE POOLS, LLC"
"RPF Systems, LLC",2025333327,RPF Systems LLC
RPJ INDUSTRIES L.L.C.,2010301710,RPJ INDUSTRIES L.L.C.
RPM Advisors LLC,2025333333,"Farmers Insurance, RPM Insurance"
RPM Aviation L.L.C,2026335329,RPM Aviation L.L.C
RPMBA Group LLC,2026334691,Henderson Tax Service
"RRE - Global, LLC",2019312823,RRE-Global
"RSAnalysis, LLC",2023321668,"RSAnalysis, LLC"
RSG Music Schools LLC,2018309054,READY SET GIG! MUSIC EDUCATION AMPLIFIED
"RSS-NV02, LLC",2025332941,Ruby's Shake Shop
RTP Physical Therapy LLC,2025333341,RTP Physical Therapy LLC
RUAN LOGISTICS CORPORATION,2014300471,Ruan Logistics Corporation
RUBEN MONDRAGON,2007301901,DAMARIES FURNITURE
"RUCKER, CHRISTOPHER",2012310255,POOP POLICE
"RUIZ, SALVADOR BERNAL",2005304692,SAL'S LAWN CARE
"RUNNING PARTNER, A NON PROFIT CORP",2020315385,"RUNNING PARTNER, A NON PROFIT CORP"
RUSTAN DEEN & REBECCA DEEN,2014303464,DEEN GUNSMITHING
"RUSTLER INVESTMENTS, INC.",2017305355,"RUSTLER INVESTMENTS, INC."
"RW GIN MILL, LLC",2008303924; 2008303926,GIN MILL
"RW3 Investment, LLC",2020314030,Deep Action Clean
"RYAN J. GRABOW, M.D., LTD.",2008303740,Grabow Hand to Shoulder Center
RYMAR LV Appraisal Services LLC,2024330292,RYMAR LV Appraisal Services LLC
"RZENDZIAN, KAREN",2004302313,KAREN RZENDZIAN'S MUSIC STUDIO
"Racetrack Television Network, LLC",2022319756,"Racetrack Television Network, LLC"
Rachael A Holt,2026334696,Mystically Inspired
Rachel Allen Counseling LLC,2022320147,Rachel Allen Counseling LLC
Rachel Hartshorn LMFT LLC,2023322942,Rachel Hartshorn LMFT LLC
Rachel Lee,2022321122,Fam Lee Home Decor
Rachel Limited,2017304493,Rachel Limited
Rack's Apparel LLC,2024330909,Rack's
Rad Ventures LLC,2021318008,The Sculpted Belle
Radamanee Walsh,2016302085,"Walsh, Radamanee"
"Radar Medical Group, LLP",2022320086,"Radar Medical Group, LLP"
Radex Mobile Network LLC,2024331779,Radex Mobile
"Radford J. Smith, Chartered.",2025333373,Smith Jain
"Radiant Smiles, LLC",2012309421,"Radiant Smiles, LLC"
Radioactive Productions,2017306427,Radioactive Productions
Rafael A Almanza,2020314118,Almart Solutions
Rafael Corominas,2025332003,K Empanadas
Rafael Pelcastre,2017306079,Green Nation Lands-Caping
Rafiki Motors LLC,2018308419,Rafiki Motors
Raghid Kosa,2022319355,A-1 Mobile Auto Glass
"Raiders Football Club, LLC",2022319880; 2022320449,Las Vegas Raiders; Raiderettes The Studio
Raiders Way LLC,2021315821; 2024330678,Carmine's Pizza Kitchen
Raina Dodrill,2024331648,Raindrop Sourdough
Rainbow Ice LLC,2024330027,Rainbow Ice LLC
"Raising Cane's Restaurants, L.L.C.",2019310148; 2019310446; 2025332675,Raising Canes
"Rajat Sood, M.D., Ltd.",2007303055,Gastroenterology and Hepatology Institute of Nevada
Rakkii Phangse L.L.C.,2021315712; 2021315713; 2026334527,Tengoku; Kohi
"Ralph Jones, Inc.",2015302722,Ralph Jones Display
Ralph Perry,2026335160,East Coast Flavorz
Ralph S. Beck CPA Inc.,2015302652,Ralph S. Beck CPA Inc.
Ramen Factory LLC,2022320349; 2023323287; 2026334734; 2026334736,Soru Ramen Henderson #1
Ramin Zabeti,2020314905,Nevada State Liens
"Ramirez, William",2013300456; 2013300457,Willy's Hair Cut
Ramon's Landscaping Services L.L.C.,2019311451,Ramon's Landscaping Services L.L.C.
Ramona Giwargis,2024330888,Shapirta Designs
Ramos & Pardo LLC,2024331239,Impact
Rampside HQ LLC,2026335287,Rampside Aircraft Detailing
"Ranalli Zaniel Fowler & Moran, LLC",2025332421,"Ranalli Zaniel Fowler & Moran, LLC"
Randall Alan Cain & Diane Marie Cain,2018308406,R&D Precision
Randall E Williams,2013302454,Randall E Williams Photography
"Randall T. Weingarten M.D., P.C.",2007302173,Randall T. Weingarten M.D.
"Randy H Milmeister, LLC",2025332957,Las Vegas Realty & Probate
Ranieri Enterprises LLC,2020313422,ORIGINAL BREATH BUILDER
Rapid Capture Media LLC,2026335642,Rapid Capture Media LLC
Rapid Reset Cleaning LLC,2026335469,Rapid Reset Cleaning LLC
"Rapid Response Monitoring Services, Inc.",2022318536,"Rapid Response Monitoring Services, Inc."
Rapid Roadside LLC,2025332950,Rapid Roadside
Rascal L.L.C.,2014302074,Woof Gang Bakery
Raul Suarez,2025332805,"Suarez, Raul"
Ravencrest LLC,2019310404,Sonny's Auto Repair
Ray Campbell,1995035482,Future Productions
Raymond Gene Forsythe,2025333356,RHS
"Raysco, Inc.",2011302640,"Raysco, Inc."
ReVove Therapeutics LLC,2026335042,ReVove Therapeutics LLC
Ready For Therapy LLC,2025332881,Ready For Therapy
Reagan National Advertising of Nevada Limited Partnership,2018308297,Reagan National Advertising of Nevada Limited  Partnership
"Real Broker, LLC",2026335742,"Real Broker, LLC"
Real Estate One LLC,2015300274; 2012309428,REO Property Services; Real Estate One LLC
Real T Home Inspections LLC,2020314231,Real T Home Inspections LLC
"Realty One Group, Inc.",2012300006,"Realty One Group, Inc."
"Realty Pest Services, Inc",2005305477,"Realty Pest Services, Inc"
Realty Pros. LLC,2022320312,Realty Pros.
"Realty Systems Nevada, Inc.",2018307207; 2017305664,"Realty Systems Nevada, Inc."
Reb Soccer Academy LLC,2022319627,Reb Soccer Academy LLC
"Reba Labat Agency, LLC",2021318145,"Reba Labat Agency, LLC"
Rebarchick Real Estate LLC,2018309463,"Refined Living, A Real Estate Brokerage"
Rebecca Bang,2016300217,Power Play Realty
Rebecca Booth,2022319347,Luscious Earth Creation
Rebecca Campos,2026335704,Summit Sun Co.
Rebecca Collett,2022321082,RCC Consulting
Rebecca D Ruggieri,2026335537,Whimsical Mosaics
Rebecca Jane Canfield,2026336065,Mystic Massage
Rebecca Jo Johnson,2023321543,"Johnson, Rebecca Jo"
Rebecca Joann Murphy,2025333799,Sargent Cleaning Services
Rebecca Lynne Ruby,2025332051,Cuddle Creations
Rebecca Nicole Sanchez,2025332143,"Sanchez, Rebecca Nicole"
Rebekah Lynn Campos,2025332561,R & R Nevada Insurance Group
Rebekah Misso,2025332009,Becky Misso Art
Rebellion Pizza LLC,2021315957; 2021315956; 2026336013,Rebellion Pizza; Rebellion Market
Reclaim Records Inc.,2006303853,Reclaim Records
Recon One LLC,2026336091,Recon One Protective Service and Firearms Training
"Recovery Network of Nevada, Inc.",2026334577,"Recovery Network of Nevada, Inc."
"Recreational Equipment, Inc.",2004302150,REI
"Red Bull Distribution Company, Inc.",2015303186,"Red Bull Distribution Company, Inc."
Red Lobster Hospitality LLC,2014303459; 2014303460,Red Lobster #6257
Red Panda LLC,2020314027,Meridian Financial
"Red Riderz, Inc.",2024331425,"Red Riderz, Inc."
"Red Robin International, Inc.",2005305588; 2005305589,Red Robin America's Gourmet Burgers & Spirits
Red Rock Home Inspections LLC,2025332396,Red Rock Home Inspections LLC
Red Rock NV Ventures LLC,2025333694,Rebel Automotive
Red Rock Repairs LLC,2026336181,Red Rock Repairs
Red Select LLC,2026336199,Red Select LLC
Red Wolf Resources LLC,2012300981; 2012300980; 2012300982,M Convenience
RedGator Tree Trimmin' and Landscape LLC,2024330089,RedGator Tree Trimmin' and Landscape LLC
RedMoleLV LLC,2023322770,El Fuego Picante
Redbush's wash and wax LLC,2024330239,Redbush's wash and wax
Redeavor Sales LLC,2025332954,Redeavor Sales LLC
RedsCo Tools LLC,2022320362,RedsCo Tools LLC
Redwood Warehouse LLC,2017300454,TOTAL HERB CARE
Reem Afifi,2025332422,Studio Rai
"Referral Pro Group, LLC",2025333750,"Referral Pro Group, LLC"
"Refine Direct Primary Care, PLLC",2025331960,RefineDPC
Refined Fitness Inc LLC,2025332480,Refined Gym
Refrigeration Supplies Distributor,2024331832,Refrigeration Supplies Distributor
"Regal Cinemas, Inc.",2001301710; 2015303340,Green Valley Ranch Stadium 10
Regal Hospice Inc,2025331977,Regal Hospice Inc
Regal Repair LLC,2025332640,Regal Repair
RegenCell Therapy LLC,2021316729,Optima Wellness Center
Regeneration Enterprises Incorporated,2021317755,MY LIFE ARCHIVES
Regenesis Elite Center PC,2026335270,Regenesis Elite Center PC
"Reggie Burton Communications, LLC",2011300162,RB Group
"Regus Management Group, LLC",2008300678; 2014300789; 2007303487; 2024330615; 2025334041,"Regus Management Group, LLC"
Rehab Rally LLC,2024330627,Rehab Rally LLC
Rehicos International LLC,2024330110,Rehicos International LLC
"Rehrer Orthodontics, PC",2005306541,Galleria Orthodontics
"Reid, Michael, Sr",2005304835,Reid & Sons Janitorial
ReimburseRPM LLC,2025332215,ReimburseRPM LLC
Rejuven Health LV,2024330109,Rejuven Health LV
"Rejuvenate Mind, Body & Skin, LLC",2024330044,Elevated
"Relentless Drafting, LLC",2022320054,"Relentless Drafting, LLC"
Reliable Care Registry Corp.,2019311256,Reliable Care Registry Corp.
Reliable Cleaning LLC,2022319354,Reliable Cleaning LLC
"Reliable Home Inspections, LLC",2019312589,"RELIABLE HOME INSPECTIONS, LLC"
"Reliable Landscaping, LLC",2025333986,"Reliable Landscaping, LLC"
"Reliable Towing, LLC",2022319835,Reliable Towing
Reliable and Ready Consulting and Training LLC,2026335765,Reliable and Ready Consulting and Training LLC
Reliance Communications INTN'L,1997TC0834,Reliance Communications INTN'L
"Reliant Cap VII - Portofino, LLC",2014302716,Portofino Apartments
Reliant Coffee LLC,2024330629,Reliant Coffee
Reliant Fall Prevention LLC,2026335703,Reliant Fall Prevention LLC
Reliant Physicians Kumar PLLC,2025334078,Reliant Health Primary & Wellness Care
Remarkable Aesthetics LLC,2025333372; 2025333374; 2025333696,Remarkable Aesthetics
Remine Capital LLC,2024330312,Remine Capital LLC
"Remington Canyon Apartments, LLC",2006302431,"Remington Canyon Apartments, LLC"
"Removery, LLC",2022321204,Removery
"Renaissance Music Academy, Inc.",2010302997,"Renaissance Music Academy, Inc."
Renato G Alvarez & Veronica I Alvarez,2024330993,My Window Cleaners
"Renditions, LLC",2024329945,"Renditions, LLC"
Rene Alfonso Sandoval,2025332565; 2025332566,Outpost Mail and Copy
Renegade Pest Inc,2025332262,Renegade Pest Control
Renegade Technologies LLC,2023321934,Renegade Technologies LLC
Renew Martial Arts LLC,2025333960,Renew Martial Arts LLC
Renewed perspectives therapy LLC,2023329228,Renewed perspectives therapy LLC
Renovation Painting LLC,2025331938,Renovation Painting LLC
Rent Ready Home Care LLC,2025334212,Rent Ready Home Care LLC
Rent a Grandma LV LLC,2025331978,Rent a Grandma LV
Rent a Tent LLC,2023321999,Rent a Tent LV
Renta-dress and Tux LLC,2026335491,Renta-dress and Tux LLC
"Renters Warehouse Nevada, LLC",2017305361,Renters Warehouse
"Rentokil North America, Inc.",2025333266; 2025333762,Terminix; Target Specialty Products
Repair Stop LLC,2025332464,Device Docs
Rescue Pebble LLC,2020313548; 2020313547,Posare' Salon
Rescue Towing LLC,2024330448,Rescue Towing
"Reservation Recovery, LLC",2023322841,"Reservation Recovery, LLC"
"Reset Your Life, LLC",2014301523,"Reset Your Life, LLC"
Resilience Mind and Wellness Clinic PLLC,2025332804,Resilience Mind and Wellness Clinic PLLC
Resilient Minds On The Front Lines Inc,2022318746,"Resilient Minds On The Front Lines, Inc"
"Resilient Psychiatric Services, PLLC",2026334779,Resilient Psychiatry
Resolute Consulting LLC,2024330933,Resolute Consulting LLC
Resolute Wealth Advisors LLC,2026334856,Resolute Wealth Advisory
Resonera Studio LLC,2025333126,TeraCMusic
Rest Days LLC,2026335328,Rest Days
Restaurant Equipment Services LLC,2025332587,Restaurant Equipment Services LLC
"Restaurant Technologies, Inc.",2025332813,"Restaurant Technologies, Inc."
Restore Henderson - Green Valley LLC,2023321277,Restore Hyper Wellness
Restore Robotics LLC,2025332856,Restore Robotics LLC
"Results By Dina, LLC",2023322865,"Results By Dina, LLC"
Results Martial Arts Henderson LLC,2022321245,Results Martial Arts Henderson LLC
"Results Unlimited Fitness, Inc.",2024330592,Real Results Fitness
Retail Management U.S.A.,1999046553,Arms USA
Retail Print Group LLC,2026335433,Retail Print Group LLC
Retail Royalty Company,1999048058; 2022320737; 2024330107,American Eagle Outfitters #421; AERIE by American Eagle #3867; Offline #3867
"Rethink Therapy, LLC",2015300365,Rethink Therapy
"Retina Consultants of Nevada, LLP",2005305685,"Retina Consultants of Nevada, LLP"
"Retreat Psychiatry & Wellness, PLLC",2024331559,"Retreat Psychiatry & Wellness, PLLC"
Retro City Games L.L.C.,2023322371; 2023322735,Retro City Games
"Retrobelt USA, L.L.C.",2014300204,"Retrobelt USA, L.L.C."
"Revelli Real Estate, Inc.",2024331746,Keyrenter Property Management Las Vegas Southeast
Reverent Hospice Care Inc,2023322474,Reverent Hospice Care Inc
Revive Auto Specialists Inc,2024330152,RFX Automotive
Revive Men's Hair Clinic LLC,2025334137,Revive Men's Hair Clinic LLC
Revive Restore LLC,2025334329,United Water Restoration Group of Henderson
"Revolution Engineering, Inc.",2022320938,"Revolution Engineering, Inc."
"Revolution Health, LLC",2021317192,"Revolution Health, LLC"
Revvow LLC,2026334985,Revvow LLC
Rexpress LLC,2026335879,Rexpress LLC
"Reyes Coca-Cola Bottling, L.L.C.",2015303101,"Reyes Coca-Cola Bottling, L.L.C."
Reynaldo Fong,2025332681,Armstrong Services
"Reyzelman Nevada, PLLC",2025333954; 2026334544; 2026334547,Nevada Foot & Ankle
Rezella L McDonald,2018306901,Mcdonald Bookkeeping Services
"Rhapsodielle, Inc.",2011303172,Rhapsodielle
Rheumatoid Arthritis Coach LLC,2020314061,Rheumatoid Arthritis Coach
"Rhino Staging, LLC",2024331571,"Rhino Staging, LLC"
Ricardo Benavente,2026335025,Island Love bbq
Rice's Auto Repair LLC,2023322721,Rice's Auto Repair
Rich & Famous,2009300218,Rich & Famous
Rich Goplin,2020313294,"GOPLIN,RICH"
Richard A Drew & Christine R Drew,2019310787,DREW'S YARD MAINTENANCE
Richard A Losco,2021317845,"Losco, Richard A"
Richard A. Carlson,2007301641,Carlson Appraisal Service
Richard Alex Tree Services LLC,2024330773,Richard Alex Tree Services
Richard B Paul,2026336131,Precision Home Repair
Richard George Hanson,2024330785,Generations Wealth Management Group
Richard Keith Holbert,2023321585,Richard Keith Holbert
"Richard L. Peel, LTD.",2007301929,"Richard L. Peel, LTD."
Richard Lucero,2006300530,Bugworks Pest Control
Richard M Wofford,2024331739,Richard's Yummy Zucchini Bread
Richard Mbariket,2026334610,Richard Mbariket
"Richens Dentalcare, Inc., A Professional Corporation",2007302145,Complete Dental Care
Richmond Lopp,2025332453; 2025332454,Virgo Moon
Rick Bobic,2010302262,"Bobic, Rick"
Rick Engineering Company,2018308781,Rick Engineering Company
"Ricoh USA, Inc.",2022320216,"Ricoh USA, Inc."
Rieger Creative Studio LLC,2025333713,Rieger Creative Studio
Riggs CPA LLC,2026334776,Riggs CPA LLC
"Right Start Mortgage, Inc",2023322764,"Right Start Mortgage, Inc"
Rina C Williamson,2021317515,Otavalo's Craft
Rio Secco LLC,2017305365; 2019311294,Rio Secco Golf Club
Rise & Beast,2025334164,Rise & Beast
Rise and Rebel Bakehouse LLC,2026335662,Rise and Rebel Bakehouse LLC
Rise to Shine LLC,2026334859,Rise to Shine
"RiserFit NV, LLC",2025333523; 2025333563,Club Pilates Green Valley; Club Pilates Henderson
"Risk Services-Nevada, Inc.",2014303132,"Risk Services-Nevada, Inc."
Rita Schaefer,2005305534,Piano Magic School
Ritchie McNeely's LLC,2018307341; 2018307339,The Oak Room
Ritz Safety LLC,2011302017,Ritz Safety LLC
"River City Petroleum, Inc.",2000057489,"River City Petroleum, Inc."
Road-Dogs-Cycles LLC,2019312231,Road-Dogs-Cycles
RoadRunner Consultants LLC,2024331323,RoadRunner Consultants LLC
"Roadrunner Home Service, LLC",2023323513,"Roadrunner Home Service, LLC"
"Robert A. Fielden, Inc.",2007304684,RAFI Architecture and Design
"Robert A. Gatlin, M.D., P.C.",2017305989,Nevada Women's Care
Robert Anthony Nevarez Sr.,2022320696,"Robert A. Nevarez, Police Practices Consultant"
Robert Eugene Fitzpatrick,2022319791,Vegas Shirt Printing
Robert Eugene Gastellum,2022320404,Primerica
Robert John Veatch,2012301201,ROMAC
Robert Kenneth Ashworth Private Foundation,2021316316,ROBERT KENNETH ASHWORTH PRIVATE FOUNDATION
"Robert M. Yeh, M.D., P.C.",2019311750,"Robert M. Yeh, M.D., P.C."
Robert McCullough & Gaylynn McCullough,2019312357,RNG Streaming
Robert Patrick Furtado Lum Jr.,2024329479,First Class Building & Remodeling
"Robert Pham, D.D.S., A Professional Corporation",2006303862,Ace Dental
Robert Polasky,2000057564,Robert Polasky Agency
Robert Rocky Moio,2023321776,Rocky's Restorations
Robert Shahan,2002304997,Sure-Fit Dental Lab
"Robert Toledo, D.O., LTD.",2006302645,Henderson Wellness & OB/GYN Medical Center
Roberta J DeBuff,2021318091; 2021318092,AUTHENTIC ALCHEMIST; Authentic Alchemist
Roberta Joseph,2026336261,Selenite and Sound
Roberto Haro,2010301883,Robert's Landscape Pool Maintenance
"Roberts, Eddie",2015303651,CDI Studios
"Robertson's Ready Mix, LTD., A California Limited Partnership",2019310690; 2019310691,Robertson's Ready Mix
"Robertson's Transport, LTD., A California Limited Partnership",2019310841,Robertson's Transport
Robin C Thomas,2022318422,3DPRINTITION
"Roc Title, LLC",2017305447,Roc Title
"Roccanello Window Film, LLC.",2026335244,"Roccanello Window Film, LLC"
"Rocheleau Law Group, A Professional Corporation",2022318715,Right Divorce Lawyers
Rochelle Spears,2015303760,The Scraproom
Rock Star Training LLC,2024331243,Rock Star Training LLC
RockStar Restoration LV LLC,2023321820,RockStar Restoration LV LLC
"Rocket Close, LLC",2022318892,"Rocket Close, LLC"
"Rocket Mortgage, LLC",2026335429,Rocket Mortgage
Rocket Singhs Inc.,2016302370,Smokes & Vapors 6
"Rockstar, LLC",2023321370; 2023321571,Rockstar LLC
Rocky T's. Inc.,2002300855,Rocky T's. Inc.
Rodolfo Janeo LLC,2016301091; 2016301281,Black Mountain Griddle
"Roger Wenthe, PLLC",2020314859,"ROGER WENTHE, PLLC"
Rokin Inc,2020314900,Rokin
"Rolling Frito-Lay Sales, LP",2025333240,"Rolling Frito-Lay Sales, LP"
Rolling Roast LLC,2025333913,Rolling Roast LLC
Roma Gelato LLC,2026335395,Roma Gelato
Romano Mercato Italiano LLC,2021316044; 2022319002,Romano Mercato Italiano LLC
Romero Law LLC,2020313737,Romero Law LLC
"Romo D & D, LLC",2022320408,"Romo D & D, LLC"
"Ronald C. Koe, M.D., LTD.",2006300504,Green Valley Orthopedics
Ronald Dean Martinez,2024331007,Martinez Handyman Services
Ronald R Cooper,2019310125,Cornerstone Home Inspections
Ronald Wayne Papka,2020313256,Southwest Coast Process Service
Roni L Deutch,2024329489,"Deutch, Roni"
"Ronin Medical, LLC",2025333066,Ronin Medical
Ronin Vitality LLC,2025333064,Ronin Vitality
Ronnie Young,2018307643; 2022320293; 2020312970,Airborne Firearms Training Academy; Young Enterprises; BLS Training Center
Rony-Nichole Quintana,2026335363,Lucera Letters
Room Revival LLC,2025334519,Room Renew Cleaning Services
"Rooster Philben, Inc.",2012300082,Stout Management Company
Roots Landscape Maintenance LLC,2019312369,Roots Landscape Maintenance LLC
Rosa Morales,2025333714,Rosa Morales Cleaning
Rosabelle Benito-Dumo,2024330376,rlbd Ceramics
Rosas Pest Control LLC,2021316937,ROSAS PEST CONTROL
RosePoint Data Strategies LLC,2025333845,RosePoint Data Strategies LLC
"Roseman Medical Research Institute, LLC",2024331540,Roseman Medical Group
"Roseman University of Health Sciences, A Nevada Non-Profit Corporation",2025334133,RUHS - College of Dental Medicine - DMD Clinic
Rosenblum Law Offices A Professional Corporation,2025333925,Rosenblum Allen Law Firm
Rosio I Dominguez,2019312576,Rosio I Dominguez
Rosland Capital LLC,2020314269,Rosland Capital LLC
"Ross Dress For Less, Inc.",2009302262; 2023322409,"ROSS DRESS FOR LESS; Ross Dress For Less, Inc."
"Rothwell-Gornt #1, LLC",2025333332,Rothwell Gornt Companies
"Roulias Consulting, LTD.",2006304478,"Roulias Consulting, LTD."
Route Runners LLC,2021315720,Route Runners LLC
"Rowan, Inc.",2023322891,"Rowan, Inc."
Rowhouse Henderson LLC,2024330053,Row House Henderson
Roxanne V Story,2026335196,Antara Wisdom
Royal & Miles LLP,2012309887,Royal & Miles LLP
"Royal Flush Services, LLC",2025332896,"Royal Flush Services, LLC"
Royal Goddess Ink LLC,2026336347,Royal Goddess Ink LLC
Rubi LLC,2024331321,702 Churros & More
Ruby Cordova,2021317465,DJ Ruby Tuesday
Ruby Red Slippers Project,2016301393,Ruby Red Slippers Project
Rudy International LLC,2023321863,Rudy International LLC
Ruff Cuts Mobile Grooming LLC,2023322619,Ruff Cuts Mobile Grooming
Russell Alan Katzman,2024331509,Progeny Coaching & Consulting
Russell Ivan Arnold II LLC,2022320636,Russell Ivan Arnold II LLC
"Rustguy, Inc.",2019311823,"Rustguy, Inc."
"Rustic Baker, LLC",2025333575,"Rustic Baker, LLC"
Rustic Barn Co LLC,2022320274; 2022320648,And A Beer; Bonfire Grill
Rusty Day,2024330015,One Day Fitness Repair
Ruth Banks,2021317671,Ruth Banks Interiors
Ruth D Kerce,2002301182,"Kerce, Ruth D"
Ryan Carter,2021317573,ZUZIMS
Ryan Dale Anderson,2019312293,The Rebel Den
Ryan Holbert,2021316980,Action Preventative Maintenance
Ryan Kronbetter | Architect PLLC,2023323284,RKA PLLC
"Ryan Labuz, D.O., PLLC",2019310132,HENDERSON DIRECT PRIMARY CARE AND CONCIERGE MEDICINE
"Ryan M. Cuen, Ltd.",2026334987,"Law Office of Ryan M. Cuen, Ltd."
Ryan Schmall,2025333530,Ryan Schmall
Ryan Wechta,2021317981,"Wechta, Ryan"
Ryugamine Dojo LLC,2024330689,Makiba Dojo
S & K CONSULTANTS LLC,2020314493,SBI CENTER
"S AND S KIM GROUP, PC",2008300103,Brighton Family Medicine
S Beauty LLC,2025333024,S Beauty Institute
S Honest Physical Therapy LLC,2024330345,The Honest Approach Physical Therapy
"S&B Christ Consulting, LLC",2021315952,"S&B Christ Consulting, LLC"
S&H Endeavors LLC,2021317443; 2023323568,Wetzel's Pretzels
S&H LLC,2023322754; 2023322755,Meat Salon
S&P Hospitality LLC,2021317073; 2023321993,Charm Thai Kitchen and Coffee
"S&S Fuels Management, LLC",2021317173; 2012300910; 2012300911; 2012300913; 2012300914; 2012300915; 2012300912,7-Eleven Store #39603; 7-Eleven Store #39602
S&S PLLC,2024331002,M Studio
S&S Wholesale Arms LLC,2021316824,S&S Wholesale Arms LLC
"S-Net Communications, Inc",2020313763,"S-Net Communications, Inc"
"S. Huang, DDS, PLLC",2020313201,Henderson Oral Surgery and Dental Implant Center
"S.A.F.E. HOUSE, INC. (STOP ABUSE IN THE FAMILY ENVIRONMENT)",2010302670,S.A.F.E. HOUSE
S1 RCT PLLC,2025332818,Nevada Endodontics
S1 Truck Rentals LLC,2022320025; 2024330395,S1 Truck Rentals LLC
S1N LLC,2020313698,S1N LLC
S2 Civil Inc,2025333054,S2 Civil Inc
S2 Design Studio,2010302406,S2 DESIGN STUDIO
"SAAB, ABDULLAH",2011302871,ANYTIME LOCKSMITH
"SAFELITE FULFILLMENT, INC.",2008302180,Safelite Autoglass
SAGA FAMILY FOODS LLC,2013303086,Sal's Pizza
SAGE PILATES AND WELLNESS LLC,2014303445,SAGE PILATES AND WELLNESS LLC
SAGICAP LLC,2023322974,Axcel Ship and Print
"SAGRANICHNE, AARON",2012309514,JWA BOOKS
"SAGUIBO, DANIEL",2015303418,"SAGUIBO, DANIEL"
"SAINT ANDREWS RENAISSANCE GUILD, INCORPO",2001300892,"SAINT ANDREWS RENAISSANCE GUILD, INCORPO"
SAINT PAUL'S CHARISMATIC EPISCOPAL CHURCH,2008304218,SAINT PAUL'S CHARISMATIC EPISCOPAL CHURC
"SALAMONE, ROBERT",2005303694,BOBS TRANSMISSION & AUTO
SALES LOGIC LLC,2022320612,Sales Logic LLC
SALON BLUSH,2019311446; 2019311447,Salon Blush
"SALON MI, LLC",2023322895,Salon MI
"SAMEERA SBAIH, MD, PROF.CORP",2009303401,Advanced Family Medicine
"SAMUELSON, ALEXIS E",1997039520,CURTAIN CALL
"SANCHEZ, GABRIEL",2018307367,Aloma Handyman Services
"SANSONE'S INDEPENDENT HONDA & ACURA SERVICE, INC.",2000057349,SANSONE'S INDEPENDENT HONDA & ACURA SERV
"SANTA'S HELPERS, INC.",2005300653,"SANTA'S HELPERS, INC."
"SB Search Partners, LLC",2025332440,"SB Search Partners, LLC"
"SBC Long Distance, LLC",1997TC0801,"SBC Long Distance, LLC"
SBGA Inc,2020313323,Small Business Growth Alliance
"SBM MANAGEMENT SERVICES, LP",2020315007,"SBM MANAGEMENT SERVICES, LP"
"SBR Transmission, Inc.",2004303354,AAMCO Transmissions
SBS Partnership,2019310702,Britta Leigh Designs
SC Luxe Collection LLC,2026335046,SC Luxe Collection LLC
SC SP 4 LLC,2013302229; 2013302232,WILDFIRE ANTHEM; Wildfire Anthem
"SC Taverns, LLC",2024330973; 2024330975,Second Chances Tavern
"SCA Design, LLC",2016302980,SCA Design
"SCAN Health Plan Nevada, Inc.",2025332594,SCAN Health Plan
SCHILLING NUTRITION LLC,2019310721,SCHILLING NUTRITION LLC
"SCHNEIDER, STEPHEN",1998039779,Smells like Fish Tours
SCHOOL OF PUCK LLC,2020314711,School of Puck LLC
"SCHUETTE, DARLENE",1990007635,United Machine & Tool
SCHWOB ACOUSTICS INC.,2020313657,SCHWOB ACOUSTICS INC.
SCORE FOUNDATION,2011303214,SCORE FOUNDATION
"SCOTT L. BORDELOVE, LTD.",2006301135,THE BORDELOVE GROUP
SCT Union Village LLC,2025333719; 2025333720,Seventy Six Tavern Union Village
"SDB MTN West Partners, LLC",2023322015,Anthem Pediatric Dentistry
"SDC Ventures I, LLC",2026336067,Sourdough & Co.
SDLV VEGAS LLC,2025332678,Gretchen's Hallmark
"SDMI Limited Partnership, A Nevada Limited Partnership",2006302954; 2006302853; 2017305171,Steinberg Diagnostic Medical Imaging
SDZ Enterprise LLC,2024329879,SDZ Consulting
"SEARS, CAROLE",2008303855,"SEARS, CAROLE"
"SECURE INDEPENDENCE, INC.",2001002487,"SECURE INDEPENDENCE, INC."
"SECURITAS SECURITY SERVICES USA, INC.",2022320017,"SECURITAS SECURITY SERVICES USA, INC."
"SECURITIES LITIGATION SUPPORT, LLC",2006302110,"SECURITIES LITIGATION SUPPORT, LLC"
"SECURTECH, LLC.",2007300964,NEXTGEN MONITORING
"SELECT ADJUSTERS, LLC",2022320791,Select Adjusters
SELF DIRECTED IRA LLC,2015300523,SELF DIRECTED IRA LLC
SENIORS TO THE RESCUE,2013301842,SENIORS TO THE RESCUE
"SENNE, WILLIAM R",2005304658,Mow Masters
SERVELLON LANDSCAPING MAINTENANCE INC,2013302251,SERVELLON LANDSCAPING MAINTENANCE INC
"SF Markets, LLC",2014301484; 2014301199; 2014301483; 2014301200; 2023323025; 2023323026,Sprouts Farmers Market; SPROUTS FARMERS MARKET
"SFERRAZZA, MARIO",2013300756,MARIOS HANDYMAN SPECIALIST
SG Retirement Planning LLC,2024330915,SG Financial
"SG Western, Inc.",2023323261,"SG Western, Inc."
"SGB Judge II, Inc.",2024331863; 2024331864,7-Eleven Store #29636F
"SGB Judge, Inc.",2021317357; 2021317358,7-Eleven Store #13700F
"SHAFT, ROBERT",1994028906,"SHAFT, ROBERT"
SHAKE IT UP EVENTS LLC,2013301984,SHAKE IT UP EVENTS LLC
"SHANA SINGER D.C., P.C.",2009302708,SINGER CHIROPRACTIC
SHANNON GARCIA,2017305988,Reflections Real Estate Group
SHARPE SERVICES LLC,2023321647,SRC Anthem
SHC Services Inc.,2023321960,Supplemental Health Care
SHE Global LLC,2026335197,SHE Global
SHENGDA LLC,2015303861; 2015303862,OHJAH JAPANESE STEAKHOUSE SUSHI & HIBACH; OHJAH JAPANESE STEAKHOUSE SUSHI & HIBACHI
"SHERWOOD MANAGEMENT CO., INC.",2018307625,Daniels Jewelers #318
SHIMER ZACH LLC,2016300090,"SHIMER ZACH, LLC"
SHINE FOUNDATION,2017300251,SHINE FOUNDATION
SHIRTZ LOGOZ & PROMOZ LLC,2019312121,SHIRTZ LOGOZ & PROMOZ LLC
"SHOP247.COM, INC.",2014302901,GOLF OUTLETS OF AMERICA
"SHR Foods, LLC",2019310030,KFC
SIDE YARD LLC,2017306186; 2017306187,Side Yard LLC
"SIEBERT, JILL",2005304857,S.O.S. HOUSE CLEANING
"SIENA CABINETS, INC.",2022318961,"SIENA CABINETS, INC."
SIENA HEIGHTS SURGERY CENTER LLC,2014302925,Siena Heights Surgery
"SIERRA CONSULTING STRUCTURAL ENGINEERS, LLC",2005305308,"SIERRA CONSULTING STRUCTURAL ENGINEERS,"
SIERRA NEVADA COLLEGE,2006300170,SIERRA NEVADA COLLEGE
"SIERRA TRANSPORTATION & TECHNOLOGIES, LLC",2022319260,"SIERRA TRANSPORTATION & TECHNOLOGIES, LLC"
"SIGMUND, RANDY",2006301670,STARLIGHT JANITORIAL
"SILSAM, INC",2015303155,Rebel Party Rentals
"SILVER BULL PRINTING & GRAPHICS, LLC",2019310925,"SILVER BULL PRINTING & GRAPHICS, LLC"
SILVER EAGLE LOCKSMITH INC.,2012306717,SILVER EAGLE LOCKSMITH
SILVER SAGE WELLNESS LLC,2022318744,SILVER SAGE WELLNESS LLC
SILVER STATE CONSULTING INTERNATIONAL,2005305311,THOMASON CONSULTING ENGINEERS
"SILVER STATE MATERIALS, LLC",1800039815,Calportland Company
SILVER WOLF MANAGEMENT LLC,2018309538,SILVER WOLF MANAGEMENT LLC
"SILVERSTEIN, HELENE M",2016300569,"SILVERSTEIN, HELENE M"
"SILVIA'S LANGUAGE MINISTRIES, INC.",2011302062,"SILVIA'S LANGUAGE MINISTRIES, INC."
"SIMMONS GROUP NEVADA, LLC",2018309467,"SIMMONS GROUP, LLC"
"SIMPLE CREMATION, INC.",2015302413,SIMPLE CREMATION
SIMPLIFY TECHNOLOGY CHARITABLE TRUST,2016300504,SIMPLIFY TECHNOLOGY
SIN CITY LIQUOR INC.,2008302311; 2008302310,SIN CITY LIQUOR
"SINES, WYATT",2014301608,SINES INSURANCE AGENCY
"SINGER, STEPHEN",2011301314,ALL HENDERSON HANDYMAN
SISTAHS S.T.R.O.N.G. INC,2015301191,SISTAHS S.T.R.O.N.G. INC (322)
SJ Management Inc,2021316609,Somisomi Soft Serve & Taiyaki
SJ Townsend Business Advisors LLC,2026336250,SJ Townsend Business Advisors LLC
SJS Management Corp,2022321191,Jack in the Box #7282
"SK Arena, LLC",2022319617,"SK Arena, LLC"
SK Security LLC,2024331316,SK Security LLC
"SK Specialties, LLC",2025332249,"SK Specialties, LLC"
SK Team LLC,2022319624,Henderson Silver Knights
SKELLY PEST CONTROL LLC,2012310191,SKELLY PEST CONTROL
SKIN SPA BOUTIQUE LLC,2019311205,SKIN SPA BOUTIQUE
SKIN THERAPY PLLC,2022320924,Skin Therapy PLLC
SKIWI Rentals LLC,2017304611,Skiwi Water & Wheels
"SKWB OPCO, LLC",2017306607; 2017306606,Goldmine Tavern
SKY HIGH MARKETING INC,2020313565,SKY HIGH MARKETING INC
SKYPE COMMUNICATIONS US CORPORATION,2015301921,SKYPE COMMUNICATIONS US CORPORATION
SKYRYE LLC,2016301029,SKYRYE LLC
SKYVIEW LV LLC,2019312603,SKYVIEW LV LLC
SLA Management Inc,2025333297; 2025333302,SLA Management Inc
"SLEE, JOHN",2016301875,TEAM DREAMIN HANDYMAN SERVICES
SLM Numbers LLC,2023321927,SLM Numbers LLC
"SLNJ Enterprises, Inc.",2005300422,Green Valley Kumon
SLO LIVING LLC,2011302666,BUNIONBOOTIE.COM
SLP TACER Operating LLC,2025333864,SLP TACER Operating LLC
SLR Consulting LLC,2022320526,SLR Consulting LLC
SLRR CORP,2004300052,COMMUNITY PARTNERSHIPS
SM Events LLC,2025334517,Social Mocktails LV
SM Silver Maintenance LLC.,2019309798,SM Silver Maintenance LLC.
"SMART VENDING SERVICES, LLC",2008303254,"SMART VENDING SERVICES, LLC"
"SMI Imaging, LLC",2019310902; 2018309291; 2024330190,SimonMed Imaging - Coronado; SimonMed Imaging-Henderson; SimonMed Imaging - Seven Hills
SMJAG UV LLC,2023322632,Koibito Poke
SMOGEEZ LLC,2019311004,SMOGEEZ LLC
"SMOK'N HOT VAPORS, LLC",2017300354,SMOK'N HOT VAPORS
SMP Handyman Services LLC,2023322419,SMP Handyman Services
SNF Polydyne,2026335727,Polydyne Inc.
SNL TMAD Horizon LLC,2024331423,Teriyaki Madness
SNL TMAD Stephanie LLC,2024331424,Teriyaki Madness
SNL Venture LLC,2017306390,Jimmy Johns
"SNPG - Henderson, LLC",2018309098; 2018309099,Henderson Harley-Davidson
SNS Transportation Services Inc.,2015300118,American Transportation Services
SNYDER'S INC,2015303147,SNYDER'S BEVERAGE
"SOLAR TRANSPORTATION, INC.",2019310712,"SOLAR TRANSPORTATION, INC."
"SOLERA AT ANTHEM COMMUNITY ASSOCIATION, INC.",2010300783,SOLERA AT ANTHEM COMMUNITY ASSOCIATION
SOLID STATE ELECTRIC LLC,2014302412,SSE MONITORING
"SOLOMON CONSULTING SERVICES, INC",2008301171,SOLOMON CONSULTING SERVICES INC.
SONEPCO FEDERAL CREDIT UNION,2007301645,SCE FEDERAL CREDIT UNION
"SONGS DENTISTRY, A PROFESSIONAL CORPORATION",2006303705,PREMIER DENTAL CARE
SONS OF UNION VETERANS OF THE CIVIL WAR,2007301463,SONS OF UNION VETERANS OF THE CIVIL WAR
"SONU R. BHATIA, M.D., PROF. CORP.",2005306475,ANTHEM HILLS MEDICAL CENTER
SONV Properties & Management,2021316433,SONV Properties & Management
"SOR Schools II, LLC",2025334417,School of Rock Green Valley
"SORENSEN, CONRAD",1998040068,GRASSROOT ENTERPRISES OF TESLA
"SOROS, LLC",2007304722; 2007304723,Pinkaow III Thai Restaurant
SOS Gunworks L.L.C.,2024331777,SOS Gunworks L.L.C.
"SOS Lawn Service Maintenance, LLC",2019312759,"SOS Lawn Service Maintenance, LLC"
SOS PROPERTY RESTORATION LLC,2019311688,SOS PROPERTY RESTORATION
SOS WAX STR LLC,2023323484,Sos Wax
SOS Wax Macr LLC,2023321846,SOS Wax
"SOUL MATTERS, LLC",2021315491,"SOUL MATTERS, LLC"
"SOUND & SECURE, INC.",2009300779,EAGLE SENTRY
"SOUTH POINTE  HOSPITALITY, L.C.",2006303897; 2006304059; 2006303917,Homewood Suites by Hilton
"SOUTHEASTERN UNIVERSITY, INC.",2019311715,"SOUTHEASTERN UNIVERSITY, INC."
SOUTHERN NEVADA BUILDING & CONSTRUCTION TRADES COUNCIL,2001003702,SO NV BUILDING & CONSTRUCTION TRADES COU
SOUTHERN NEVADA BUSINESS SERVICES LLC,2015302903,SOUTHERN NEVADA BACKFLOW SCHOOL
"SOUTHERN NEVADA FIRE PROTECTION, INC.",2011300055,"SOUTHERN NEVADA FIRE PROTECTION, INC."
SOUTHERN NEVADA OFFICIALS ASSOCIATION,2012300010,SOUTHERN NEVADA OFFICIALS ASSOCIATION
"SOUTHERN NEVADA PAIN CENTER (KIM), P.C.",2010300967,SOUTHERN NEVADA PAIN CENTER
"SOUTHERN NEVADA PEST CONTROL, INC.",2005305814,"SOUTHERN NEVADA PEST CONTROL, INC."
SOUTHERN NEVADA PROPERTY MAINTENANCE LLC,2016302328,ROBY & MARTIN PROPERTY MAINTENANCE
SOUTHERN NEVADA WORKFORCE INVESTMENT BOARD,2006303338,NEVADA JOBCONNECT
"SOUTHWEST MANAGEMENT GROUP, LLC",2008301990,"SOUTHWEST MANAGEMENT GROUP, LLC"
SOVEREIGN PARTNERS INC.,2005305385,SOVEREIGN PARTNERS INC.
"SOZO FAMILY SERVICES, INC.",2012300605,"SOZO FAMILY SERVICES, INC."
SP Fam LLC,2026334658,SP Fam LLC
SPAA LLC,2022319925,GROOVE DANCEfloor with Melissa
"SPARKS ENGINEERING, LLC",2012309736,"SPARKS ENGINEERING, LLC"
SPECIAL OLYMPICS NORTHERN CALIFORNIA INC,2005305798,SPECIAL OLYMPICS NEVADA
"SPECTROTEL, INC.",2017304815,"Spectrotel, Inc."
"SPELTS, JOANNE W",2013302626,JOANNE'S DESIGNS
SPENCER GIFTS LLC,2010301180,SPENCER GIFTS LLC
"SPI ENTERTAINMENT, INC.",2014303587,"SPI ENTERTAINMENT, INC."
"SPINAL REHABILITATION CENTER, INC.",2012300193,SPINAL REHABILITATION CENTER
"SPINDALAND, LLC",2024330091,"SPINDALAND, LLC"
SPREAD IT LANDSCAPE & MAINTENANCE L.L.C.,2019312526,SPREAD IT LANDSCAPE & MAINTENANCE L.L.C.
SPREAD THE WORD NEVADA,2012310775,SPREAD THE WORD NEVADA
SPRIGGS SECURITY & INVESTIGATIONS INC.,2013301404,SPRIGGS SECURITY & INVESTIGATIONS INC.
"SPRINGER, CATHERINE S",2006304915,TRICOMM
SPS Solutions LLC,2020314218,Desert Crest Financial
"SPTLGHT Entertainment, LLC",2022320626,"SPTLGHT Entertainment, LLC"
"SR & CC Ventures, Inc.",2019312033; 2019312032,TIMBERS BAR AND GRILL (TIMBERS XXI); Timbers Bar and Grill (Timbers XXI)
"SR LOGISTICS, LLC",2019310800; 2019310801,"SR Logistics, LLC"
"SR TRUCKING AND TRANSPORT, INC.",1997038949,"SR TRUCKING AND TRANSPORT, INC."
"SRGMF IV American Pacific Henderson, LLC",2022320839,Miro at the Parc
"SRS HOME HEALTH, LLC",2019311802,"SRS HOME HEALTH, LLC"
SRS Home Inspections LLC,2026336045,SRS Home Inspections LLC
SS Animal Kingdom LLC,2023322225,Animal Kingdom Grooming
"SSA Architecture, Small Studio Associates, LLC",2020313816,"SSA Architecture, Small Studio Associates, LLC"
"SSB Eastern, LLC",2015303842; 2015303844; 2015303839; 2015303840; 2015303841,Taco Bell
ST JUDES,2014300028,ST JUDE'S RANCH FOR CHILDREN - NEVADA RE
ST PAUL'S CHARISMATIC EPISCOPAL CHURCH,2015300151,ST PAUL'S CHARISMATIC EPISCOPAL CHURCH
"ST SOLUTIONS, LLC",2021315991,"ST SOLUTIONS, LLC"
"ST. AGATHA COMFORT CARE, LLC",2019312889,Bristol Hospice - Las Vegas
ST. AGATHA HOME HEALTH LLC,2019310581,ST. AGATHA HOME HEALTH LLC
"STACEY WEDDING & ASSOCIATES, LLC",2025332867,The Stacey Wedding Group
STACK CONSULTING L.L.C.,2022318351,STACK CONSULTING L.L.C.
STAGECRAFT INSTITUTE OF LAS VEGAS INC,2013302439,STAGECRAFT INSTITUTE OF LAS VEGAS INC
"STANLEY STEEMER INTERNATIONAL, INC.",2011300500,"STANLEY STEEMER INTERNATIONAL, INC."
"STANTON, RANDY S",2006301338; 2006301337,HENDERSON ANIMAL HOSPITAL
"STAR MED CONSULTING, LLC",2011300745,YOURMD
"STAR NURSERY, INC.",2001001477; 2017304440,"STAR NURSERY, INC."
STAR SPORTS THEATRE ARTS & RECREATION INC,2004304392,STAR SPORTS THEATRE ARTS & RECREATION IN
"STATHAM ADVISING SERVICES, LLC",2022319634,"STATHAM ADVISING SERVICES, LLC"
"STEAM Fair of Nevada, LLC",2024329524,"STEAM Fair of Nevada, LLC"
STEAMATIC OF SOUTHERN NEVADA,2017305217,STEAMATIC OF SOUTHERN NEVADA
"STEELE, ARTHUR",1998040133,"STEELE CURTAIN & ASSOC., ETC."
STEGMEIER LLC,2000056026,STEGMEIER LLC
"STEPHANIE PARTNERS PAD D, INC.",2004300864; 2004300842; 2004300865,24/7 XPRESS
STEPHENS EDUCATIONAL CONSULTING L.L.C.,2020313393,STEPHENS EDUCATIONAL CONSULTING L.L.C.
"STEPS UP, INC.",2005306238,"STEPS UP, INC"
STEVE'S AQUATIC SERVICE LLC,2013302278,STEVE'S AQUATIC SERVICE LLC
"STEVEN E. GRANT, O.D., PROFESSIONAL CORPORATION",2006300186; 2009301420,"STEVEN E. GRANT, O.D., PROFESSIONAL CORP"
"STILLS, JUSTIN",1995035545,JUSTIN CUSTOM
"STODDARD, PETER J",2004302291,STODDARD CREATIVE SERVICES
"STOFFEL, SUSAN BERNADETTE",2015302713,SUSAN STOFFEL MEDIA
STORAGEONE NEVADA INVESTORS LLC,2011301986; 2017304442,STORAGEONE; StorageOne
"STOW AWAY PROPERTIES, INC",1995035864,"STOW AWAY PROPERTIES, INC"
"STOWERS, STEVIE D",2006302873,A DOLLAR BAIL BONDS
"STRASSER, MICHAEL",2017300293,CHICKEN WINGS COMICS
STRONG ARM FOUNDATION CORP.,2015300483,STRONG ARM FOUNDATION
"STS Temps, Inc",2024330200,"STS Temps, Inc"
"STUDIO SALONS ANTHEM II, LLC",2022318680,STUDIO SALONS ANTHEM II
"STUDIO SALONS ANTHEM, LLC",2009304098,"STUDIO SALONS ANTHEM, LLC"
"STUDIO SALONS GALLERIA, LLC",2009303515,"STUDIO SALONS GALLERIA, LLC"
"STUFFLEBEAM, MARK JAMES",2012308097,MSA ARCHITECTURE
STW LLC,2023322194,The UPS Store #7693
"STX Group, LLC",2023321549,Twigby
SUBWAY OF PARADISE VALLEY INC.,2017304751,Subway
"SUCHARITAKUL, SOBHANA",2015301930,CHABHANA
"SULLIVAN AGENCY, INC.",2009301741,"SULLIVAN AGENCY, INC."
"SUMMITT RIVER PROPERTY, LLC",2023321279,Summitt's River Realty
SUN COM MOBILE LLC,2023322897,Cricket Wireless
"SUNBELT ENGINEERING & TESTING, LLP",2016300861,"SUNBELT ENGINEERING & TESTING, LLP"
"SUNBELTS OF NEVADA, LLC",2021315621,"SUNBELTS OF NEVADA, LLC"
SUNBURST LAWN SERVICE LLC,2019310210,SUNBURST LAWN SERVICE LLC
"SUNRISE TOWING, INC.",2010301126,SUNRISE TOWING
"SUNROAD HENDERSON APARTMENTS, LLC",2018308403,CYAN AT GREEN VALLEY
"SUNROAD HORIZON RIDGE TOWNHOMES, LLC",2019310161,THE TOWNHOMES AT HORIZON RIDGE
SUNSET HILLS 120 LP,2021315908,SUNSET HILLS APARTMENTS
"SUNSET SUBWAY, INC.",2010303153,SUBWAY 50329
"SUNSTATE EQUIPMENT CO., LLC",1989004306,"SUNSTATE EQUIPMENT COMPANY, LLC"
"SUPERIOR ENGINEERING SERVICES, INC.",2005305441,"SUPERIOR ENGINEERING SERVICES, INC."
SUPERIOR HEALTH SOLUTIONS LLC,2019310443,SUPERIOR HEALTH SOLUTIONS
"SUPLV Ventures, LLC",2024331322,Paddle to the Core
SUPREME CARPET CLEANING LLC,2015300583,SUPREME CARPET CLEANING
SV GREASE SERVICE LLC,2017300515,SV GREASE SERVICE LLC
SV Property Management LLC,2021317558,SV Commercial Real Estate
"SVI, Inc.",2004300490,Specialty Vehicles
"SVRE, LLC",2012300510,Simply Vegas
"SWCA, INCORPORATED",2025332838,SWCA Environmental Consultants
SWCP LLC,2025333637,Southwest Cloud Partners
SWEEPZ L.L.C.,2020313023,SWEEPZ L.L.C.
SWEET HALL INC.,2020315243,SWEET HALL INC.
SWEET PAWFECTION LLC,2017305215,Sweet Pawfection LLC
SWIM LAS VEGAS,2014301721,SWIM LAS VEGAS
"SWOLENSKY CHIROPRACTIC, LTD.",2006303102,Chiropractic Clinics of Nevada
"SWPPP COMPLIANCE, LLC",2015302889,"SWPPP COMPLIANCE, LLC"
SY Precision LLC,2024330899,SY Guns
SYMPLE WORKZ LLC,2018306736,SYMPLE WORKZ LLC
Sabores Tapatios LLC,2026335458,Sabores Tapatios LLC
"Sabra Southern Operations III, LLC",2024329796,The Monarch at Henderson
Sacha Prickett,2024330003,SP Wellness LV
Sachi's Food and Beverage LLC,2018308315,Sachi's Food and Beverage LLC
Sachs Signature Staging LLC,2026334649,Sachs Signature Staging
Sacramento Valley Limited Partnership,2009304007,Sacramento Valley Limited Partnership
Safari Custom Upholstery. LLC,2022318720,Safari Custom Upholstery
"Safe Haven Security Services, Inc.",2015303709,"Safe Haven Security Services, Inc."
"Safe Money Advisors, Inc.",2018306964,SMA Wealth Management
Safe and Sound Insurance Services LLC,2021317364,Safe and Sound Insurance Services LLC
Safety Specialists Inc,2025332865,Las Vegas Safety
"Safety-Kleen Systems, Inc.",2015302734,"Safety-Kleen Systems, Inc."
Saga Viking Tours LLC,2024330427,Saga Viking Tours
Sage Digital Agency LLC,2023323601,Sage Digital Agency LLC
"Sage Insurance Agency, Inc",2014302675,State Farm Insurance
"Sage M. Humphries, D.D.S., M.S., Inc.",2022321017,Chenin Orthodontics
"Sage Wealth Design, Inc.",2025333485,Sage Wealth Design
Sagebrush Medical Center LLC,2017304364,Sagebrush Medical Center LLC
Sagebrush Salon LLC,2020314740; 2020314739,Sagebrush Salon
Sagecrest Communications LLC,2023329138,Sagecrest Communications LLC
"Sahara Restaurants, LLC",2015303676; 2015303678,Sammy's Woodfired Pizza & Grill
SaiArpan LLC,2019311300; 2019311299,Divine Threading & Lash Studio
Saima Khalid D.O. PLLC,2024330391,Olive Healthcare
Saint Jude Medical Group LLC,2021317079,Home Doctors
Saint Rose Hotel Operations Inc.,2014303090; 2014303089,Best Western Plus St Rose Pkwy/Las Vegas
"Sakura Designs, LLC",2023321924,"Sakura Designs, LLC"
"Sales Partnership, Incorporated",2026335709,"Sales Partnership, Incorporated"
Sally Beauty Supply LLC,2012310649; 1998039591; 2014302652,Sally Beauty #10032; Sally Beauty Supply #2436; Sally Beauty Supply #10341
Sally Durante,2021315861,Dynamic Spiritual Energies
Salman M Mirza,2024331018,Horizon Healthcare Services
Salon Evo LLC,2014302855; 2014302854,Salon Evo
Salon PS Nevada LLC,2020314940; 2018307843,PS Salon & Spa
Salon Rose LLC,2022318343; 2022318344,Salon Rose
Salon World LLC,2025332163; 2025332166,Salon World Suites
SalonCentric Inc.,2012300380; 2023322082,"SalonCentric Inc.; SalonCentric, Inc."
Salt Room Henderson LLC,2019312276; 2019311337; 2019311336,The Salt Room
"Salt Suppliers, LLC",2021317181,Salt Suppliers LV
"Saltus Re, Ltd.",2023329212,Saltus Re
Salty Wagon LLC,2026335267,Wetzel's Pretzels LV
Samantha D. Mazza LLC,2021317111,Samantha D. Mazza LLC
Samantha Dorazio,2026334794,Woodspring Therapy
Samantha Keen,2022321061,Samantha May Presents
Samantha Lewis,2021316070; 2021316071,SLS Studio
Samantha Plascencia Pacheco,2024330329,Samantha Plascencia Pacheco
Samantha Rae Johnson,2025333767,Hearrtbreaker Essence
Samantha Thomas,2026335853,Samantha Thomas
Same Day Notary LLC,2025333018,Same Day Notary LLC
Same Page LLC,2021316120; 2021316121,Boom Bang
"Sammi's Corner, LLC",2023323270,Hickson's By Sammi
Samuel Bond LLC,2024329631,Samuel Bond LLC
Samuel Brown LLC,2025332394,Samuel Brown LLC
Samuel Davis,2017304886,N-Stitches
Samuel Knori,2026334763,Samuel Knori
Samuel Palazzola,2020315371,SAMMY'S HOME IMPROVEMENT SERVICES
"Samuel Savage, D.D.S. Chtd., Professional Corporation",2022320374,"Samuel Savage, D.D.S. Chtd., Professional Corporation"
"Samurai Success, Inc.",2014300714,"Samurai Success, Inc."
Sana Collective LLC,2025334274,Sana Collective
Sanchez & Associates LLC,2023329249,Black Mountain Insurance Advisors
Sanchez Tacos LV LLC,2025332996,Sanchez Tacos LV
Sanctuary Dwellings LLC,2025333031,Urban Ashram Home
Sanctuary Interior by CLM LLC,2025334441,Sanctuary Interior by CLM LLC
"Sancus Realty Group, LLC",2024331565,"Sancus Realty Group, LLC"
Sand & Surf Rentals LLC,2025333610,Sand & Surf Rentals
Sandbags LLC,2021316539,Sandbags LLC
Sandi Fenske,2009302137,"FENSKE, SANDI"
"Sandog Specialty Group, LLC",2007303608,The UPS Store
Sandoval Holdings LLC,2023321313,Crumbl Cookies GV
Sandoval Hospitality Group LLC,2024330575; 2024330576,Chatos Tacos
"Sandoval, Teresa",2006304857,Spotless Carpet Care
Sandra Collier,2025333757,Rvtrekkin
Sandra H Nitta,2011300939,"Nitta, Sandra H"
Sandra Maureen Duggan,2021317367,SDRESULTS
Sandra Owens,2020315077,Life Maid Easy Cleaning Service
"Sangoma US, Inc.",2023321545,"Sangoma US, Inc."
"Sanguan Enterprises, LLC",2013300569; 2021317597,Tiger Lily Floral
Sanjay Kandoth M.D. P.C.,2019310816,Sunrise Pediatrics
Sanner Capital Management LLC,2020314206,Sanner Capital Management LLC
"Sanoe, LLC",2025333988,Pretty Ululani
Sanovus LLC,2020314384,SANOVUS
Sansone Law PLLC,2023321572,Sansone Law PLLC
Sansone Real Estate Services LLC,2020313932,Sansone Real Estate Services LLC
Santa Monica Seafood Company,2024330367,Santa Monica Seafood Company
"Santa Rosa Medical Centers of Nevada, Inc.",2024331068; 2024331069,American Urgent Care
Santana's Car Wash LLC,2024330365,Santana's Car Wash LLC
Santos Landscaping LLC,2024331792,Santos Landscaping LLC
"Santos Law, PLLC",2018307711,"Santos Law, PLLC"
Sanzen LLC,2023322141,Anime Boba Cafe
Sara Elizabeth Flores,2024331640,Carma Studio
Sara Frankel,2017305562,Lilikoipond
SaraWolf Productions LLC,2025333711,SaraWolf Productions LLC
Sarah Florio LLC,2025333160,Sarah Florio LLC
"Sarah Lee Jewelry, LLC",2026334999,"Sarah Lee Jewelry, LLC"
Sarah Oettinger L.L.C.,2024329795,Desert Bloom Counseling
Sarahdipity LLC,2025333541,Sarahdipity Boutique
"Sarasin Enterprises, Inc.",2024331292,"Sarasin Enterprises, Inc."
Sarge's Handyman Service LLC,2026335134,Sarge's Handyman Service LLC
Sarina Azzarelli Semeraro,2022320333,Sarina Azzarelli Semeraro
Sarkis Nersessian,2025334095,Sako Taco Man
Saroukhanoff & Associates,2011301560,Robert Realty
Sasi Kumar Godavarman Prasanna,2020314168,Grace IWMS Consulting
"Saturna Brokerage Services, Inc.",2016301908,"Saturna Brokerage Services, Inc."
Saturna Trust Company,2015301348,Saturna Trust Company
Saul Rodriguez,2025332509,Happy Services
"Savannah Lynn, LLC",2022321056,Dog Training Elite Henderson
"Savatree, LLC",2024329688,"Savatree, LLC"
Save Our Sons,2019310875,Save Our Sons
"Savior Hospice Care, Inc.",2025334381,1Care Hospice Las Vegas
"Savory MB Stores, LLC",2024330837,Mo' Bettahs
"Sawbuck Investments, Inc.",2011303138,USA MONEY TODAY
Sbarro LLC,2022319088; 2025334418,Sbarro; Sbarro LLC
"Scantech Thermal Imaging, LLC",2022320024,"Scantech Thermal Imaging, LLC"
"Scarsdale Security Systems, Inc.",2016303182,"Scarsdale Security Systems, Inc."
Scheme LLC,2025332902,Welcome Bag Shoppe
"School Employees Insurance & Financial Solutions, Inc.",2012300195,"School Employees Insurance & Financial Solutions, Inc."
"Schultz Arms - B and V Coin, LLC",2010300218,"Schultz Arms - B and V Coin, LLC"
"Scooterbay Publishing, Inc.",2008304174,"Scooterbay Publishing, Inc."
Scott Alan Willis,2009300355,Wonder Dog Academy
Scott Anthony Toth Sr,2023321625,Jersey Designs
"Scott Goodman Insurance, LLC",2013300634,"Scott Goodman Insurance, LLC"
Scott N Johnson,2022318669,Scott Johnson Handyman & Home Services
Scott P Freeman,2017305336,Freeman Pest Control
"Scott Parry, M.D., PC",2022319674,Infusion For Health
"Scott Selco, Professional Corporation",2025332071,Henderson Neurology
"Scott Wolfe, P.C.",2024330923,Nevada Relationship Center
"Scott Wright Enterprises, Inc.",2009303186,Wright Bet Auto Body
Scott's Welding and Equipment Repair Inc,2015301437,Scott's Welding and Equipment Repair Inc
Scotty's Car Wash LLC,2024331819,Scotty's Car Wash
ScoutBrackle Vending LLC,2024330118,ScoutBrackle Vending LLC
"Screaming Media, LLC",2023329301,Factor Media
"Screenmobile SM40, Inc.",2022320674,"Screenmobile SM40, Inc."
ScrubSquadPros LLC,2026335562,ScrubSquadPros
Scrubtastic of Henderson LLC,2022319851,Scrubtastic of Henderson LLC
Seabolt Defensive Concepts LLC,2023321671,Seabolt Defensive Concepts LLC
"Seal The Deal, LLC",2026335161,"Seal The Deal, LLC"
Seam Savvy LLC,2025331993,Seam Savvy LLC
Sean Alan Mitchell,2023322662,LV Web Pro
Searchlight Healthcare Charities,2015302405,Searchlight Healthcare Charities
Seaside Graphics LLC,2013300404,Seaside Graphics LLC
Seasonal Magic LLC,2022320264; 2023323114,Spirit Halloween
Sebastian Colunga,2025333214,EnVision Management
"Second Half, LLC",2022321150,Pilula
"Sectorlytics, LLC",2024331770,"Sectorlytics, LLC"
Secura Protection LLC,2025333578,Secura Protection LLC
Secure AI Systems LLC,2025334063,Secure AI Systems LLC
"Security 1st Title of Nevada, LLC",2022320793,"Security 1st Title of Nevada, LLC"
Security Assessment Group LLC,2022319997,Security Assessment Group LLC
"Security Signal Devices, Inc.",2009300536,S S D Systems
SecurityNational Mortgage Company,2011302225; 2019310228; 2025332558,SN Mortgage Company
Securus Technologies LLC.,2023321653,Securus Technologies LLC.
See the Unseen Foundation,2026334924,See the Unseen Foundation
"See's Candy Shops, Incorporated",1997040257; 2025334062,See's Candy Shops; See's Candy
Seedling Theatre Company L.L.C.,2017300574,Seedling Theatre Company
Seeds2Succeed LLC,2022320116,Seeds2Succeed LLC
Seeking Adventure LLC,2023329289,Seeking Adventure LLC
"Seema B. Sood, M.D., A Professional Corporation",2019312864,Green Valley Primary Care
Seer Visions LLC,2026336240,Steven Morse: Biblical Discernment & Guidance
Seguros Lagonell LLC,2026335092,Seguros Lagonell
Selah-Vee Mental Wellness and Spa LLC,2025332034; 2025332035; 2025332036,Selah-Vee Mental Wellness and Spa
Select Comfort Retail Corporation,1996040178,Sleep Number
Selena Tran,2024330667,Selena Nails
Selina Smith-Colston,2024329737,SSC Business Solutions
Selzalot LLC,2024331662,Selzalot
Semper Fi Fleet & Pressure Washing LLC,2024330992,Semper Fi Fleet & Pressure Washing LLC
"Senergy Petroleum, LLC",2020315362,"Senergy Petroleum, LLC"
Senior Health Plan Consultants LLC,2024330020,Senior Health Plan Consultants LLC
Senior IT LLC,2025332272,Senior IT LLC
"Senior Insurance Planning Services, Inc",2021316373,"Senior Insurance Planning Services, Inc"
Senior Resource Nevada,2024331858,Senior Resource Nevada
Sensei Sports LLC,2021317250,American Top Team Nevada
"Sephora USA, Inc.",2021316112,Sephora
Serenity Bliss Home Care LLC,2025334092,Serenity Bliss Home Care
Serenity Wellness Products LLC,2020313713,SERENITY WELLNESS PRODUCTS LLC
Sergei Sushenko,2021318248,Ikon Spirits
Sergio A Nunez Diaz,2013300050,Diaz Complete Lawn Maintenance
Serrano Law Group PLLC,2025333085,Serrano Law Group
"ServeWell Advisory, LLC",2025334294,"ServeWell Advisory, LLC"
Service Dogs of Southern Nevada Inc.,2025333912,Service Dogs of Southern Nevada Inc.
Service Legend LLC,2025332373,Service Legend LLC
Service Smith NV LLC,2025332977,Service Smith NV LLC
"ServiceTitan, Inc.",2023322798,"ServiceTitan, Inc."
"Serving Our Kids Foundation, Inc",2022319932,Serving Our Kids
"Settebello, LLC",2005306764; 2008303934,SETTEBELLO; Settebello
Settle Down ABA Inc,2016301804,Settle Down ABA Inc
"Seven Hills Bar and Grill, Inc.",2003302265; 2003302267,Kopper Keg St. Rose
"Seven Hills Hospital, LLC",2008301662; 2016301743,Seven Hills Hospital
Seven Hills Merchant Partners LLC,2017306294,Seven Hills Merchant Partners LLC
"Seven Hills Self Storage, LLC",2022320339; 2003301354; 2023323262,All Storage
"Seven Hills Sunridge Apts., LLC",2019311916,Aspire at Sunridge Heights
Seventytwo Investments LLC,2007303939,Seventytwo Investments LLC
"Sevenx Capital, LLC",2013301785,Avalon at Seven Hills
Sever LLC,2025331927,Leo's Handyman Services
"Sex Crimes Bail Bonds, Inc",2022319736,"Sex Crimes Bail Bonds, Inc"
Seymour Clearly LLC,2026335378,Seymour Clearly
"Shack-Findlay Automotive, LLC",1999048239; 1999048240; 2024329539,Findlay Honda Henderson
Shadetree Automotive LLC,2021318007,Shadetree Auto Hobby Shop
"Shadow Silverback, LLC",2024330100,Shadow Silverback LLC
"Shagharyan Dental Company, PLLC",2023322005,Aviva Dental Implant Center
Shahab Zargari,2018309352,ZED COLLECTIVE
Shahdad Saeedi DPM PC,2023323604,Las Vegas Foot Institute
Shake Shack Nevada LLC,2017304535; 2017304536,Shake Shack
Shalva LLC,2023329277,Gavish Real Estate and Property Management
Shan Michael Evans,2026335477,Shan Michael Evans
Shangrila Prehistoric Park Cheritable/Educational Foundation,2023322421,Shangrila Prehistoric Park Cheritable/Educational Foundation
Shannon Hagman,2017304210,Barkingham Palace
Shannon Investments LLC,2025332147,Five Star Mortgage
Shannon James,2026335130,Silver Path Senior Services
Shanti Jebe Cloonan,2023329264,Sin City Sphynx
Shaoling Luo,2013302200; 2010303461,21 Facial & Massage
Shapelle Patterson,2025332982,The Lemonade Co
Sharlene Wright,2023321556,Sharlene Wright
"Sharon Cofer Travel, LLC",2024330589,"Sharon Cofer Travel, LLC"
Sharon Kay Cogan,2022318598,Amore Creations Ltd.
Sharpened Wit Counseling L.L.C.,2023323037,Whitney Wellness Center
Shaun & Ashley Inc.,2026335248,Diamond Pool & Spa Services
Shawn Montgomery Wilkins Sr.,2023321724,Occasions Entertainment
Shawn Smith,2026334715,Curb A Lawn
Shawn's Puffy Tacos LLC,2025333328,Shawn's Puffy Tacos
Shawni Kayy Cosmetics LLC,2021316994,Shawni Kayy Cosmetics LLC
Shay's Wave LLC,2023322793,Shay's Wave LLC
"Shayek, Shlomi",2006302498,Silver State Floor Restoration
Shazdeh Group LLC,2023321356; 2023321358,Griddlecakes
She's the Boss Inc,2023323008,She's the Boss Inc
Shea Construction & Co. LLC,2026334816,Shea Construction & Co. LLC
Sheagirl LLC,2022320784,Sheagirl LLC
"Sheenz Lazer Thingz, LLC",2026334755,"Sheenz Lazer Thingz, LLC"
Sheila Keast,2011302787,Sheila Keast Etiquette
Sheldrick Therapy LLC,2025332482,Sheldrick Therapy LLC
Shelf For Less Inc,2021315509,Shelves 4 Less
Shelter Mutual Insurance Company,2006302894,Shelter Insurance
"Shelter Providers of Southern Nevada, Inc.",2016303294,"Shelter Providers of Southern Nevada, Inc."
"Shelter Realty, Inc.",2010303429,"Shelter Realty, Inc."
Shems Periodontics LLC,2025332266,House of Perio
Sheng Da LLC,2017304502; 2017304503,Yoshiya Japanese Kitchen
"Shepherd Eye Center, LTD.",2003301619; 2005306410,Shepherd Eye Center
"Shepherd's Finance, LLC",2022320027,"Shepherd's Finance, LLC"
Sheq Properties LLC,2025333351,Sheq Properties LLC
Sheri Meyer,2026334978,Golden Hour Outfitters
Sherlyn Kanjanakiat,2024331107,Lyn's Studio
Sherri Enos,2025333438,Sherri Enos
Sherri Kehoe,2021315766,Joshua Tree Therapy
Sherry L Alves,2012307425,ALVES DELIVERY
Sherryl Lynn Altadonna,2023323622,Altadonna Associates
Shicheng Hu,2022319139,Shicheng Hu
Shidha LLC,2023329238,Kriti Eyebrow Threading
Shila Eyebrows Threading LLC,2017304933,Shila Eyebrows Threading
Shinnyo-En USA,2007302825,SHINNYO-EN USA NEVADA TRAINING CENTER
Shiny Sky LLC,2021316278,Shiny Sky LLC
Ship'n Plus LLC,2025333276; 2025333277,Ship'n Plus
Shivsai LLC,2022319819; 2022319817; 2022319818,7-Eleven Store #29663E
Shock Pain Away LLC,2023323440,Optimal Health Members
Shock The Future Foundation,2025333011,Shock The Future Foundation
Shoe Palace Corporation,2017305278,Shoe Palace
Shook1 LLC,2026335476,Shook Shakery
"Short Line Gaming, L.L.C.",2008300226,"Short Line Gaming, L.L.C."
Showboy Bakeshop LLC,2013300755,Showboy Bakeshop LLC
Shree Ganesh LLC,2025333110,Menchie's Frozen Yogurt
Shree LLC,2006302829,Kumon Math and Reading Center
Shu Hua Ludwig,2021318237,"Ludwig, Shu Hua"
"Shutterfly Lifetouch, LLC",2020314808,"SHUTTERFLY LIFETOUCH, LLC"
"Siena Dialysis Center, LLC",2006302959,Davita Siena Henderson Dialysis Center
"Siena Hills Primary Care, LLC",2005306330,"Siena Hills Primary Care, LLC"
"Siena Neck & Back, LLC",2005306657; 2016300115,"Siena Neck & Back, LLC"
"Sierra Gold Stephanie 5, LLC",2007302610; 2007302612,Sierra Gold
Sierra Sound L.L.C.,2022320766,Sierra Sound L.L.C.
Sierra Technical Services LLC,2026334773,Sierra Technical Services LLC
Sierra Whisky LLC,2023329166,Sierra Whisky Defense
SierraLV LLC,2022318452,SierraLV Property Managment & Realty
"Sierrascape, Inc",2026335341,"Sierrascape, Inc"
Sigma Engineering Solutions Inc,2006303773,Sigma Engineering Solutions Inc
"Signature Bail Bonds, Inc",2022319734,"Signature Bail Bonds, Inc"
"Signature Management, LLC.",2011302836,"Signature Management, LLC."
Signature Real Estate Group LLC,2016300009,Signature Real Estate Group
Signature Services,2018306672,The Atrium at Henderson
Signature Vision Care Inc,2010301699; 2010301698,Signature Vision Care
Silent Enforcement LLC,2026335256,All Tan
Silk Medical Associates LTD,2024330585,Care10 Urgent Care
"Silva Unified Solutions, LLC",2024330900,Silva Breeze Pool Solutions
Silvas Speaks LLC,2016301321,Silvas Speaks LLC
Silver Coast LLC,2026335357,Wetzel's Pretzels
"Silver Lands, Inc.",2009301668,"Silver Lands, Inc."
Silver Lining Estate Sales L.L.C.,2024330314,Silver Lining Estate Sales & Liquidation
Silver Nest LLC,2024331630,Always Best Care
Silver Sage Foundation,2024331692,Silver Sage Foundation
"Silver State Assembly, LLC",2026335759,"Silver State Assembly, LLC"
"Silver State Bell, LLC",2020314961; 2019312400,Taco Bell #31897; Taco Bell #36171
Silver State Capital Management LLC,2022320593,Silver State Capital Management LLC
"Silver State Cardiology, LLC",2017304505,Silver State Cardiology
Silver State Care Solutions LLC,2026334875,Senior Helpers of Henderson
"Silver State Complete Auto Repair, LLC",2016301018; 2024331817,"Silver State Complete Auto Repair, LLC"
Silver State ISR Inc,2020313808,SILVER STATE ISR INC
Silver State Management Company,2017304620,Corner Bakery Cafe
Silver State Pet Inc.,2023329192,Well Groomed Pets-Henderson
Silver State Restaurants Inc,2014300311,Jack in the Box
Silver State Schools Credit Union,2021316616; 2021317036; 2021317037,Silver State Schools Credit Union
"Silver State Scoopers, LLC",2026335175,Scoop & Shine
Silver State Sporting Clays LLC,2026335700,Silver State Sporting Clays LLC
Silver State Squeegee Squad LLC,2025333059,Silver State Squeegee Squad LLC
Silver State Technology Solutions LLC,2025333167,Silver State Technology Solutions LLC
Silver Tax Resolution Services LLC,2026336056,Silver Tax Resolution Services LLC
"SilverBridge Care Advisors, LLC",2026335577,SilverBridge Care Advisors
Silverado Pizza LLC,2023323294,Rosati's
Silverado Puppies Plus Inc.,2010302701,Las Vegas Pet Spa
Silverstate Payments LLC,2025333055,Silverstate Payments LLC
Silvia V Mawhinney,2025334247,Jaysilvia
Silvie Skincare LLC,2021316599; 2021316600,SILVIE SKINCARE; Silvie Skincare LLC
Sim City Golf LLC,2023323621; 2024331063,Sim City Golf LLC
Sima Ventures Inc.,2022318606,Sima Pool Services
Simantics LLC,2024330690,SJP
Simonwill Entertainment Inc,2019310237,Simonwill Entertainment Inc
Simple Events LLC,2025331976,Simple Events LLC
Simple Joy Rentals LLC,2026334660,Simple Joy Rentals LLC
Simple Sleep LLC,2026335194,Simple Sleep LLC
Simpli Eat LLC,2025334363,Simpli Sushi
"Simplicity Laser of Las Vegas, LLC",2013301791,"Simplicity Laser of Las Vegas, LLC"
Simplihom Nevada LLC,2025331932,SimpliHOM
"Simplot AB Retail, Inc.",2022320986,Simplot Turf & Horticulture
"Simply Connected, Inc.",2017304486,"Simply Connected, Inc."
"Simply Organic Sanitation, LLC",2020313503,"Simply Organic Sanitation, LLC"
Simply Pure LLC,2026335304,Simply Pure LLC
Sin City Companies LLC,2024331816; 2024331818,Sin City Auto Sports
Sin City Computer Services LLC,2023322209,Sin City Computer Services LLC
Sin City K-9 L.L.C.,2024331614,Sin City K-9 L.L.C.
Sin City Munchies LLC,2025331970,Sin City Munchies LLC
Sin City Opera,2025333016,Vegas City Opera
"Sin City Performance, Inc",2013302780,"Sin City Performance, Inc"
Sin City Pilates LLC,2025333577,IM=X Pilates and Fitness
Sin City Plumbing and Maintenance LLC,2015303736,Sin City Plumbing and Maintenance LLC
Sin City Screens LLC,2022318334,Sin City Screens Retractable Screen Doors
Sin City Scuba L.L.C.,2017304741,Sin City Scuba
SinCity CrossFit LLC,2009300084,SinCity CrossFit
"SinCity Premier Detailing, LLC",2026335797; 2026335798,"SinCity Premier Detailing, LLC"
Sincity Welder LLC,2026336147,SinCity Welder
"Singer, Clifford",2018307839,imuseum dot vegas
Singh Group LLC,2024330237,Smok-e-vapor & Cigar Zone
"Singh, Inc.",2007300856; 2009303117; 2007300877,Smoke Shop II; Smoke +; Smoke Shop and Mini Mart
Sips In The Desert LLC,2025334452,Sips in the Desert
Siranush Khaladzhyan PLLC,2025333589,Integra Health
"SiteOne Landscape Supply, LLC",2024329418,"SiteOne Landscape Supply, LLC"
"Sitech Southwest, LLC",2025334122,"Sitech Southwest, LLC"
"Sitez, LLC",2024329672,"Sitez, LLC"
Siu Lam Chan,2024330326,Far Ample
"Sixteen Eighteen Company, Inc.",2003304543,International House of Pancakes
Skala Industries LLC,2025333777,Skala Industries LLC
Ski Donkey Watercraft Rentals LLC,2022318927,Ski Donkey Watercraft Rentals LLC
Skin Fx LLC,2024330746,Skin Fx
SkinnyFats Worldwide LLC,2018308186; 2023322375,Cantina Tequila
"Skip Media, LLC",2022318658,"Skip Media, LLC"
Skiwi Marine Services LLC,2021316720,Skiwi Marine Services LLC
Sky High Smoke & Vape LLC,2021317750,Smoke & Vape
Sky Rock Provisions LLC,2023323162,Sky Rock Provisions LLC
Sky Vista Consulting LLC,2024331835,Sky Vista 360
"Sky Whispers, LLC",2020315350,"Sky Whispers, LLC"
SkyBridge Luxury Inc.,2023323356,SkyBridge Luxury
Skye Bridge LLC,2022320846; 2025332062,ACE Hardware
Skye Miranda Taylor,2026334703,Studio Skye Salon
Skyline Moving Service LLC.,2019311850,Skyline Moving Service
"Skytop Vending, LLC",2024329465,"Skytop Vending, LLC"
Slanging Tacos LLC,2026335151,Slanging Tacos
Sleep Envy PLLC,2022320853,Sleep Envy PLLC
"Slice 19 Bar and Grill, LLC",2021318060; 2021318058,Chimera Golf Club
Sloppy Doms LLC,2026336087,Sloppy Dom's
Slot Machines Unlimited Inc.,2024329630,Slot Machines Unlimited Inc.
"Small Business Clarity, LLC",2025333689,"Small Business Clarity, LLC"
Smart & Final Stores LLC,2001001496; 2003300823,Smart & Final
"Smart Choice Communications, LLC",2020314190,"Smart Choice Communications, LLC"
"Smart Cookie Coolers, LLC",2026335650,"Smart Cookie Coolers, LLC"
Smart Fee Real Estate LLC,2024330038,Smart Fee Real Estate LLC
"Smart Pest Solutions, LLC",2026335101,"Smart Pest Solutions, LLC"
Smart Pool Services LLC,2024329482,Splash Pool Service
SmartLess Mobile LLC,2026335664,SmartLess Mobile LLC
Smashburger Acquisition - Las Vegas LLC,2013302227; 2013302228,Smashburger #1288; Smashburger
Smashed Bean LLC,2024329969,Smashed Bean
Smile Mas Dental Stephanie PLLC,2025333974,Smile Mas Dental
Smile! Dental,2020315483,Smile! Dental
Smiles for Miles Delivery LLC,2023323396,Smiles for Miles Delivery LLC
"Smilesofalaska, LLC",2022320803,Nevada Dental Sleep
"Smith & Johnson, LLC",2024330240,Smith & Johnson Chiropractic
"Smith & Shapiro, PLLC",2015300278,"Smith & Shapiro, PLLC"
"Smith Legal Group, LLC",2011301125,Smith Legal Group
Smith Therapy Partners LLC,2021316664,Smith Therapy Partners
"Smith Therapy Partners, LLC",2025332644,Smith Therapy Partners
"Smith Williams, LLC",2023321628,Smith Williams Senior Apartments
Smith's Firearms,2003304431,Smith's Firearms
"Smith's Food & Drug Centers, Inc.",2015301070; 2015301071; 1997039029; 1800039094; 2002305212; 1999047246; 1800038978; 2016300203; 2016300204; 2021317797; 2018308812; 2018308337; 2018308336; 2021317799; 2021317798; 2021317800; 2003300827; 2003300828; 2003301330; 2003300824; 2003300826; 2025333603; 2025333604; 2025333605; 2025333612,"Smith's #348 Fuel Center; Smith's Food & Drug #348; Smiths Food King #381; Smith's Food & Drug Center #366; Smith's Food & Drug #346; Smith's Food & Drug #350; Smith's #350 Fuel Center; Smith's Marketplace; Smith's Food & Drug Centers, Inc.; Smith's Fuel Centers"
Smokeshow BBQ LLC,2025334054,SmokeshowBBQ
SmolderSoft LLC,2022320224,SmolderSoft LLC
Snell & Wilmer LLP,2016303251,Snell & Wilmer LLP
Snow Cones in Paradise LLC,2026335685,Snow Cones In Paradise LLC
Snyder Pest Control LLC,2021316719,SNYDER PEST CONTROL LLC
Snyder Pool Service LLC,2023323388,Snyder Pool Service LLC
So Hi Grinds LLC,2025333357,So Hi Grinds LLC
So In Style Suites LV LLC,2025333786; 2025333787,So In Style Suites
Social Impact Consultants,2024330488,Social Impact Consultants
"Social Impresarios, LLC",2020314838,"Social Impresarios, LLC"
Social Influence Foundation,2026335264,Social Influence Foundation
Sockdolager LLC,2022320893; 2026334534,Delap Nevada; Window Works
"Sohail Anjum-Dost Wattoo, M.D.'S, Ltd.",2020314708,Heart Center of Nevada
"Soil-Tech, Inc.",2015302720,"Soil-Tech, Inc."
"Sokolove Law, LLC",2023329200,"Sokolove Law, LLC"
"Sola Gratia Ventures, Inc",2026336060,Expedia Cruises #900360
"Sola Salons, LLC",2018309238; 2009303465,"Sola Salons; SOLA SALONS, LLC"
Solace Counseling LLC,2025332148,Solace Counseling LLC
Soler Cleaning Group L.L.C.,2022320026,Soler Cleaning Group L.L.C.
Soli Solar Solutions LLC,2025333349,Soli Solar Solutions
Solid Gunworks,2024330533,Solid Gunworks
Solid Inspection Services LLC,2021318205,Solid Inspection Services LLC
"Solidcore Nevada, LLC",2025334017,"Solidcore Nevada, LLC"
Solomon Consulting Services Inc.,2009301642,Excell Legal Funding
Solution Carpet Care,2019312755,Solution Carpet Care
"Solutions-II, Inc.",2013301026,"Solutions-II, Inc."
"Solux Skin Care and Beauty Center, LLC",2023322880,Maricel Yeung Beauty Studio
"Soma Intimates, LLC",2021316612,Soma Intimates
Something From Nothing LLC,2026336259,Insurance By PH
Son Duc Le,2021317431,Le Sonny Productions
"Sonepar Mountain Holdings, LLC",2026334532,Codale Electric Supply
Sonia Cristina Diaz-Ebadi,2024329667,Sonia Cristina Diaz-Ebadi LMFT Therapy Near Me LV
"Sonia L. Eldar, A Professional Corporation",2025332370,Las Vegas Agent Support
Sook H Rychwalski,2020313479,Cleaners and Alterations
Soothing Massage LLC,2021318136,The Soothing Massage
Sophie Tang,2020315236,Tang Techs
"Sophy Wei Feng, M.D., A Professional Corporation",2006304714,Anthem OBGYN
Sorry not Sorry Creamery LLC,2023329307,Sorry Not Sorry Creamery
"Sorted Spaces, LLC",2024331708,Sorted Spaces
Soul Sense Professional LLC,2025332356,Soul Sense Professional LLC
Soul Tonic Vibes LLC,2025334213,Soul Tonic Vibes LLC
Sound Sleep LLC,2025332072,Sound Sleep
Source One Events,2021316165,Source One Events
Sourcefield LLC,2022320304,Sourcefield LLC
SouthShore Golf Villas Homeowners Association,2006301109,SouthShore Golf Villas Homeowners Association
"Southend Strategic Partners, LLC",2023322664,The Flynn Group
Southern Blue Pools LLC,2021317512,Southern Blue Pools LLC
Southern Cravingz LLC,2026334878,Southern Cravingz
"Southern Glazer's Wine and Spirits, LLC",2016302531,"Southern Glazer's Wine and Spirits, LLC"
Southern Nevada Appliance Repair LLC,2020313834,Southern Nevada Appliance Repair LLC
"Southern Nevada Bariatrics, Mustafa Ahmed MD FACS, PLLC",2023323597,Southern Nevada Bariatrics
Southern Nevada Climbers Coalition,2024331552,Southern Nevada Climbers Coalition
Southern Nevada Desert Mermaids,2017305814,Southern Nevada Desert Mermaids
Southern Nevada Detail LLC,2018307147,Southern Nevada Detail LLC
Southern Nevada Inspectors Inc.,2024330808,HouseMaster
Southern Nevada Junior Golf Association,2007300880; 2007303588,"SOUTHERN NEVADA JUNIOR GOLF ASSOCIATION; FIRST TEE OF SOUTHERN NEVADA, THE"
Southern Nevada Locksmith LLC,2010300962,Southern Nevada Locksmith LLC
"Southern Nevada Music Co., Inc.",2001301602,"Southern Nevada Music Co., Inc."
Southern Nevada Soccer Association,2006305353,LV Heat Surf SC
Southern Nevada Tax Assistance Inc,2025334074,Southern Nevada Tax Assistance Inc
Southern Sky LLC,2024329632,Southern Sky LLC
Southshore Investment Group LLC,2023321868; 2023321869; 2023321870; 2023321871; 2023321872; 2023321873; 2023321874,SouthShore Country Club; The Lake Club
Southwest Blinds & Shutters LLC.,2024329435,Southwest Blinds & Shutters LLC
Southwest Concrete Pumping LLC.,2023322099,Southwest Concrete Pumping LLC.
Southwest Exotic Avian Rescue,2020314184,Southwest Exotic Avian Rescue
"Southwest Funding, LP",2025333503,"Southwest Funding, LP"
Southwest Geotechnical LLC,2024329689,Southwest Geotechnical LLC
"Southwest Medical Associates, Inc.",2011301081; 2006305378; 2019310165; 2025333616,"Southwest Medical Associates, Inc.; OptumCare Community Center"
Southwest Property Services LLC,2022321246,Southwest Property Services LLC
Southwest Sabor LLC,2025333590,Southwest Sabor
"Southwest Sales Tax Solutions, LLC",2013300044,"Southwest Sales Tax Solutions, LLC"
"Southwest Traffic Control, LLC",2025333625,"Southwest Traffic Control, LLC"
Sovngard LLC,2023323235,Sovngard LLC
Spa-K9 LLC,2025332243,Spa-K9 LLC
SpaceChild Photography LLC,2026335560,SpaceChild Photography LLC
"Spacefinders Realty, Inc.",2008301202,"Spacefinders Realty, Inc."
Spadafora Boxing Foundation,2023322817,Spadafora Boxing Foundation
Spanish Meadows Healthcare LLC,2021317264,Harmony Hospice
Spankys Mobile Diesel LLC,2025333305,Spankys Mobile Diesel LLC
Sparc Welding Inc,2021317480,Sparc Welding Inc
Spark check 911 LLC,2024331340,Spark Check 911
Sparkflight Studios LLC,2017306572,Sparkflight Studios
Sparks Art Paint Party LLC,2024330000,Sparks Art Paint Party
"Speakeasy Therapy Services, LLC",2023321535,"Speakeasy Therapy Services, LLC"
"Special Operations Associates, Inc. Of Nevada",1991008993,"Special Operations Associates, Inc."
Special Tactics Solutions Inc.,2023323335,"STS, Inc."
"Specialist Direct, LLC",2022319879,"Specialist Direct, LLC"
Specialized Federal Retirement & Benefits Counseling L.L.C.,2016301723,Specialized Federal Retirement & Benefits Counseling L.L.C.
"Specialized Protective Services, Inc.",2024329866,"Specialized Protective Services, Inc."
"Spectrum Inspection Group, Inc.",2015300075,"Spectrum Inspection Group, Inc."
"Speedee Mart, Inc.",2022318725; 2022318726; 2003304289; 2003304288; 2002301825; 2002301824; 2005305932; 2002302346; 1999046513; 2017305466; 2017305467; 2002302348; 1999046512; 2020313784; 2020313785; 2022318727; 2003300732; 2003300731; 2003304291; 2003300733; 2017305469; 2020313788,"Speedee Mart #129; Speedee Mart #111; Speedee Mart #106; Speedee Mart, Inc.; Speedee Mart #107; Speedee Mart #103; Speedee Mart #124; Speedee Mart #128"
Speedware Consulting Group LLC,2025334125,Boa Vida Acai LV
Speedy Singhs Inc.,2013301439; 2017300211,LV Smoke N Vape 5; LV Smoke N Vape 13
Speedy Wheels 365 LLC,2026335529,Speedy Wheels 365 LLC
"Spencer Shack, LLC",2023329345; 2024330841,The Chicken Shack
Spicy Spuds and Other Stuff LLC,2021316250,Spicy Spuds and Other Stuff LLC
Spicy Tuna Henderson LLC,2022319647; 2022319648,Spicy Tuna
Spider Monkey LLC,2024329974; 2024329975,Sticks Tavern
Spill the Tea LV LLC,2026334914,Spill the Tea LV LLC
Spin & Drive Vegas LLC,2026335522,Spin & Drive Vegas LLC
Spine Brain and Pain Consulting PLLC,2024330408,Spine Brain and Pain Consulting
"Spinoso Management Group, LLC",2025334513,"Spinoso Management Group, LLC"
Spirit Campervan Conversions LLC,2023322572,Spirit Campervan Conversions
Spirit Seeley,2019311871,"Seeley, Spirit"
Split-Second Defense LLC,2022318316,Split-Second Defense LLC
Spoiled Paws LLC,2023329288,Spoiled Paws
Spok Inc.,1997TC0408,Spok Inc.
"Sport Clips, Inc.",2012307942; 2010301072; 2010301073; 2010301074; 2012307943; 2010301075; 2021317386; 2021317385; 2026334781; 2026334782,Sport Clips NV109; Sport Clips; SPORT CLIPS NV109; Sport Clips NV116
"Sport Squad, Inc.",2025333591,JOOLA
"Sports Clubs of Nevada, Inc.",2020314991,"Sports Clubs of Nevada, Inc."
"Sports Medicine Rehabilitation Associates, A Flaviano Professional Corporation",2023322909,Family Wellness Clinic
SportsRing LLC,2024331689,SportsRing LLC
"Sportsman's Warehouse, Inc.",2017304837,Sportsman's Warehouse
Spring Flowers Landscaping Maintenance LLC,2024331446,Spring Flowers Landscaping Maintenance
Spring Hebler,2025332195,Sphinx Tales
"Spring Mountain Rehab, LLC",2022319330,"Spring Mountain Rehab, LLC"
Spring Oscar LLC,2024330095,Paradise Nail & Spa
"Spring Valley Surgery Center, LLC",2010300319,"Spring Valley Surgery Center, LLC"
Srintip Hess,2023321909,Srintip Hess
"St Evergreen, LLC",2010302531,My Spa
"St. Moritz Security Services, Inc.",2023321926,"St. Moritz Security Services, Inc."
St. Rose & Maryland Operating LLC,2025332137,WOW Carwash
"St. Rose Executive Suites, LLC",2007302172,"St. Rose Executive Suites, LLC"
StPeterGore LLC,2026335557,StPeterGore LLC
Stabile Productions Inc.,2025331935,Stabile Productions Inc.
"Stable Development, LLC",2025333350,"Stable Development, LLC"
Stacey Crawford,2025332398,Healing Touch Mobile Massage
Stacey Taylor,2013302491,Effortlessly Eclectic
Staci Lynne Green-Villlareal,2025332507,The Green Team
Stacks Unlimited LLC,2025333158,StacksLV
"Staff Management Solutions, LLC",2017306592,"Staff Management Solutions, LLC"
Staff Pro Management Services,2023322359,Allied Universal Event Services
"Staff-Sol, Inc.",2024330442,FVLS Consultancy
Stafford Innovations LLC,2024331745,Poolside By Stafford
Stagebender LLC,2023322633,Stagebender
Stallion Foods Nevada LLC,2015300470,Capriotti's Sandwich Shop
Stampede Wrestling Club LLC,2025333826,Stampede Wrestling Club
"Stanford Capital, LLC",2004303040,"Stanford Capital, LLC"
Stantec Consulting Services Inc.,2010303317,Stantec Consulting Services Inc.
Staple Food LLC,2025334488,And Pita
Staples The Office Superstore LLC,2011303371,Staples The Office Superstore
Star Carpet Cleaning LLC,2023321452,Star Carpet Cleaning LLC
Star Eyebrows LLC,2020315229,Star Eyebrows by Lisa
Star Hospice Care Inc,2021317350,Star Hospice Care Inc
Star Smoke and Gifts LLC,2025333691,Star Smoke and Gifts
Starbrands Networks LLC,2005301748; 2005301750,LP Gear; LP Tunes
Starbucks Corporation,2016301930; 2020314742; 2004304506; 2002302166; 2005303056; 2003300075; 1997039350; 2006305357; 2007302680; 2022318405; 2016301844; 2001300510; 2000056169; 2022320642; 2023322077; 2023323303; 2024331175; 2024331747; 2025332269; 2025332830,Starbucks Coffee Company; Starbucks Coffee #9307; Starbucks Coffee # 6432; Starbucks Coffee #9921; Starbucks Coffee #6513; Starbucks Coffee #10121; Starbucks Coffee #10748; Starbucks Coffee; Starbucks Corporation; Starbucks
Stardate Entertainment Group LLC,2025332097,Stardate Entertainment Group LLC
Starfire Soul Studio LLC,2022319258,Starfire Soul Studio LLC
Stasik Consulting Services/SCS,2012301140,Stasik Consulting Services/SCS
State of Flux Creative Corp,2020313615,AEP2 INC
State of The Art Pools LLC,2024330535,State of The Art Pools LLC
"Statewide Traffic Safety and Signs, Inc.",2026335241,AWP Safety
"Station GVR Acquisition, LLC",2019312476; 2011302200; 2011302199; 2011302203; 2011302205; 2011302206; 2011302207,Green Valley Ranch Resort Spa Casino
"Stearns, Conrad and Schmidt, Consulting Engineers, Inc.",2012309613,SCS Engineers
Steckler Enterprises L.L.C.,2022319111,The Sign Guy
Stefanie Lynn Haris,2021317875,"Haris, Stefanie Lynn"
"Stein Law, P.C. CO",2025333335,Mountain Peak Law Group PC
Step Up Academy of the Arts LLC,2010303181,Step Up Academy of the Arts LLC
Step by Step 3D LLC,2022320598,Step by Step 3D
Stephanie & Wigwam Operating LLC,2024329778,WOW Car Wash
"Stephanie APTS. SPE I, LLC",2000055894,Adiamo
Stephanie Hutchison,2019310022,"Hutchison, Stephanie"
"Stephanie Paseo Apts. II, LLC",2021316713,Aspire at Paseo
"Stephanie Paseo Apts., LLC",2017306132,Aspire at Paseo
Stephanie Pergola,2009303479,Stephanie Pergola
Stephanie Thi,2026335112,Stephanie Bee Photography
"Stephen A. Gephardt, M.D., LTD",2022318387,Nevada Pain Care
Stephen Desaulniers,2001004575,TINTPROS
Stephen Kleindienst,2011302548,Las Vegas X-Press Services
"Stephen P. Hahn, DDS, PC, Inc.",2008304010,Galleria Family Dental
Stephensen Pest Control,2005305813,JS PEST CONTROL
"Sterling Golf Services, LLC",2006300029,"Sterling Golf Services, LLC"
Sterling Jewelers Inc.,1996041256; 2000058609,Kay Jewelers #732; Jared the Galleria of Jewelry #0465
Sterling Wilson,2012310834,Sterling Pool Service
Steve Arrington,2025332861,Steve Arrington State Farm Agency
"Steve Beyer Productions, Inc.",2000056418,"Steve Beyer Productions, Inc."
Steve Candelas,2023329392,Candelas Firearms Training
Steve Kluss,2020314171,Backyard Pools
Steve Ochsner,1998039822,Steve's Computer Service
Steve's Tax Service Inc,2018309686,Steve's Tax Service Inc
Steven Blair,2026335635,Vocal Hatter Production
Steven C Jojola,2010301778,SCJ Consulting
"Steven Delisle, DDS, PC",2016301640,Children's Dentistry
"Steven E. Brown, M.D., PC",2023322954,"Steven E. Brown, M.D., PC"
"Steven L. Day, A Professional Corporation",2006301286,"Steven L. Day, A Professional Corporation"
Steven Michael Krahn,2025334498,40 Love Sports
Stewart Title Company,2024331861,Stewart Title Company
"Sticha, Inc",2025332671,"Sticha, Inc"
Stillwaters Counseling LLC,2026335738,Stillwaters Counseling
Sting-Rey Pest Control Ltd.,2014302610,Sting-Rey Pest Control Ltd.
Stinky Dog Enterprises LLC,2014301661; 2024330489,Muddy Paws Mobile; Powerful Intentions
Stoked on Printing LTD,2026335671,Merchloop
Stokes Virtual Task Managers LLC,2023321950,Stokes Virtual Task Managers LLC
"Stonelake Luxury Residences, LP",2018307018,The Douglas at Stonelake
"Strata Cina, LLC",2013300771,Terracina Apartments
Strata Vitality LLC,2026335242,Strata Vitality
Strategems Consulting,2015300244,Strategems Consulting
Strategic Syndicate LLC,2025333642,Amado Claw
Stratus Impact Consulting LLC,2025332052,Stratus Impact Consulting LLC
Streamline Mortgage Corporation,2023321853,Streamline Mortgage Corporation
Streamline Vape Co LLC,2019311797,Streamline Vape Co LLC
Street Clean LLC,2023322752,Street Clean LLC
Street Corner LLC,2025331972,Street Corner LLC
Street Insurance Agency LLC,2023323070,Farmers Insurance
StripChezze LLC,2024330945,Stripchezze LLC
"Stripped Esthetics, LLC",2018309348; 2018309349,Stripped Esthetics
StrongAI Solutions LLC,2026335873,StrongAI Solutions LLC
"Structure Studios, L.L.C.",2010300567,"Structure Studios, L.L.C."
"Struo Revenue Solutions, LLC",2024330830,"Struo Revenue Solutions, LLC"
Strutt Your Mutt LLC,2025331936,Strutt your Mutt LLC
"Studio J, Inc.",2018308306,"Studio J, Inc."
Studio Tattoo Inc,2023322767,Studio Tattoo Inc
Stutzman Law Office Chartered,2025333121,Stutzman Family Law Firm
Subtle Patriot LLC,2022318937; 2024331374,SUBTLE PATRIOT; Kradul
"Subway Nevada, LLC",2003303001; 2006302830; 2008300478; 2009300855,"Subway Nevada, LLC; Subway; Subway (37019)"
"Success Financial Advisors, L.L.C.",2014301714,Strategic Tax & Financial
Sudarat Singleton,2026335330,Sudarat Singleton
Sudo Club LLC,2020314616,GREAT VIOLIN CASES
Sue Daniel,2021317666,"Daniel, Sue"
Sugar & Spice Las Vegas LLC,2024329464,Sugar & Spice Las Vegas LLC
Sugar Shack LLC,2019312843,Purple Penguin
"Sugaring LV, LLC",2022318631,Sugaring NYC
Suhair Susan Sayegh,2016303120,A Touch of Class Window Covering
Sujata Arecanteparamb,2018309683,GRACE USMLE TUTORING
Suly Chi,2022319194,"Chi, Suly"
Sumi Labs LLC,2020313231,Sumi Labs LLC
"Summer House Green Valley, LLC",2024330139; 2024330140,Summer House
Summer Time Pools LLC,2023321367,Summer Time Pools LLC
Summit Canyon Handyman LLC,2026334901,Summit Canyon Handyman LLC
"Summit Family Counseling, LLC",2006302546,Summit Family Counseling
Summit Henderson Church Inc,2025332984,Summit Henderson Church
Summit Jewelry Corporation,2013303581,Summit Jewelry Corporation
"Summit Locksmith Las Vegas, LLC",2024329605,"Summit Locksmith Las Vegas, LLC"
Summit Mangement LTD,2025331939,Henderson Home Hero
Summitz Footwear Inc,2025333060,Summitz Group
"Sun Auto Tire & Service, Inc.",2019311184; 2024329425; 2024329426; 2024329427,Tire Works Total Car Care; Sun Auto Service
"Sun City MacDonald Ranch Community Association, Inc.",1996041435,"Sun City MacDonald Ranch Community Association, Inc."
"Sun West Mortgage Company, Inc.",2022319083,Mortgage Possible
"Sunbelt Rentals, Inc.",2006300448,"Sunbelt Rentals, Inc."
"Sundance Helicopters, Inc.",2023323082,"Sundance Helicopters, Inc."
Sundarkala Jaiswal Kakshyapati,2023321736,Love 4 Nails & Spa
"Sunday Pilates, LLC",2020313167; 2025332732,"Sunday Pilates LLC; Sunday Pilates, LLC"
Sunisa Earmprakhon,2026336209,Sunisa Earmprakhon
Sunkat Tax LLC,2025332691,Sunkat Tax LLC
Sunny Hills Exotics,2025333098,Sunny Hills Exotics
Sunny Rose,2024331445,Sunshine's Little Yorkies
Sunny Valley Landscape LLC,2024330422,Sunny Valley Landscape
Sunridge Janitorial Services LLC,2020313537,Sunridge Janitorial Services LLC
Sunrise East Inc.,2022318946,The UPS Store #0430
"Sunrise Engineering, LLC",2025333661,"Sunrise Engineering, LLC"
Sunrise Foods Inc.,2023322617; 2023322618,Del Taco
"Sunrise Hospital and Medical Center, LLC",2024330934,ER at Boulder's Edge
"Sunrise Market, LLC",2021317482; 2021317481,Sunrise Mediterranean Market & Bakery
Sunrise Mountain Dental and Orthodontics LLC,2018306785,Sunrise Mountain Dental and Orthodontics LLC
"Sunrise Professional Services, LLC",2022321241,Liberty Tax Service
"Sunrise Senior Living Management, Inc.",2015303261,Sunrise of Henderson
"Sunroad Element 12 Apartments, LLC",2024331876,Element 12 at Cadence
"Sunroad Russell Road Apartments, LLC",2022319891,The Presley at Whitney Ranch
"Sunset Cigar Lounge, LLC",2024331675,Sunset Cigar Lounge
"Sunset GV, LLC",2007304479; 2007304483; 2007304481,Wild Fire Casino and Lanes; Wildfire Casino and Lanes
"Sunset Nails & Lounge, LLC",2022321096,Sunset Nails & Lounge
Sunset Nails Spa LLC,2024330684,Sunset Nails Spa
Sunset Operating LLC,2021315570,WOW Carwash
Sunset Vision Care LTD,2023322350; 2023322351,All Things Eyes Sunset
Sunset Water Store LLC,2025333909,Sunset Water Store LLC
Sunset Winds LLC,2003305248,Sunset Winds Apartments
"Sunset-Las Liang, LLC",2024331433,Burning Wok
"Sunshine Minting Nevada, L.L.C.",2019311762,"Sunshine Minting Nevada, L.L.C."
Sunventure Travels LLC,2024331493,SunVenture Travels
Supa Claw Henderson LLC,2024331294,Supa Claw
Supawita Kongboonma,2021315848,"Kongboonma, Supawita"
Superb Maids LLC,2025332023,Superb Maids
Superhorse Inc.,2014303425,Superhorse Inc.
"Superior Pool Products, LLC",2012309422,Superior Pool Products
Superior Repairman LLC,2025333641,Superior Repairman LLC
Suresh Shrestha,2017305087,Sama Eyebrows Threading
Surinder Kaur,2013303143,Hashu Smoke Shop
Susan E Thompson,2023322153,"Thompson, Susan E"
Susan Girard & Britton Girard,2022320406,Kaleidoscope Productions
Susan Maldonado Counseling PLLC,2024330688,Susan Maldonado Counseling PLLC
Susan McKinney,2014300238,galeforce
Susan Rizal Fernandez MD Prof. Corp.,2005306161,Horizon Ridge Pediatrics
Susan Smuskiewicz,2016301825,"Smuskiewicz, Susan"
Susan Swanberg,2018307219,Raise the Ruff Pet Services
Susanan Anely Photography LLC,2025332877,Amor Magnets
Sushi Hiro Inc,2016301253; 2016301254,Sushi Hiro
Sutherland Medical/CSCS LLC,2014301690,Sutherland Medical/CSCS LLC
Suzy Theresa Soley,2023323639,Puppet Art Center of Nevada
Svetlana Esposito,2020313389,"ESPOSITO, SVETLANA"
"Swainston Consulting Group, Inc.",2004303423,"Swainston Consulting Group, Inc."
Swan Advertising inc,2025334298,Swan Advertising
Sweet & Savory LLC,2015303495; 2023323468,CRAFTkitchen
"Sweet Medicine, Inc",2022320276,The Good Feet Store
Sweetie Paws LLC,2023322641,Sweetie Paws LLC
Swift Clean LLC,2023321899,Swift Clean LLC
Swift Junk Hauling LLC,2026334706,Swift Junk Hauling
"Swing Computers, Inc",2022321187,"Swing Computers, Inc"
"Swingtide, Inc.",2021317134,"Swingtide, Inc."
Switchback Engineering LLC,2024329441,Switchback Engineering LLC
Swoon Media Inc,2026334786,Swoon Media
Sylo Management LLC,2022321124,Sylo Management LLC
Sylvia Aldebol-Valentin,2019310610,SA Art & Design
Symphonix Systems LLC,2021317122,Symphonix Systems LLC
SynEra Innovations LLC,2026335674,SynEra Innovations LLC
Syndeo LLC,2018309635,Broadvoice
"Synergy One Lending, Inc.",2025332066,"Synergy One Lending, Inc."
"Sysco USA I, Inc.",2024331528,Sysco Las Vegas
T & A Construction Cleaning LLC,2026334743,T&A Construction Cleaning
"T & A Models, Inc.",2007302853,T & A Models
T & K HOMES LLC,2012306968,T & K Homes LLC
"T & M Management, LLC",2022320677,Monarch Property Management & Realty
T & M SAHOO LLC,2014301243,"CAMP BOW WOW HENDERSON, NV"
T A S G LLC,2018306770,T A S G LLC
T N J Shaw Designs LLC,2025334256,T N J Shaw Designs LLC
"T Q, LLC",2022319416,La Belle Nail Spa
T Shirt Enterprises LLC,2019311836,Blood Sweat and Tees
T&K Noodles LLC,2025334032; 2025334033,Pho 95
T&N Nails Spa LLC,2024330932,T&N Nails & Spa
T-Mobile Financial LLC,2019310264; 2018309105; 2018307484; 2018307441; 2023321524; 2024331878,T-Mobile Financial LLC; T-Mobile Financial
T-Mobile West LLC,2010300025; 2009304101; 2010300001; 2009303104; 2011303466; 2023321523; 2024331877,T-Mobile; T-Mobile West LLC
T. NEU PLLC,2020314204,ADAVEN CHILDREN'S DENTISTRY
"T.J. Krob Consulting Engineers, Inc.",2010301325,"TJK Consulting Engineers, Inc."
T.L. Verma Corporation,2011302103; 2011302102,Hawthorn Suites by Wyndham
T.R. Business LLC,2021317840,American Journeys
T.Y. Harbor Inc.,2023323502; 2023329281,Ramen Ebisu
T3 Academy Corp.,2021316737,T3 ACADEMY
"T3 Triathlon, Sports and Fitness, LLC",2017306324,"T3 Triathlon, Sports and Fitness, LLC"
"T38 Fax, Inc.",2023321538,"T38 Fax, Inc."
T4 Engineer LLC,2018308907,T4 Engineer LLC
T8 Ulysses Site Management LLC,2023322286,T8 Ulysses Site Management LLC
TA Montego Fee Owner LLC,2022320651,Montego Bay Apartments
TA Parkway Fee Owner LLC,2025333657,Parkway Townhomes
TAILORED MARKETING INCORPORATED,2020313022,TMI Realty
"TALBOT, COREY",2009302743,C and C Pool Service
"TAM-Taylor Assoc. Management, Inc.",2006303156,Taylor Association Managment
"TANEY ENGINEERING, INC.",2009301870,TANEY ENGINEERING
"TARKANIAN BASKETBALL ACADEMY, INC.",2011302244,TARKANIAN BASKETBALL ACADEMY
"TARNAI, JULIAN",2002300200,Basic Hills Apartment
TASA Insurance Services LLC,2019309828,TASA Insurance
TASCO AUTO COLOR,2018309369,TASCO AUTO COLOR CORPORATION
"TATE SNYDER KIMSEY ARCHITECTS, LTD",2006301507,TSK
"TATUM, LAMAR E",2005301030,TATUM ENTERPRISES
TAX ADVISORS LLC,1995035428,TAX ADVISORS LLC
"TAYLOR ORTHOPEDIC CLINIC, LTD.",2006303644,NEVADA ORTHOPEDIC & SPINE CENTER
"TC Educators of Nevada, LLC",2009302709,Tutoring Club
TCB Group LLC,2021316013,TCB Global
TCC Horizon LLC,2022319952,The Coffee Class
TCC St Rose LLC,2022320858,Almond & Oat
TCC Water St LLC,2026334596; 2026334597,The Coffee Class
"TCF CONSULTING, INC.",2018306650,"TCF Consulting, Inc."
"TCS CABINETS, LLC",2016301025,"TCS CABINETS, LLC"
TD Time LLC,2023323370,TD Time LLC
TDC Healthcare Education,2024329635,Trust Driven Care
TDEC Consultancy LLC,2020314832,TDEC CONSULTANCY LLC
"TE BELLA PROMOTIONS, LLC",2009300375,"TE BELLA PROMOTIONS, LLC"
TEAM ACME INC.,2003302300,TEAM ACME INC.
TEAM DYC Business Services LLC,2021317252,TEAM DYC Business Services LLC
"TEAM SOFT SOLUTIONS, LLC",2013302485,"TEAM SOFT SOLUTIONS, LLC"
"TEC SERVICES, INC.",2007303069,"TEC SERVICES, INC."
TECHCHAYCE LLC,2025333955,TECHCHAYCE
"TECHNOTWIST, LLC",2001002488,TECHNOTWIST LLC
TECHVANTA LLC,2023322989,TECHVANTA LLC
"TECTONICS DESIGN GROUP, INC.",2019312179; 2019312180,"TECTONICS DESIGN GROUP, INC."
TEK Services LLC,2025334018,Sin City Styling
"TEMPLATE SERVICES, INC",2005300583,"TEMPLATE SERVICES, INC"
TEN GROUP LLC,2019311156,TEN GROUP LLC
TEN SAINTS HOTEL II LLC,2019310197; 2019310196; 2019310329,Residence Inn by Marriott
TENCORLES BRIDAL STUDIO LLC.,2018309192,Ten Bridal
"TENNER, MARK",2000058455,CONCEPT DEVELOPMENT GROUP
"TERI F. BELMONT, PH.D., PLLC",2021317933,"TERI F. BELMONT, PH.D., PLLC"
TERRACE BANQUET HALLS LLC,2012301176; 2012301175,TERRACE BANQUET HALLS LLC
TERRACE FINANCE CORP.,2020314358,TERRACE FINANCE CORP.
"TERRACON CONSULTANTS, INC.",2014301336,"TERRACON CONSULTANTS, INC."
TERRY ANN SCHAAP L.L.C.,2018309332; 2018309331,ARTISTRY AT THE ATRIUM
TES USA Inc,2022321041,TES USA
TEXTURE NV INC.,2022319837,Texture NV Inc
TG Business Solutions LLC,2020314783,TG Business Solutions LLC
"TG Engineering, Inc.",2010301314,"TG Engineering, Inc."
TGGC LLC,2023321513,Tony's Gyros Greek Cuisine
"TGIG, LLC",2016300850; 2017306181,The Grove Wellness Center
TH Capital Holdings LLC,2021316677,NEW NAILS AND SPA
"TH FOODS, INC.",2012307265,"TH Foods, Inc."
TH Tavern 5 LLC,2021317240; 2021317239,WSKY Bar & Grill
THAI CHILI RESTAURANT LLC,2015303815,THAI CHILI RESTAURANT LLC
"THAI THAI BY KAMOL, LLC",2017300000; 2018308154,Thai Thai Restaurant; THAI THAI RESTAURANT
THE ACCOUNTANT LLC,2022320513,The Accountant LLC
"THE ACHIEVEMENT ACADEMY, INC",2009301658,"ACHIEVEMENT ACADEMY, THE"
"THE APPRAISAL GIRLS, INC.",2022319303,"THE APPRAISAL GIRLS, INC."
"THE BAIRD GROUP, LLC",2019311364,"THE BAIRD GROUP, LLC"
"THE BAREND AGENCY, INC.",2015303337,"THE BAREND AGENCY, INC."
"THE BELLEVUE APARTMENTS, LLC",2009300506,WOOD CREEK VILLAS / BELLEVUE APARTMENTS
"THE BILLING OFFICE, L.L.C.",2005303611,"THE BILLING OFFICE, L.L.C."
"THE BUCKLE, INC.",2008304006,"THE BUCKLE, INC."
THE BUTCHER'S CHOICE OF NEVADA INC.,2022320154,THE BUTCHER'S CHOICE OF NEVADA INC.
"THE CHARITY CLUB, LLC",2021318043,The Charity Club
THE CHURCH AT SOUTH LAS VEGAS,2014303092,LAS VEGAS BIBLE INSTITUTE
THE CONSULTANTS.,2007303228,"RUSSELL, NORMAN W."
THE COUNTERTOP FACTORY,2019311960,The Countertop Factory
THE EXTINGUISHER GUY'S LLC,2018308111,THE EXTINGUISHER GUY'S LLC
"THE EYE SITE, LLC",2010302825; 2010302826,The Eyesite of Anthem; THE EYESITE OF ANTHEM
THE FRIENDS OF HAITI INC,2013300804,THE FRIENDS OF HAITI INC
THE IDEA ROOM LLC,2019311571; 2019311570,THE IDEA ROOM LLC
THE JUICE BAR AT LVAC,2019311870,THE JUICE BAR AT LVAC
THE LANDINGS @ HND LLC.,2018306818; 2018306817,THE LANDINGS RESTAURANT & BAR
"THE LANTIS COMPANY, INC.",2020314163,"THE LANTIS COMPANY, INC."
"THE LAW OFFICE OF CHRIS VERO, CHARTERED",2011302501,"THE LAW OFFICE OF CHRIS VERO, CHARTERED"
"THE LAW OFFICE OF PATRICK DRISCOLL, LLC",2010301289,"LAW OFFICE OF PATRICK DRISCOLL, LLC, THE"
THE LIGHT PHONE INC.,2020315049,THE LIGHT PHONE INC.
THE LULLABY CONNECTION,2017304755,"Lullaby Connection, The"
THE MAINSTREAM GROUP,2015303307,THE MAINSTREAM GROUP
"THE MORRIS GROUP, INC.",2003304654,"MORRIS GROUP, THE"
THE NAIL BAR II LLC,2018306972,The Nail Bar II
THE NEVADA CHAMBER SYMPHONY,2012307899,NEVADA CHAMBER SYMPHONY
THE NEW TERRAIN FOUNDATION,2011303341,THE NEW TERRAIN FOUNDATION
THE NICKY RICKY CORPORATION,2017305195,Primerica
THE OREGON CAT PROJECT,2013301432,THE AMERICAN CAT
THE PAUL SOLIAI FOUNDATION INC,2013300335,THE PAUL SOLIAI FOUNDATION INC
"THE PRETTY KITTY, INC.",2009303917; 2009303918,THE PRETTY KITTY
"THE REVOLUTION FMO, LLC",2012301283,"THE REVOLUTION FMO, LLC"
THE ROCK & HOLLYWOOD GALLERY,2011302352,RNH SALES GROUP
THE SAFE KEEPER INC.,2020313908,THE SAFE KEEPER INC.
THE UNIFIED PROJECT INC.,2021316529,UNIFIED
"THE VANDERFORD COMPANY, INC.",2007301152,"THE VANDERFORD COMPANY, INC."
THE VIBE BARBER & BEAUTY LLC,2022318446,The Vibe Barber & Beauty LLC
"THE WATER STATION, LLC",2005300221,"THE WATER STATION, LLC"
THE WISE UNICORN L.L.C.,2017305744,"Wise Unicorn L.L.C., The"
"THE WLB GROUP, INC.",2013300470,"THE WLB GROUP, INC."
THEATRE IN THE VALLEY,2016300872,THEATRE IN THE VALLEY
THECABINETDEPOT.COM LLC,2014301069,THECABINETDEPOT.COM
"THERMO SYSTEMS, L.L.C.",2016300131,"THERMO SYSTEMS, L.L.C."
"THI of Nevada II at Desert Lane, LLC",2013300343; 2013300344,Horizon Specialty Hospital of Henderson
THOMAS L PREWITT & JANET L PREWITT,2009300461,PREWITT LAND SURVEYING
"THOMAS L. HERNON, CPA, LLC",2010300069,"THOMAS L. HERNON, CPA, LLC"
"THOMAS P. KEATING, D.D.S., LTD.",2006303999,Keating Dental
"THOROUGHBRED MANAGEMENT, INC.",2015301142,"THOROUGHBRED MANAGEMENT, INC."
THRIVENT FINANCIAL FOR LUTHERANS,2011300637,THRIVENT FINANCIAL FOR LUTHERANS
THUC DINH TRAN,2019311594,KHANH HANDYMAN SERVICE
"THX, LLC",2021317401,"THX, LLC"
"TIGER CONSULTING, LLC",2014301642,WEBSITE TIGERS
"TILLOTSON, MONICA",2007300590,Travel By Monica
TIME WINDOWS CLEANING LLC,2019312920,TIME WINDOW CLEANING
TIMOTHY WARREN JUDGE,2020314112,CURBSIDE CATERING
"TINNELL, TAD",2015303031,"TINNELL, TAD"
TJ Digital LLC,2025331954,TJ Digital LLC
TJM STUDIOS L.L.C.,2020314735,TJM STUDIOS L.L.C.
TL PANGALLO LLC,2022321083,Destiny Nails
TLC Property LLC,2025332774,TLC Property LLC
TLC SNF Operations LLC,2022320495,TLC Care Center
TLP LLC,2020313945,SELECT APPRAISAL SERVICES
TLS Auto L.L.C.,2009302685,TLS Auto L.L.C.
TMB LLC,2013301765,TEA MIND BODY
"TMCX SOLUTIONS, LLC",2012308634,"TMCX SOLUTIONS, LLC"
"TMMVRG, LLC",2021318146,Alpha Water
"TNA Enterprises, LLC",2023323085,CPA Financial Architects
"TNT Appraisal Group, LLC",2024329608,"TNT Appraisal Group, LLC"
TNTNinjas LLC,2025333916,T&T Ninjas Gymnastics
TOASTMASTERS INTERNATIONAL,2012308881,SOURCER-ERS TOASTMASTERS
TOBACCO LEAF LLC,2004302924,TOBACCO LEAF
"TODAY FURNITURE, LLC",2008303509; 2017304398,BIG'S FURNITURE
TODD'S INDUSTRIAL LIFT SERVICE INC,2001301427,TODD'S INDUSTRIAL LIFT SERVICE INC
TOGETHER WE CAN,2018306852,Vegas Roots Community Garden
"TOMIKE ENTERPRISES, INTERNATIONAL, LLC",2005305378,MSG Surveying
TONI AUTO REPAIR LLC,2025334226,TONI AUTO REPAIR
TOO STARS INC,2006305305,DINGBATS
TOPNOTCH AUTO BODY REPAIR LLC,2019311379,TOPNOTCH AUTO BODY REPAIR LLC
"TORRES, TIM",2015302795,TTC ENTERPRISES
TORRID LLC,2015302054,TORRID LLC
"TOTAL HEALTH ESSENTIAL, INC",2017300563,"TOTAL HEALTH ESSENTIAL, INC"
TOTAL PHYSICIAN RESOURCES INC,2000056215,"TOTAL PHYSICIAN'S RESOURCE, INC"
"TOTAL PHYSICIAN RESOURCES, INC.",2019312294,TPR PSVTS
TOURO UNIVERSITY,2007301920,TOURO UNIVERSITY
"TPG/SGH (Horizon and Gibson) Acquisition, LLC",2016300379,The View at Horizon Ridge
"TPGLV, LLC",2025333883,The Property Group
"TRADE CONSULTANTS, LLC.",2018309280,"TRADE CONSULTANTS, LLC."
"TRADE SHOW TECHNICAL , INC",1996040909,TRADE SHOW TECHNICAL INC
TRAN TOUNIAN HOANG I DDS PLLC,2014300508,Mint Dental & Orthodontics
TRANQUIL BREEZES CARE HOME LLC,2015303290,TRANQUIL BREEZES CARE HOME LLC
"TRANSITION SERVICES, INC.",2005303186,"TRANSITION SERVICES, INC."
"TRANSPORTATION AGENT GRID, LP",2018308058,"TRANSPORTATION AGENT GRID, LP"
"TRASATTI, MELISSA",2011302145,Melissa's Pet Sitting
"TRAUMA INTERVENTION PROGRAMS, INC.",2006303850,"TRAUMA INTERVENTION PROGRAMS, INC."
TRAVELING AUTO SPA LLC,2019311141,TRAVELING AUTO SPA LLC
"TRAVIS C. STRATTON, DMD, LTD.",2008301088,Stratton Dental
TREK RETAIL CORPORATION,2021318226,Trek Bicycle Henderson
"TRESperanza, LLC",2023322389,TRESperanza
"TRETINA, ELIZABETH",2014301163,YOUR BODY IS MY BUSINESS
TRICERA LLC,2019311049,TRICERA LLC
TRIM BODY MD LLC,2010303468,TRIM BODY MD
TRINITY LAND SURVEYING INC.,2020314224,TRINITY LAND SURVEYING INC.
"TRIOID INTERNATIONAL GROUP, INC.",2004303534,"TRIOID INTERNATIONAL GROUP, INC."
TRM Services LLC,2026335947,Emerald Pest Control
TRO LLC,2019312833,ALAIS B. HEALTH AND WELLNESS
"TRU PHYSICAL THERAPY, INC.",2005306214,"Tru Physical Therapy, Inc."
TRUE CORE THERAPY AND WELLNESS LLC,2012300619,TRUE CORE THERAPY AND WELLNESS LLC
TRUE LIFE COACHING LLC,2023323301,Aloha Care Therapy
TRUGREEN LIMITED PARTNERSHIP,2017304952,Trugreen
"TRULY NOLEN OF AMERICA, INC.",2009301507,"TRULY NOLEN OF AMERICA, INC."
"TRUMAN, GRANT S.",2015303130,TRULINE CORP.
TS Group LLC,2023321661,TS Group LLC
"TSG Wealth Management, LLC",2024331102,TSG Wealth Management
TSKS Investments LLC,2016300005,The UPS Store #1390
TTF GROUP LLC,2015303289,AMEERY CARE
TTran Dental Consultants LLC,2022319836,TTran Dental Consultants LLC
TULLIO TRANSPORTATION SOLUTIONS LLC,2022318802,TULLIO TRANSPORTATION SOLUTIONS LLC
"TURNING POINT EXPERIENCE, INC.",2011303310,"TURNING POINT EXPERIENCE, INC."
TURNT UP TOURS LLC,2022318649,TURNT UP TOURS LLC
"TVI, INC.",2005306790; 2025334181,SAVERS; Greendrop
TYSON & MENDES LLP,2022318978,TYSON & MENDES LLP
Tac Group 360 Inc,2025332241; 2025332242,Tac Group 360 Inc
Tacos Los Barrios - Henderson LLC,2023321338,Tacos Los Barrios
Tacos Los Barrios LLC,2025332987,Tacos Los Barrios
Tacotarian Henderson LLC,2021315681; 2021315680,Tacotarian
Tactical Towing & Roadside Assistance LLC,2024329615,Tactical Towing & Roadside Assistance
"Tahoe Springs, LLC",2015302837,"Tahoe Springs, LLC"
Taide Carpenter,2023321532,"Carpenter, Taide"
Tailored Solutions Consulting LLC,2026334687,Tailored Solutions Consulting
Tailored Touch LLC,2026335586; 2026335587,Tailored Touch LLC
Talbert C Bryant,2025334379,Sweetwater Capital Corporation
"Talent Success, LLC",2024330632,"Talent Success, LLC"
"Talk America, Inc.",1997TC0816,"Talk America, Inc."
"Talk of the Town, LLC",2012307344,"Talk of the Town, LLC"
Talkadot,2023321286,Talkadot
Tallie LLC,2023322148; 2023322149,Me Gusta Tacos
Tamalove AH LLC,2026334857,Tamalove
Tami Applegate,2024330979,"Applegate, Tami"
Tami Jenks,2023322448,Cruelty Free Girls
Tammy Wood,2019309835,Vegas Crystal Healings & More!
"Tan Green Valley Modern Dentistry, PC",2015303698,Green Valley Modern Dentistry
"Tang Dentists of West Henderson, PC",2023321614,Dentists of West Henderson
"TaniaD Artistry, LLC",2025332180,"TaniaD Artistry, LLC"
Tanks Pressure Washing and Services LLC,2025332571,Tanks Junk Removal
Tanya M Robinson,2021316918,ROYAL T'S DESIGNS
"Tap Beauty Lounge, LLC",2025333852; 2025333854,Tap Beauty Lounge
Tara Danielle Mendoza,2025333197,Dirty Lickins Ice Cream
Tara Douris,2025332662,Inspiring Connections Therapy
Tara L Hamilton,2014300446,"Hamilton, Tara L"
Target Corporation,2009303304; 1991008914; 2008302602; 2014302611; 2014302612; 2014302594,Target Store T-2568; Target Store T-0680; Target Store T-2404
Taryn Alexandra Reed,2020313940,"Reed, Taryn Alexandra"
Task Pro LLC,2025333475,Task Pro LLC
Taste of Guam LLC,2024331885,Taste of Guam
Tatevik Pilosyan Dental Inc,2025333323,Las Vegas Aesthetic Dentistry
Tawin Pasujit,2021317491,"Pasujit, Tawin"
Tawney Cano,2026335047,Cano Corso Kennels
Tax Coach LLC,2020313031,My Tax Coach
Tax Office of Michael Haney Inc.,2020313036,Tax Office of Michael Haney Inc.
Tax Pros 365 LLC,2025333345,Tax Pros 365 LLC
"Tax Services of America, Inc.",2008300041; 2008300043; 2022318339; 2013300350; 2024331883,Jackson Hewitt Tax Service
Tayken Inc.,2020313667,PMI Henderson
Taylor Derrick Capital LLC,2016302307,Taylor Derrick Capital LLC
Taylor Eake,2025334096,Taylor Eake
Taylor Family Insurance LLC,2025332380,Taylor Family Insurance
Tazmanian Freight Systems Inc.,2025333742,Tazmanian Freight Systems Inc.
Tcompanies Inc.,2024329504,Tcompanies Inc.
"Team Car Care West, LLC",2018309488; 2018309455; 2018309533; 2018309490,Jiffy Lube #3085; Jiffy Lube #2668; Jiffy Lube #3005; Jiffy Lube #3006
"Team Garwood BJJ, LLC",2021318215,Carlson Gracie Green Valley
Teaspoon Collective Prof. LLC,2024330902,Teaspoon Collective Prof. LLC
Tech Science Press LLC,2025332016,Tech Science Press LLC
"Techcore Concepts, LLC",2015303873,"Techcore Concepts, LLC"
"Techmotive Nevada, LLC",2024329414,Techmotive
Tee's Auto Body and Paint Inc.,2018307045,Tee's Auto Body and Paint
"Teleport Communications America, LLC",1997TC0829,"Teleport Communications America, LLC"
Telrite Corporation,2023323458,Life Wireless
Ten Saints SPE LLC,2024330601; 2024330603,Hampton Inn and Suites
Ten Saints Tavern LLC,2007302142; 2007302144,Remedy's
Tension Tides Massage Therapy LLC,2025333976,Tension Tides Massage Therapy LLC
"Teodora Victoria Buda-Gordon, DDS PC",2013303383,"Teodora Victoria Buda-Gordon, DDS PC"
Terance D Miethe,2010302451,CJ RESEARCH
Teresa Dee Prater,2021317202,Home Couture by Teresa Prater
Teresa Narciso Gonzalez,2024331875,Religious Apparel and Jewelry
Teresa Phares,2024330502,"Phares, Teresa"
Teresa R. Ellis,2024329585,Teresa R. Ellis - Movement & Wellness
Teresita Gutierrez,2024330638,"Gutierrez, Teresita"
Teriyaki Boy Inc.,2024329923,Teriyaki Boy
Terminal Outcomes LLC,2025332901,Terminal Outcomes
Terra Recovery Massage LLC,2025334511,Terra Recovery Massage LLC
"Terrance Kwiatkowski, P.C.",2025332234,"Terrance Kwiatkowski, M.D."
Terrence Lake,2026334531,Club Zone Entertainment
Terri Tracey,2005302719,Terri Tracey Bookkeeping Service
"Terrible Herbst, Inc.",2022318821; 2022318822; 2022318818; 2022318819; 2022318815; 2022318816; 2022318824; 2022318825; 2017300760; 2020313099; 2020314607; 2020314606; 2017300758; 2020313097; 2005305324; 1991008732; 1999046408; 2005305325; 2001002904; 2009301677; 2009301678; 2009301462; 2002300685; 2003301886; 2003301887; 2001002903; 2021317972; 2021317971; 2009301821; 2006302598; 2006302599; 2009301822; 2021317545; 2021317546; 2000055881; 1990007698; 1999046405; 2000055883; 2022319813; 2022319815; 2021317976; 2002300684; 2021317975; 2022318820; 2022318823; 2022318817; 2022318826; 2017300759; 2005305323; 2003300740; 2003300743; 2003300737; 2020314608; 2003300739; 2003300744; 2009301679; 2003301888; 2021317973; 2006302600; 2009301820; 2021317548; 2020313100; 2022319814; 2021317977,Terrible's #434; Terrible's #440; Terrible's #436; Terrible's #441; Terrible's #330; Terrible's #212; Terrible's #344; Terrible's #274; Terrible's #174; Terrible's #226; Terrible's #159; Terrible's Car Wash #160; Terrible's #238; Terrible's #235; Terrible's #391; Terrible's #191; Terrible's #277; Terrible's #429; Terrible's #224; Terrible's #170; Terrible's #442; Terrible's #163
Terrie Tran Prof. LLC,2020314217,All Smiles by Design
Terry A Truesdale,2014302196,"Terry A Truesdale, DDS"
"Terry Johnson, Chtd.",2022318487,LAW OFFICE OF TERRY JOHNSON
Terry Wilbanks,2019310421,Doctor Detail & Wash
Terryl Garson Lewis,2022319995,"Terryl Garson Lewis, Paralegal"
"Tesla Motors NV, Inc.",2024329639,"Tesla Motors NV, Inc."
Tessa Canzler,2022319621,"Canzler, Tessa"
Test & Measurement,2025333369,Inspectortools
"Tether Games, Inc.",2022319611,"Tether Games, Inc."
Texas Roadhouse Holdings LLC,2022318930; 2021317268; 2022318931; 2021317267,Texas Roadhouse
Textron Aviation Inc,2018306934,Textron Aviation Inc
Thai Food Express L.L.C.,2018308571,Thai Food Kitchen
Thai Massage Pro LLC,2017306414,Thai Massage Pro LLC
Thai Spa 2 LLC,2015300741,Thai Spa Massage 2
Thailicious Corp,2017305686; 2017306351,Thailicious Authentic Thai and Vegan
Thanh Chi Lam,2018308516,Luxe Nail Bar
Thanh Ngo,2021318217,VQ Nails
Thanh Phuong Thi Nguyen,2017300169; 2023322999,New Style Nail Spa
Thantita Phuangphoemchansiri,2025332135,"Phuangphoemchansiri, Thantita"
The Alkaline Food & Beverage Co. LLC,2026335603,Exodus Alkalizing Juice
The Allison Law Firm Chtd.,2021317712,The Allison Law Firm Chtd.
The Allwein Group LLC,2025333036,The Allwein Group LLC
The Arbeli Group Inc,2025332208,The Arbeli Group Inc
"The Arrangers, Inc.",2026335964,Creative Endeavors
"The Arthritis Foundation, Inc.",2009303682,"The Arthritis Foundation, Inc."
The Association Management Group LLC,2025332487,The Association Management Group
"The Aviary At Union Village, LLC",2023323442,Aviary Apartments
"The Ballot Box, Inc",2016301739,"The Ballot Box, Inc"
The Barking Lot LLC,2010301900,Sloppy Kisses Pet Store
"The Barricade Company, LLC",2020315470,"The Barricade Company, LLC"
The Baseball Experience LLC,2025334290,The Baseball Experience
"The Beach House Las Vegas, LLC",2023322971; 2023322973,The Beach House Las Vegas
The Beaute Routine LLC,2022321155,The Beaute Routine LLC
The Blended Craft Barber Studio LLC,2023321727,The Blended Craft Barber Studio LLC
The Bo Hash Insurance Agency,2005306750,High Desert Insurance
The Book & The Bean LLC,2026335673,The Book & The Bean LLC
The Brand Beauty Vegas LLC,2021317275; 2021317276,The Brand Beauty
"The Brennan Consulting Group, LLC",2012301014; 2012301016,"The Brennan Consulting Group, LLC; Brennan Luxury Travel Services"
The Brentwood Companies LLC,2022320773,The Brentwood Companies LLC
"The Bug Doctor, Inc",2005304432,"The Bug Doctor, Inc"
The Business Lyfe LLC,2026335966; 2026335967,The Business Lyfe LLC; Business Lyfe Risk Advisors
"The Butcher Block, LLC",2017304983,The Butcher Block
The Candelario Group LLC,2023322337,The Candelario Group
The Capital of Tacos LLC,2021317123,The Capital of Tacos
"The Cheesecake Factory Restaurants, Inc.",2005303292; 2005303293,The Cheesecake Factory
"The Children's Cabinet, Inc.",2010302620,"The Children's Cabinet, Inc."
The Church of Jesus Christ of Latter-day Saints,2025333959,CS Alarm Monitoring
"The Clarkson Law Group, P.C.",2017300494,"The Clarkson Law Group, P.C."
"The Clean Supps, LLC",2022318993,Inno Supps
"The Coach Group, LLC",2023323007,Vegas Aces Volleyball
The Comforted Kitty LLC,2024330739,The Comforted Kitty
The Connection LLC,2019310579; 2019310580,The Connection Thai Sushi
The Consignment Spot LLC,2023321897; 2023321898,The Consignment Spot LLC
The Converse Professional Group,2020314759,Converse Consultants
"The Cool Guy Pool Guy, LLC",2023321907,"The Cool Guy Pool Guy, LLC"
The Creative RE Group LLC,2025332952,The Creative
"The Croix Townhomes, LLC",2015301454,"The Croix Townhomes, LLC"
The Dance Zone LLC,2002303619,The Dance Zone
"The Day Chiropractic Group, P.C.",2019310355,One Stop Injury Center Galleria
"The Day Injury Center, P.L.L.C.",2024331854,Injury Relief Center
"The Docs Primary Care, Inc.",2022320190,"The Docs Primary Care, Inc."
The Doggy Spa LLC,2026334877,The Doggy Spa LLC
The Drake Group Incorporated,2016302549,The Drake Group Incorporated
"The Edge Pet Hospital, LLC",2024329760; 2024329761,The Edge Pet Hospital
The Escobedo Team LLC,2024330428,Sienna Mortgage
The Event Plaza at Whitney Ranch LLC,2021316085,THE EVENT PLAZA
The Eye Doctor at St. Rose LLC,2020315249; 2022318439,The Eye Doc at St. Rose; The Eye Doc at St Rose
The Fabulous Las Vegas Events L.L.C.,2017300569; 2017305490; 2025332348,Sunset Castle; Savory Celebrations
The Finest Aircraft Detailing LLC,2025332631,The Finest Aircraft Detailing LLC
The Flynn-Smith Enterprise LLC,2026335211,Sierra Peak IT Solutions
"The Fuel Matrix, LLC",2015302583,"The Fuel Matrix, LLC"
The Funnel Cake Cafe LLC,2024331161,Braud's Funnel Cake Cafe
The Giovanni Melton Foundation,2019312362,The Giovanni Melton Foundation
The Gist of It Productions,2022320258,The Gist of It Productions
"The Giuseppe Team, LLC",2013301174; 2013301176,Giuseppe's Italian Grille
The Giving Store,2011302555; 2016301980,"GIVING STORE, THE; LOOTIQUE"
The Glow House LLC,2026335424,The Glow House LLC
The Goldenberryz LLC,2025334316,The Goldenberryz LLC
The Good Dog Spa LLC,2022318760,The Good Dog Spa
The Good Place LV LLC,2022319948; 2026334753,The Good Place LV LLC
"The Grail Collective, LLC",2020315306; 2020315305,"The Grail Collective, LLC"
"The Green Banana, LLC",2026336309,Simon and Mags
The Grimm Consulting Group - LLC,2022319881,The Grimm Consulting Group - LLC
The Gump House LLC,2016300260,The Hideout
The Hallgren Company,2015303139,Hallgren Company
The Happy Shack LV LLC,2025333926,The Happy Shack LV LLC
The Healing Gaia LLC,2026334850,The Healing Gaia
The Healing Sisterhood LLC,2022320820; 2023322644,Universal Healer
The Hertz Corporation,1999048017; 2008301358; 2023321482,Hertz
The Hilliard Agency Inc,2026335773,TWFG - Hilliard Insurance
The Holistic Skin Coach LLC,2024330153,Build Resilient Terrain
The Home Examiner LV LLC,2024331524,The Home Examiner LV LLC
"The Honey Baked Ham Company, LLC",2019310521,Honey Baked Ham #1103
The Hushfall Archives LLC,2025332357,The Hushfall Archives LLC
The Intentional Dating Project LLC,2025334326,The Intentional Dating Project LLC
"The Jacks Law Group, PLLC",2015301466,"The Jacks Law Group, PLLC"
The Joy Edit LLC,2026335597,The Joy Edit LLC
"The Junior Golf Academy, LLC",2017300123,"The Junior Golf Academy, LLC"
The Just One Project,2024331248,The Just One Project
The K-9 Handler LLC,2017305859,The K-9 Handler LLC
"The Kircher Law Firm, PLLC",2023323096,"The Kircher Law Firm, PLLC"
"The Law Office of Erik Severino, LLC",2013303539,Law Office of Erik Severino
"The Law Office of Saira Haseebullah, PLLC",2026336100,"The Law Office of Saira Haseebullah, PLLC"
The Law Office of Vernon Nelson PLLC,2024330944,The Law Office of Vernon Nelson PLLC
"The Law Offices of Christian M. Morris, PLLC",2023322249,Christian Morris Trial Attorneys
"The Law Offices of Garry L. Hayes, A Professional Corporation",2005305769,The Law Office of Hayes & Welsh
The Law Offices of John K. Maloney,2022319326,The Law Offices of John K. Maloney
"The Law Offices of Lawrence M. Ruiz, PLLC",2018309601,"The Law Offices of Lawrence M. Ruiz, PLLC"
The Liquor Store #1 LLC,2024330148; 2024330149,The Liquor Store
"The Loan Store, Inc.",2023329219,"The Loan Store, Inc."
The Lodge at Stephanie LLC,2021317337; 2021317339; 2021317338; 2021317340,The Lodge Lounge; The Lodge at Stephanie
The Lovesac Company,2024330374,The Lovesac Company
The Lumari Legacy LLC,2025333246,The Lumari Legacy LLC
The Lunch Crew Catering Inc,2019311117; 2019311829,Anna's Breakfast and Lunch
The Luxury Soulfood Experience LLC,2026335255,Sweet & Savory Baked Goods
The Madison Real Estate Group LLC,2022321173,The Madison Real Estate Group LLC
"The Marshall Retail Group, LLC",2009300749; 2009300751; 2009300750; 2009300752,Essentials; M Collections
"The Martin-Brower Company, L.L.C.",2025332548,The Martin-Brower Company LLC
"The Math Solution, LLC",2006300960,The Math Solution
The Mayans Repair & Handyman LLC,2024331349,The Mayans Repair & Handyman LLC
"The Maynard Group, Inc.",2022321192,"The Maynard Group, Inc."
The Meagher Group L.L.C.,2014303416,Prestige Banquet & Event Center
"The Men's Wearhouse, LLC",2022320717,The Men's Wearhouse #2404
The Midnight Writer LLC,2025333270,The Midnight Writer LLC
The Military Order of the Purple Heart,2007300272,"MILITARY ORDER OF THE PURPLE HEART, THE"
The Mixer LLC,2026334927; 2026335536,The Mixer
The Mobile Hospitality Company LLC,2026335323,The Mobile Hospitality Company LLC
The Money Bucket LLC,2025332172,The Money Bucket LLC
"The Monroe Group, Inc.",2024331048,"The Monroe Group, Inc."
"The Moore Law Group, A Professional Corporation",2023322024,"The Moore Law Group, A Professional Corporation"
"The Mor Group, LLC",2020314937; 2022320120; 2023321923,The Mor Group
The Muffler Shop,1995035621,The Muffler Shop
The Nail Arts LLC,2024330500,The Nail Arts
The Nail Boutiques LLC,2023321491,The Nail Boutiques
"The Nassar Smile Design Center, P.C.",2006305354,Smile Design Center
The Nine Muses LLC,2022318914,The Nine Muses LLC
"The Northern Light, LLC",2025333151,"The Northern Light, LLC"
"The Oncology Institute CA, A Professional Corporation",2022320805,"The Oncology Institute CA, A Professional Corporation"
The Original 1 LLC,2022320435,Ingles Motel
"The Paw Spa Pet Salon & Boutique, LLC",2008304033,The Paw Spa
The Pelczar Corporation,2012307367,The Pelczar Corporation
The Pep Boys Manny Moe & Jack of California LLC,2023321945,Pep Boys Auto #869
The Perfect Paws Pet Boutique LLC,2024330426,The Perfect Paws
The Perkins Company,2013301705,The Perkins Company
The Place at RW LP,2024330819; 2026335016,Ilumina on Raiders Way
"The Plum Family Holding Company I, L.L.C.",2017304433,Sunset Boat & RV Storage
"The Pokemon Company International, Inc.",2025332218,"The Pokemon Company International, Inc."
The Pond Doc LLC,2025331956,The Pond Doc
The Property Syndicate LLC,2026335051,Syndicate Systems
The Pub LLC,2017306185; 2017306184,The Pub
"The Puppy Store Las Vegas, LLC",2018308552,The Puppy Store
The Quinares Family Inc,2023323144,4 Evergreen Landscaping & Maintenance
"The R Hummel Company, LLC",2015303161,Door Solutions of Nevada
The Raider Claw LLC,2026335836,The Raider Claw
The Rainbrow Studio LLC,2022320782,Facetology Aesthetic
"The Reach Project, Inc",2024331011,Nevada Rush
The Reading Tailor LLC,2021316722,The Reading Tailor LLC
The Real Barber Shop LLC,2022320768,The Real Barber Shop LLC
The Rose of Sharon LLC,2015303279,The Rose of Sharon LLC
The Salvation Army,2003304967; 2017300616; 2021315696,The Salvation Army
The Saw Shop LLC,2026335819,Pops Street Eats
"The Scratch Studio, LLC",2026335189,The Scratch Studio
"The Shade Store, LLC",2023321802,"The Shade Store, LLC"
The Sherwin-Williams Company,2015303833; 1800039190; 1999046750; 2012300998; 2025332943,The Sherwin-Williams Company; Sherwin-Williams Paint #8115; The Sherwin-Williams Company #8234
The Silver Beat,2024331645,The Silver Beat
The Silvia Collection LLC,2025332951,Yo Mochi Henderson
The Sin City Chef LLC,2025334198,Perfect Plate Catering and Events
"The Sixx Group, LLC.",2021316257; 2021316255; 2021316254; 2021316256,Mr. Terrible's Self-Serve Wash
The Skin Haus LLC,2024331669; 2024331670,The Skin Haus
The Social Salon,2025332879; 2025332880,The Mark a Social Salon
The Solar Cancel Team LLC,2026336313,The Solar Cancel Team LLC
"The Sons of Erin of Las Vegas, Inc.",2007301055,Las Vegas Sons of Erin
The Spine Spot LLC,2024330483; 2024330484,Solidity Chiro + Pilates; Solidity Studio
The Steamy Weenie LLC,2015302154,The Steamy Weenie
The Stove Anthem L.L.C.,2018307604; 2023321955,The Stove Anthem
The Stripe Guy LLC,2015303029,The Strip Guy LLC
The Sublimation House Inc,2024329579,Penelope Wildberry
The Suite Host LLC,2020313528,The Suite Host LLC
The Sunny Spot Shop LLC,2026335976,The Sunny Spot Shop LLC
The TAB LV LLC,2026334537,The TAB LV
"The TJX Companies, Inc.",1998038914; 2024331124,TJ Maxx #568; TJ Maxx 1656
The Tapered Viking LLC,2022319174,Tapered Viking Barbershop
"The Therapy Spot, LLC",2024331896,"The Therapy Spot, LLC"
The Think Group LLC,2026334730,The Think Group LLC
The Tint Specialist LP,2025333663,The Tint Specialist LP
The Traffic Warriors LLC,2026334822,The Traffic Warriors LLC
"The Treatment Skin Boutique, LLC",2024329719; 2024329813; 2024329814,The Treatment Skin Boutique
The Vikings Beard LLC,2019312682,The Vikings Beard LLC
"The Village Enterprises, LTD",2015301695; 2024330640,Village Barber
"The Vitamin Shoppe, LLC",2025333477; 2025333480,"The Vitamin Shoppe, LLC"
"The Vons Companies, Inc.",2001301461; 2006301528; 1994029094; 2003300834; 2003300835; 2006301527,Vons 1795; Vons 2615; Vons 2511
The W. W. Williams Company LLC,2021316195,The W. W. Williams Company LLC
The WE Mentality LLC,2025333245,The WE Mentality
The Water Bottle NV LLC,2024330187,The Water Bottle NV LLC
The Welby Group LLC,2024329856,Welby Wellness & Aesthetics
The Well Physio LLC,2019312596,The Well Physio LLC
The Well-Being Collective LLC,2026334638,The Well-Being Collective LLC
The Wolf Collective Inc.,2023321805,Lulu's Doggy Salon & Spaw
The Wood Connection of Las Vegas LLC,2016301957,Wood You Name It
"The Wright Law Offices, A Professional Legal Corporation",2023321555,"The Wright Law Offices, A Professional Legal Corporation"
"The X's And O's Of Success, LLC",2008303506,"The X's And O's Of Success, LLC"
TheOneLawyer.com PLLC,2022320740,TheOneLawyer.com
"Theisen Industries, LLC",2026334811,Theisen Industries LLC
Themes of Therapy Professional LLC,2023321386,Themes of Therapy
Thep Phanom LLC,2025332079; 2025333022,Mahanakon Thai
Therapy for Better Life PLLC,2022320179,Therapy for Better Life PLLC
ThinkSTG LLC,2026334526,ThinkSTG LLC
Thistle House LLC,2022320808,Thistle House LLC
"Thomas A. Alfreda Jr. & Associates, PC",2024330102,Health4life
"Thomas Brooks Insurance Agency, Inc.",2023322521,"Thomas Brooks Insurance Agency, Inc."
"Thomas Dermatology, Inc.",2018308632; 2023322963,Thomas Dermatology
Thomas Gray,2021316581,Thomas Gray
Thomas Handley,2005304531,The Screenmachine of Henderson
Thomas Jones,2023322098,ONIT Home Inspections
Thomas M. Galbraith,2009303347,KG Financial Group
Thomas R. Horst,2010300126,"Horst, Thomas"
Thomas Summers,2024331562,Total Residential Services
"Thompson Machinery Sales, Inc.",1994028931; 2017304334,"Thompson Machinery Sales, Inc."
Thornley Endurance LLC,2022320262,Thornley Endurance
Thoroughbred Tax Service,2008302084,Thoroughbred Tax Service
"Thorsen, Grethe Lise",2011300069,"Thorsen, Grethe Lise"
Thread Endz LLC,2019311261,Thread Endz LLC
"Three Lock Box, LLC",2024330123,"Three Lock Box, LLC"
Three Scoops LLC,2025333250,Three Scoops
Three Treasure's LLC,2012309905,All Seasons Pool Service
"Thrive Therapy & Healing, PLLC",2024331740,Thrive Therapy & Healing
"Thriveworks Clinical - Nevada, PC",2022320715,"Thriveworks Clinical - Nevada, PC"
Thu T Vu,2021317553,2000 Nails
Thurgood LLC,2025334134,Thurgood LLC
"Thurlow Wealth Management, LLC",2022318353,"Thurlow Wealth Management, LLC"
Thuy Nuynh,2007302524,Da-Vi Nails
Thuy Vy Paz,2025333162,La Paz Design Studio
Tiana Alexandra LLC,2026335681,Market Vegas
"Tibor, LLC",2022318489,Tibor Trading Company
TickTalk Therapy LLC,2019311958,TickTalk Therapy LLC
"Ticor Title of Nevada, Inc.",2025333382,Ticor Title of Nevada
"Tien Q. Nguyen, M.D. Dermatology Prof. Corp.",2025332734,Bright Dermatology
Tiger Tattoo LLC,2023321574,Tiger Tattoo
Tiina Pajulampi,2026334688,Tiina Pajulampi
Tika Hawkins,2024331826,Tika Hawkins
Tilley's Auto Repair LLC,2022319911,Tilley's Auto Repair
Tim Allen Loomis,2023323282,Top Shelf Handyman Service
Tim's Handwerk Services LLC,2021317295,Tim's Handwerk Services LLC
Timberfoot Tech LLC,2026335925,TImberfoot Tech LLC
Timeless Moments LLC,2025332647; 2025332648,Timeless Moments LLC
Timothy Peter Mendell,2018308472,Inspirada Barber & Beauty
Timothy Rorman DMD LLC,2020314228,DENTAL CARE OF ST ROSE
"Timothy W. Tollestrup, PC",2017304363,Tim Tollestrup MD
Tina M Wells Knox,2021317636,KNOX BOOKKEEPING SERVICES
Tina Novoa,2022320143,We Help Dealers
"Tiny Tots Party Rentals, LLC",2026334918,"Tiny Tots Party Rentals, LLC"
Tippy Toes LLC,2023321560,Tippy Toes Nails & Spa
Tiro Security LLC,2021316015,Tiro Security LLC
Tisha Marie John,2019310416; 2021316510,Namaste Skincare & Wellness
"Titan Technical Services, LLC",2025332735,"Titan Technical Services, LLC"
Titans Healthcare LLC,2026335888,Titans Behavioral Health Services
"TitleMax of Nevada, Inc.",2015303092; 2015303093,TitleMax
Toasted & Roasted LLC,2024330284; 2024330285,Toasted & Roasted
Tobiason & Associates LLC,2022320710,Azada CPA
Todd Carducci,2005304781,Carducci's Carpet Cleaning
Todd DeLeonardis Agency LLC,2024330988,Todd DeLeonardis Agency LLC
Todd Taylor,2025333069; 2025333861,Anthony & Taylor Home Furnishings; Anthony & Taylor - Home Furnishings
Together in Play L.L.C.,2021318014,Together in Play L.L.C.
"Tokyo Boys, LLC",2013301915; 2013301916,Tokyo Boys
Toluwanimi Babarinde,2026335257,Householder Books
Tom Malloy Corporation,2016302347,Trench Shoring Company
"TomDan-Koulax Enterprises, Inc.",2008300030,Tommy's Original World Famous Hamburgers
Tommy Rocker's Inc.,2000055808; 2000055807,Black Mountain Grill
Tomoko Coco Kudo,2021316561,CO2
Tomomi Tsuchio,2024331908,"Tsuchio, Tomomi"
"Tondryk Educational Consultants, LLC",2025332468,"Tondryk Educational Consultants, LLC"
Toni Jackson,2020315001,Wranglers Watering Hole
Toni Kluth,2023322616,"Kluth, Toni"
Toni M Craft,2021317978,"Craft, Toni M"
Toni's Pet Sitters LLC,2023321664,Toni's Pet Sitters LLC
Tonic Engineering PLLC,2023322673,Tonic Engineering PLLC
Tony Alfonso Avila Palencia,2021317672,TONY'S GARDENING
"Tony M May, P.C.",2024331301,"Tony M May, P.C."
"Top Dog K-9, LLC",2021315732,"Top Dog K-9, LLC"
Top Games LLC,2020313607,Top Games LLC
Top Management Eastern LLC,2021318219,Top Korean BBQ
"Top Notch Cleaning Services, LLC",2023323511,"Top Notch Cleaning Services, LLC"
Top Shelf Handyman & Maintenance LLC,2026335215,Mr. Top Shelf
Top it off Landscaping LLC,2023322869,Top it off Landscaping LLC
"Tops One, LLC",2023323629; 2023323630,Top Sushi & Oyster
Tor Action Sports LLC,2017306444,Kanga Training
Tori Lynn Waldo,2023323570,Inspector Waldo
Toros Landscaping LLC,2025333468,Toros Landscaping LLC
Torre Fam L.L.C.,2018306868,Roberto's Taco Shop
Torres Dental PLLC,2025334023,Bloom Dental Co.
Total Family Care Specialists,2025332970,Total Family Care Specialists
Total Market Distributors,2006300392,Total Market Distributors
"Total Mortgage Services, LLC",2024331050,"Total Mortgage Services, LLC"
TotalMed LLC,2023323372,TotalMed Staffing
"Totally Wireless GPS, Inc",2025333539,"Totally Wireless GPS, Inc"
Totory Enterprises LLC,2021317409; 2021317410,Family Focused Eyecare
Touch Massage 1 and Spa Stephanie LLC,2025332485; 2025332486,Massage 1 Thai Spa
"Touch Squared Marketing, LLC",2024330451,Touch Squared Marketing
"Touch of Class, Inc.",2020314953,A Touch of Class
Touching Heart Nevada LLC,2025333412,Touching Hearts At Home
Touchtone Communications Inc.,2019311887,Touchtone Communications Inc.
"Towbin of Las Vegas, LLC",2021316769; 2021317038,Towbin Fiat Alfa Romeo
"Town Center Amusements, Inc., A Limited Liability Company",1996040121; 2003300529; 2017306591,Barley's Casino & Brewing Company
Toyota Financial Savings Bank,2004304351,Toyota Financial Savings Bank
Tracey D Hamilton,2019311879,SUNNY VIRTUAL BUSINESS SUPPORT
Tracey Johnson,2001003141,T-N-T
"Tractor Supply Company West, LLC",2024330788; 2024331810,Tractor Supply Company #2712; Tractor Supply Company
Trader Joe's Company,2007303391; 1995035439; 2007303392; 1997038408; 2003300832,Trader Joe's
"Traffic101.com, INC.",2025334248,"Traffic101.Com, INC."
"Trailboss Enterprises, Inc.",2013301596,"Trailboss Enterprises, Inc."
Trailertainment LLC,2025332237,Flashback Photo Bus
"Tran Tounian IV, DDS, PLLC",2015300140,Sunset Dental & Orthodontics
"Trang T. Tran, O.D. Prof. Corp.",2006300101,"Trang T. Tran, O.D. Prof. Corp."
"Tranquil Desert Therapy, PLLC",2025333698,Tranquil Desert Therapy
Tranquil LLC,2018307091,Tranquil
Tranquil Lotus Mental Health LLC,2026335752,Tranquil Lotus Mental Health LLC
"Transcend Counseling, PLLC",2023323231,"Transcend Counseling, PLLC"
"Transcend Security Solutions, LLC",2024329577,"Transcend Security Solutions, LLC"
"Transportation Commodities, Inc.",2018309201,TCI Transportation
Travis Ray Little,2025332758,Travis Ray Little
Tread Vegas Fitness LLC,2024331888,Tread Vegas Fitness
"Treasured Prints, LLC",2025334347,Treasured Prints
Trending Excellence LLC,2023329351,CooksKeeps
"Trending Realty Group, LLC",2023321761,"TRENDING REALTY GROUP, LLC"
"Tresor Enterprise, LLC",2015300826,Le Nails & Spa
Treston Security Services,2023323606,Treston Security Services
Trevor Cameron Designs LLC,2025332018,Trevor Cameron Designs LLC
"Trevor Kasden, O.D., PC",2021316843,Sunset Vision
Tri State Washing LLC,2025333991,Tri State Washing LLC
Tri Valley Home Loans LLC,2026335023,Tri Valley Home Loans LLC
"Tri-Bar, LLC",2017306633; 2017306632,"Tri-Bar, LLC"
"Tri-Core Surveying, L.L.C.",2006300142,"Tri-Core Surveying, L.L.C."
Tri-Star Pediatrics Services Co.,2005306240,Tri-Star Pediatrics
Tricia Ann deVille,2026334792,Tricia's Hair Studio
Tricia Fox,2026335695,Tricia Fox
Tricia Prestwood,2025333920,Tricia's Toffee & Treats
Trident Wholesale Supply LLC,2026335102,Trident Wholesale Supply LLC
"Trinidad Cleaning Services, LLC",2026335663,"Trinidad Cleaning Services, LLC"
Triolodgic LLC,2026335520,Triolodgic LLC
Triple Barell Ent Corp,2024330946,Precision Trading
Triple C's Cleaning Group LLC,2025332177,Charlies Janitorial Services
"Triple Crown Sports, Inc.",2026334714,Triple Crown Sports
"Triple J Carpet Cleaning, LLC",2025332517,Triple J Carpet Cleaning
Triple K Trailer Court Inc.,1800039651,Triple K Trailer Court
Triple Vision Studios LLC,2026335137,Triple Vision Studios LLC
Tripp Land Consulting LLC,2021316096,TRIPP LAND CONSULTING LLC
Trippiedi Law PLLC,2022318926,TriLaw
Trista Stevenson Stylist LLC,2020314085,Trista Stevenson Stylist LLC
Triumph Property Management Corporation,2019311477,Triumph Property Management
Triumph Protection Group Inc.,2025332428,Triumph Protection Group Inc.
Troll Skull Games LLC,2020315429,Troll Skull Games
"Troomi Wireless, Inc.",2023322310,"Troomi Wireless, Inc."
Troy Bertoli MD LLC,2023321280,Bertoli Health and Wellness
Troy's tree service LLC,2020314919,Troy's tree service LLC
"Tru Bru Organic Coffee, Inc.",2020315137; 2021315496,Tru Bru Organic Coffee
TruWellness LLC,2024329830,TruWellness LLC
"Truckee South, LLC",2018308836; 2018308839; 2018308838,CLUB FORTUNE CASINO; Club Fortune Casino
True Aesthetics LLC,2019311760,True iVip
"True Colors, Incorporated",2013300744; 2015300394,Integrity Customs
True Health Acupuncture LLC,2019311301; 2019311697; 2019311696; 2025334128,True Health Acupuncture
True Insurtech Solutions LLC,2024329947,True Insurtech Solutions LLC
True Investigations Inc.,2024330441,True Investigations
True Love Mobile Pet Salon LLC,2020313718,True Love Mobile Pet Salon LLC
True Nails LLC,2026334593,True Nails
"TrueBooks, LLC",2025333122,"TrueBooks, LLC"
"TrueNorth Aircraft Maintenance, LLC",2025333311,"TrueNorth Aircraft Maintenance, LLC"
Trufusion Franchising LLC,2016300316,Trufusion Franchising LLC
Truly Scrumptious Enterprises LLC,2025333338,Truly Scrumptious Food Trailer
Trusted Care Pharmacy LLC,2023329220,Trusted Care Pharmacy LLC
Trusted Tax & Wealth LLC,2025334390,Trusted Tax & Wealth LLC
"Tryke Companies SO NV, LLC",2021317255,Curaleaf
"Trylovich & Gifford, Ltd.",2019310087,"Trylovich & Gifford, Ltd."
"Tsui-Ming Li, N.P. Professional Corporation",2018308719,"Tsui-Ming Li, N.P. Professional Corporation"
Tube Incorporated,2023321539,Reach Mobile
Tuckaroo LLC,2026335678,Tuckaroo LLC
"Tudor C. Jianu, M.D., A Professional Corp.",2006300568,Sagebrush Healthcare
Tuhaye Peak Inc.,2016301857,Papa Murphy's Pizza
"Tumbleweed Productions, LLC",2015302788,Sign A Rama
Tumbling Boulders LLC,2021317493,Tumbling Boulders
Turano Nevada Baking LLC,2018308819,Turano Nevada Baking LLC
Turnscrew Pro LLC,2026334956,Turnscrew Pro Appliance Repair
"Turpin & Rattan Engineering, Inc.",2022319971,"Turpin & Rattan Engineering, Inc."
"Tutoring Club, LLC",2007301886,"Tutoring Club, LLC"
"Twice M, LLC",2018307270,Success City Online
Twilio Inc.,2023321540,Twilio Inc.
Twin Restaurant LV-2 LLC,2014300502; 2014300526,Twin Peaks
Twisted Fizz Sodas LLC,2025332935,Twisted Fizz Sodas LLC
"Twisted Sourdough Pizza Co. II, LLC",2025333400,"Twisted Sourdough Pizza Co. II, LLC"
"Twisted Sourdough Pizza Co., LLC",2021316825; 2021317051,Twisted Sourdough Pizza Co
"Two Brother, LLC",2019311953; 2019311954; 2019311955,7-Eleven Store #38408A
"Two Brothers Handyman Services, LLC",2022321199,"Two Brothers Handyman Services, LLC"
Two Brothers LLC.,2017300807; 2022320541,Chile Caliente Tacos & Mariscos
"Two Chickens , LLC",2021317733,Somethin' to Taco 'Bout
Two Four Media LLC,2026334543,Two Four Media
Two Hounds Lane Ltd.,2025333513,Two Hounds Lane Ltd.
Two Hummingbirds LLC,2025332161; 2025332162,ReWax and UnWine
Two Peace Goods and Services LLC,2025333924,Purple Umbrella Publishing
Ty Kehoe,2009301228,Kehoe & Associates
"Tyler M. Christensen, DDS, P.C.",2013300776,"Tyler M. Christensen, DDS, P.C."
"Tyrell Law, PLLC",2016303138,"Tyrell Law, PLLC"
Tyrone Tiedeman,2023323544,Tyrone Tiedeman
U BETTER BELIEVE IT CO.,2016302060,UBBI CO.
"U C M CARPET CLEANING, LLC",2021318011,"U C M CARPET CLEANING, LLC"
"U-Haul Co. of Nevada, Inc.",2001001523; 2002303757; 2017304444; 2017304443; 2017304140,U-Haul Center of Stephanie Pl; U-Haul Center College Dr; U-Haul Co of Nevada
U.S. APPAREL USA LLC,2016300406,U.S. APPAREL USA LLC
U.S. Bank National Association,2012301466; 1992011416; 2009300415; 2024330506,U.S. Bank National Association
U.S. TELEPACIFIC CORP,1997TC0753,U.S. TELEPACIFIC CORP
U2Energy,2025334140,U2Energy
UBS Financial Services Inc.,2007303020,UBS Financial Services Inc.
UCI Healthcare Staffing Services,2025332304,UCI Healthcare Staffing Services
"UES Professional Solutions 30, LLC",2012300258,"UES Professional Solutions 30, LLC"
"UHS of Desert Springs, Inc.",2025333021,Surgical Weight Control Center
"UJ HENDERSON, LLC",2019310403,UPTOWN JUNGLE FUN PARK
ULTIMATE POOL & LAWN SERVICE LLC,2014300976,ULTIMATE POOL & LAWN SERVICE LLC
UMAI LLC,2019309966; 2019309967,Umai Ramen
UNCORK N' UNWINED SOMMELIER SERVICES LLC,2020313480,UNCORK N' UNWINED SOMMELIER SERVICES LLC
"UNICRON LOGISTICS SOLUTIONS, LLC.",2020313006,ULS
UNIT CHEMICAL CORPORATION,2005302392,UNIT CHEMICAL CORPORATION
UNITECH ELECTRONICS INC,2016303386,UNITECH ELECTRONICS INC
"UNITED AMERICAN SECURITY, LLC",2021316117,GARDAWORLD SECURITY SERVICES
"UNITED CLEANERS SUPPLY, INC.",1996041580,"UNITED CLEANERS SUPPLY, INC."
UNITED FACTORY FURNITURE CORPORATION,2018308682,Walker Furniture
"UNITED METHODIST SOCIAL MINISTRIES, INC.",2021317778,UNITED METHODIST SOCIAL MINISTRIES
"UNITED NATURAL FOODS WEST, INC.",2020314856,"UNITED NATURAL FOODS WEST, INC."
UNITED RX LLC,2019312376,ABACUS-RX PHARMACY
"UNITED WAY OF SOUTHERN NEVADA, INC.",2006302643,"UNITED WAY OF SOUTHERN NEVADA, INC."
"UNIVERSAL PROTECTION SERVICE, LLC",2015303938,Allied Universal Security Services
"UNIVERSAL REALTY, INC.",2005306378,BETTER HOMES AND GARDENS REAL ESTATE UNIVERSAL
"UNIVERSAL RETIREMENT, L.L.C.",2025333428,Universal Retirement LLC
UNIVERSITY OF NEVADA SCHOOL OF MEDICINE MULTISPECIALTY,2007304205,MEDSCHOOL ASSOCIATES SOUTH
"UP, LLC",2022318427,Uroshock
UPA 70,2019311288,UNIFIED POOL ASSOCIATION
"UPLIFTING KIDS, INC.",2010303322,"UPLIFTING KIDS, INC."
"URIBE, EMMANUEL",2015301774,SILVER HOOD
"URIOSTEGUI, FRANCISCO JAVIER",2015302907,JAVIER MOBILE WASH
US Advanced Medical Research Inc.,2008304087,US Advanced Medical Research Inc.
US Tile Tools LLC,2020313927,US TILE TOOLS LLC
USA Adventures of Nevada LLC,2025332979,Power Play Marketing
"USA FRAGRANCES, INC",2014302155,PERFUME GALLERY
"USA Preps, LLC",2026334805,"USA Preps, LLC"
USA for the Homeless Inc.,2025334239,USA For the Homeless Inc.
USA6 Automotive Inc,2020314536,USA AUTO SERVICE #6
USA7 Automotive Inc,2020314537,USA AUTO SERVICE #7
"UTILITY TELECOM GROUP, LLC",2020315050,"UTILITY TELECOM GROUP, LLC"
Ubif NV Rentals 2 LLC,2023322745,uBreakiFix
"Udall CPA Group, PLLC",2011300398,"Udall CPA Group, PLLC"
"Ulta Salon, Cosmetics & Fragrance, Inc.",2015300893; 2006300099; 2015300892; 1997038604,Ulta Beauty
Ultra Clean Intermediate LLC,2023321798,Dash Car Wash-Eastern
UltraGlow Aesthetics LLC,2023323603,UltraGlow Aesthetics
Ultracare Las Vegas,2015302862,Ultracare Las Vegas
Umbrella PM Inc,2025332222,Luxury Lodging
Uncle Bo's Smokehouse BBQ LLC,2025333984,Uncle Bo's Smokehouse BBQ
Uncle Buddy's Cleaning LLC,2026335714,Uncle Buddy's Cleaning LLC
Uncle's Ice Cream,2023321807,Uncle's Ice Cream
Undefeated.life LLC,2023321332,Undefeated.life LLC
"UniPro, Inc.",2021318290; 2022318323; 2022318324; 2022318325; 2022318330,UNIAUTO; Thret Off-Road; UNIAUTO USA; WePRO; KALON WHEELS
Unicar Collision Repair Center LLC,2017305708,Unicar Collision Repair Center LLC
"Unicity USA, Inc.",2022320080,"Unicity USA, Inc."
Uniforms of Henderson LLC,2015303694,All Uniform Wear
"Unique Accounting, LLC",2013303357,"Unique Accounting, LLC"
Unique Communications Solutions,2004302089,Unique Communications Solutions
"Unique RV, Inc.",2022320059,"Unique RV, Inc."
Unison Mortgage Corporation,2025332005,Unison Mortgage Corporation
United Investments of Il. Inc.,2013300472,G Skin & Beauty Institute
United Moving Solutions Incorporated,2023323307,United Moving Solutions
"United Refrigeration, Inc.",2024330840,"United Refrigeration, Inc."
"United Rentals (North America), Inc.",2020315373; 2021316659; 2023321779,"United Rentals; United Rentals (North America), Inc."
United Revival LLC,2019310572; 2019310571,Aspen Salon & Day Spa
"United Site Services of Nevada, Inc.",2022321221,"United Site Services of Nevada, Inc."
"United Studios of Self-Defense/Anthem, LLC",2024329893,"United Studios of Self-Defense/Anthem, LLC"
United Union of Roofers Local 162,2022318778,United Union of Roofers Local 162
"United, LLC",2023329378,Smok-e-vapor & Cigar Zone 4
"Universal Immigration Agency, Inc",2023323124; 2023323309,"Universal Immigration Agency, Inc; Roxxstar Entertainment"
"Universal Money Centers, Inc.",2025333790,"Universal Money Centers, Inc."
"Universal Security Management Co., LLC",2021315580,Universal Security Management Co.
Universe Construction LLC,2025334356,Universe Construction LLC
"University of Southern Nevada, A Non-Profit Corporation",2004301907,UNIVERSITY OF SOUTHERN NEVADA
"Univest Commercial, LLC",2018307306,"Univest Commercial, LLC"
Unkos Lumpias LLC,2026335014,Unkos Lumpias
Uno Prodis Inc,2024331483,7 Plus Water
Unwired LLC,2023323454,Cox Henderson Retail
"UpNetworx, Inc.",2017305287,"UpNetworx, Inc."
Updated Auto LLC,2025332716,Updated Auto Body Henderson
Uphill Consulting PC,2022320052,Uphill Consulting PC
Upkeep LTD,2026335224,Upkeep LTD
Urban Circulation Incorporated,2022318661,Urban Circulation Incorporated
Urban Kitchen LLC.,2025331946,Anaya Urban Thai
Urban Motors LLC,2016302386,Wreck Center
Urban Radiance MedSpa LLC,2025333948; 2026335119,Urban Radiance Medspa LLC
"Urbane Cafe Operations, LLC",2023323169,Urbane Cafe
Urgent Care Nevada LLC,2017304508; 2017304517; 2022318456,Carenow Urgent Care; CareNow Urgent Care
"Urth GVR, LLC",2025332041,Urth Caffe
Usva Studios LLC,2026336003,Usva Studios LLC
Utah Urology LLC,2022321101,Vasectomy Pro
Utopia Clean LLC,2023329240,Utopia Clean LLC
V & D CLEAN & FIX LLC,2009303395,V & D CLEAN & FIX LLC
V UNIFORMS LLC,2017306084,Vegas Body Armor Services
V. I. P. Tailors LLC,2006301532,7 Hills Drycleaner & Custom Tailoring
"V.I.P. MORTGAGE, INC.",2026334983,"V.I.P. Mortgage, Inc."
V.VS Lux Renovations LLC,2025333837,V.VS Lux Renovations LLC
VA Placement Service LLC,2023323492,VA Placement Service LLC
"VALENCIA, OSCAR",2012308876,AMIGO HANDYMAN SERVICE
VALLEY AUTO MALL OWNERS ASSOCIATION,2008302889,VALLEY AUTO MALL OWNERS ASSOCIATION
VALLEY BANK OF NEVADA,2015301745,VALLEY BANK OF NEVADA
VALLEY DENTAL LLC,2016301473,SOUTH VALLEY DENTAL
"VALLEY HOSPICE OF NEVADA, LLC",2021317892,"VALLEY HOSPICE OF NEVADA, LLC"
"VALLEY LAKE, INC.",2017305625,Green Valley Pharmacy
"VALLEY SPRINGS DIALYSIS, LLC",2008303088,The Nevada Dialysis Center
VALLEY WIDE JANITORIAL LLC,2018308948,Valley Wide Janitorial LLC
"VAN NOY, TERRY W",1999047644,VAN NOY CONSULTING GROUP
"VAZQUEZ, RODOLFO AGUIAR, MELANIE",2017300177,MOUNTAIN GREEN LANDSCAPE SERVICES
VC Consultants LLC,2023323138,Wallflower Cannabis House
"VCA ANIMAL HOSPITALS, INC.",2021317001,VCA BLACK MOUNTAIN ANIMAL HOSPITAL
VECTOR APPLIANCES LLC,2020313233,VECTOR APPLIANCES LLC
VEGAS ACES VOLLEYBALL CLUB,2017305492,Vegas Aces Volleyball Club
"VEGAS CLEANING AUTHORITY, INC.",2022319205,THE CLEANING AUTHORITY
VEGAS FIREARMS LLC,2015302451,VEGAS FIREARMS
VEGAS GIRLS NIGHT OUT LLC,2014303583,VEGAS GIRLS NIGHT OUT LLC
VEGAS ORGANIZED LIFE LLC,2019310371,VEGAS ORGANIZED LIFE
"VEGAS VALLEY BASEBALL, INC.",2012309441,"VEGAS VALLEY BASEBALL, INC."
"VEGASPICTURES.COM, LLC",2008303503,BILL MILLER PHOTOGRAPHY
"VEGASSIST, LLC",2014300403,"VEGASSIST, LLC"
VELVET DOOR REALTY & PROPERTY MANAGEMENT LLC,2018309294,VELVET DOOR REALTY & PROPERTY MANAGEMENT
"VERA, JESUS",2016302688,VERA'S LAWN MAINTENACE SERVICES
"VERLY, MELVIN G & VERLY AMY I",2016302809,ANTHEM HOME WATCHERS
VETS HELPING VETS SUPPORT GROUP,2018307447,Vets Helping Vets Support Group
VETTER PUMP AND MOTOR REPAIR LLC,2013302599,VETTER PUMP & MOTOR REPAIR
"VETTER, MICHAEL",1994029427,M&N TOOL COMPANY
"VF Outdoor, LLC",2009301669,Vans #273
VGuru LLC,2019312096; 2021318194; 2018309567; 2021318193; 2018309566; 2019312097; 2023322758; 2023322759,Great Clips; GREAT CLIPS
"VIB Massage, LLC",2025334089,"VIB Massage, LLC"
VICTORY OUTREACH HENDERSON,2013301007,VICTORY OUTREACH HENDERSON
VICTORY OUTREACH SPANISH LV,2011301840,VICTORY OUTREACH SPANISH LV
"VIGNETTES, LLC",2017300589,"VIGNETTES, LLC"
VIP Collision,2020314793; 2013301276,VIP Collision
"VIP Physician Services, LLC",2026334815,"VIP Physician Services, LLC"
"VIP Real Estate, LLC",2024331512,Keller Williams VIP Water Street
VIP Travel Adventures LLC,2024331771,Ceci Wagner Travel
VIP Vegas Limousine LLC,2021316993,All Time Limo
"VIP Vegas Services, LLC",2025332599,Las Vegas Underground Mansion
"VIRTUAL BUSINESS ENTERPRISES, LLC",2009303563,STEWART MANAGEMENT COMPANY
"VIRTUAL POST SOLUTIONS, INC.",2019309703,"VIRTUAL POST SOLUTIONS, INC."
"VIS Business Group, LLC",2026335701,Ceramic Tile and Stone Consultants
"VISION PRO, LLC",2020314173,ST. ROSE VISION
VITALANT,2003305136,VITALANT
"VIsionworks, Inc",1999047147,Visionworks #267
VKostanianMD P.C.,2023321432,VKostanianMD P.C.
VL M Place Productions LLC,2020314074,VEGAS LIGHTS PHOTOGRAPHY
"VOP Mira Loma, LLC",2025332227,Vista Pointe at Mira Loma
VR THERAPY LAS VEGAS INC,2022321165,"Jeremy Gallas, Psy.D."
VST Consulting LLC,2026334590,VST Consulting LLC
VTAT INC.,2013301400,VTAT INC.
VTN NEVADA,2006300852,VTN NEVADA
"VUETHRU, INC.",2004302024,"VUETHRU, INC."
Vacation Ownership Advocates & Consultants LLC,2021317195,Vacation Ownership Advocates & Consultants LLC
Vadatech Incorporated,2004304822,Vadatech Incorporated
"Valdenn, LLC",2026336194,"Valdenn, LLC"
Valentin Diego-Marcelo,2014303421,Valentin Diego Landscaping
"Valentiner Crane Brunjes Onyon Architects, L.L.C.",2020313754,"Valentiner Crane Brunjes Onyon Architects, L.L.C."
Valeria Andres Diaz Pincheira,2025333380,Mighty Ways
Valeria Neiman,2023321911,Valerian Healing Arts
Valeria R Kaylor,2007302533,Green Valley Professional Bookkeeping Services
Valerie Buchanan,2016300456,Balance Your Life Concierge Services
Valerie C Bates,2012301028,Keynote Instruction
Valerie Carey,2026335544,Carey Trading
Valerie Eugene Leclercq,2026335744,Dr. Valerie Leclercq
Valerie K. Anthony,2026334955,Valerie K. Anthony
Valerie M Gunsalus,2026336369,Immaculate Cleaning LV
"Valerio's Pilipino Bakeshop of Nevada 1, LLC",2018308521,Valerio's Bakeshop
Valet Carriers LLC,2021316798,Valet Carriers LLC
"Valet Living, LLC",2025334001,"Valet Living, LLC"
Valinder B. Addison,2021316930,Breath of Life Basic Life Support Training
Valle Concepts LLC,2026335459,MySchoolBling
Valley 1 Maintenance Unlimited LLC,2021315945,Valley 1 Maintenance Unlimited
Valley Anesthesia PLLC,2025332032,Valley Anesthesia PLLC
Valley Anethesiology Consultants (Beckett) PLLC,2018307180,Valley Anesthesiology Consultants
Valley Automotive Group,1996040340; 1996040339; 2003300649,Ford Country
Valley Fire Prevention LLC,2015302967,Valley Fire Prevention
Valley Health System LLC,2016302423; 2019310221; 2024330520,"Henderson Hospital; ER at Green Valley Ranch; ER at Cadence, An Extension of Henderson Hospital"
Valley Home Services LV,2021317806,MDV Consulting
Valley Mart Inc,2026334549,Valley Mart Inc
Valley View Medical Billing Solutions,2025332288,Valley View Medical Billing Solutions
"Valleywide Handyman Services, L.L.C.",2021316743,"Valleywide Handyman Services, L.L.C."
"Valudental Sunset Boyd, PLLC",2023329382,Celebrate Dental and Braces
Value Able LLC,2026336187,Value Able Appraisals
ValueTest.ai LLC,2023323631,ValueTest.ai LLC
Van Home Maintenance LLC,2020314814,Van Home Maintenance LLC
"Van Marcke Trade Supply, Inc.",2014303084; 2022319607,San Plumbing Supply; Van Marcke Trade Supply
VanMeetren Family Limited Partnership,2026336107,VanMeetren Consulting Group
"VanVets, LLC",2025333635,"VanVets, LLC"
Vance K McCarthy,2025333739,VanMac Photography
Vandahl Inc.,2022319129,Vandahl Inc.
"Vanish Pest Control, LLC",2017305398,Vanish Pest Control
Vannucci Enterprises LLC,2025333170,Chosen Towing & Recovery
Vantage Home Ops LLC,2026335269,Vantage Home Ops LLC
Vantage NV Partners,2023321454,Vantage NV Partners
Vapor Rage LLC,2014300470,Vapor Rage LLC
Varalino Community Management LLC,2024330012,Varalino Community Management
Vargas J Services LLC,2025332201,JJA Handyman Services
"Varian Medical Systems, Inc.",2025333793,"Varian Medical Systems, Inc."
Variant Lead Source LLC,2026334754,The SEALS of Las Vegas
"Varsobia Home Care Services, LLC",2023329313,Sunshine Valley Elder Care
"Vascular and Interventional Partners Las Vegas (Goettl), PLLC",2026335114,Vegas Interventional Radiology
Vazquez Ink LLC,2025332455,Vazquez Ink LLC
"Vector Security, Inc.",2005304221,"Vector Security, Inc"
"Vedelago - Petsch Architects, Inc",2008300280,"Vedelago - Petsch Architects, Inc"
Vegas Acupuncture Therapy LLC.,2017304630; 2023323409,Vegas Acupuncture Therapy LLC.
"Vegas Adventures, Inc.",2006304511,"Vegas Adventures, Inc."
Vegas Aloha Athletics LLC,2018308602,Skyhawks Sports Academy
Vegas Aqua L.L.C.,2017306090,Lake Las Vegas Water Sports
"Vegas Artistguild, Inc",2019310440,Las Vegas Artists' Guild (LVAG)
Vegas Brazil LLC,2018307337,Vegas Brazil LLC
"Vegas Cap 3, LLC",2012308451,Capriotti's Sandwich Shop
Vegas Cap 5 LLC,2011303426,Capriotti's Sandwich Shop
Vegas Cap 9 LLC,2021315823,CAPRIOTTIS SANDWICH SHOP
Vegas Events & More LLC,2017304735,Vegas Events and More
Vegas Finest Ink by Lexi LLC,2020315067; 2023321409,Vegas Finest ink by Lexi LLC
Vegas Force Foundation Org,2025332138,Vegas Force Foundation Org
Vegas Graphic Equipment Services LLC,2018307867,Vegas Graphic Equipment Services LLC
Vegas Handyman Pros LLC,2026335795,Vegas Handyman Pros LLC
"Vegas Inspect, LLC",2024331505,"Vegas Inspect, LLC"
Vegas IntelOffice LLC,2023329126,Intelligent Office
"Vegas James, Inc.",2025332000,"Vegas James, Inc."
"Vegas Java Group, LLC",2020314796,"Vegas Java Group, LLC"
Vegas Lights Candle Company LLC,2025332229,Vegas Lights Candle Company LLC
Vegas Mex LLC,2023323012; 2023323013,Ay Ay Ay! Mexican Cuisine
"Vegas Rose, LLC",2022319329; 2022319331,McDonalds #12353; McDonalds 24975
"Vegas Sewer & Drain, Inc.",2024330942,Zoom Drain Las Vegas
Vegas Singhs Inc.,2015301586; 2019312042,LV Smoke N Vape 9; LV Smoke N Vape 1
Vegas Singles LLP,2025333860,Vegas Singles Trading Cards
"Vegas Strong Mechanic, LLC",2024330757,"Vegas Strong Mechanic, LLC"
Vegas Stronger,2024330029,Vegas Stronger
Vegas Tech Guy LLC,2026334624,Vegas Tech Guy LLC
Vegas Tech Support Inc,2024331356,CMIT Solutions Las Vegas
Vegas Trash Out LLC,2025332592,Vegas Trash Out LLC
Vegas Tutors LLC,2023321916,Vegas Tutors LLC
"Vegas Valley Commercial, Inc.",2006302477; 2008303017,"Vegas Valley Commercial, Inc.; Vegas Valley Residential"
Vegas Valley Growers North LLC,2022320227,Vegas Valley Growers North LLC
Vegas Valley Insurance and Financial Services LLC,2016301252,"BMS Financial, Insurance & Tax Services"
Vegas Valley K9 LLC,2023323127,Vegas Valley K9
"Vegas Valley Locking Systems, Inc.",2019311990,"Vegas Valley Locking Systems, Inc."
Vegas Valley Restoration Inc.,2026335841,Vegas Valley Restoration
Vegas Valley Sports Management LLC,2016303269,Vegas Valley Batter's Box
Vegas Valley Turf LLC,2026335900,Vegas Valley Turf LLC
Vegas Valley Winery Inc.,2017300731; 2017300730,VEGAS VALLEY WINERY
Vegaschamp Boxing LLC,2020313223,Vegaschamp Boxing LLC
"Velasea, LLC",2022319163,"Velasea, LLC"
"Velocity, A Managed Services Company, Inc.",2023329306,"Velocity, A Managed Services Company, Inc."
Vendedge LLC,2025333709,Vendedge LLC
Vending Pros USA LLC,2023323412; 2024331051; 2026335409,Vending Pros USA; Vending Pros USA LLC
"Veng Group, LLC",2025334035,Friendly Donut House
"Veni Vidi Vici Fitness, LLC",2024329992,CrossFit Veni Vidi Vici
"Ventana Canyon Apartments, LLC",2006302279,"Ventana Canyon Apartments, LLC"
"Ventura Home Care, Inc",2022318832,In Home Personal Services of LV
Ventura MedStaff LLC,2024329621,Ventura MedStaff LLC
"Vera Whole Health WA, PC",2021315918,The Valley Health Care Center Powered by Vera Whole Health Green Valley
Veracity LLC,2023323482,Veracity
Veracole Trading Co LLC,2024331212,Gramic Enterprises
Veristics Asthetics LLC,2026335038,Veristic Aesthetics LLC
Verita Nevada Restaurant Group Inc.,2016303188; 2022320193,Trattoria Italia
Veritasfaythefourteen LLC,2025333508,Tropical Smoothie Cafe
Veritasfaytheten L.L.C.,2023323413,Tropical Smoothie Cafe
Veronica Terrones & Jose Luis Guzman-Garcia,2017306416,Jose Guzman Maintenance
"Versailles Group, Inc.",2020313334,Versailles Group
Vertigo Vapor,2020313084,Vertigo Vapor
"Vesta Inspection, LLC",2005306629,"Vesta Inspection, LLC"
Vestar Green Valley LLC,2025333677,Vestar Green Valley LLC
VetCor of Nevada LLC,2023322105; 2023322106,Sunridge Animal Hospital
Veterans Assistance Angels Inc.,2020314802,VETERANS ASSISTANCE ANGELS INC.
"Veterans Procurement Group, LLC",2024331154; 2025333453,"Veterans Procurement Group, LLC"
Veterans Stand Together,2023322605,Veterans Stand Together
Veterans of Foreign Wars Post 10468,2008301913,Veterans of Foreign Wars Post 10468
"Veterinary Emergency Group, LLC",2023329355,Veterinary Emergency Group
"Vi Nguyen Raymond, DDS, PC",2017306575,Columbia Dental
Viable Research Management L.L.C.,2018309273,Alas Science Clinical Research
"Vibe Yoga, LLC",2022320331,Vibe Yoga
Vibrant Therapy Services LLC,2021316307,Vibrant Therapy Services LLC
Vicente Gomez-Arellanez,2019312612,Gomez Mobile Car Wash
Vicki Harbison,2025333078,Vicki Harbison
Vicki Langan,2019310115,PERFECT IMPRESSIONS
Victor Joseph Gaj Jr.,2023323459,Gaj Digital Content Ventures
"Victor's Pressure Washing Services, LLC",2025332030,"Victor's Pressure Washing Services, LLC"
Victoria Laine,2020313447,Laine Consulting
Victoria's Garden Consulting LLC,2025332959,Grow Wise Nursery
"Victoria's Secret Stores, LLC",2006302578,Victoria's Secret Store LLC #580
Victory Compliance Specialists LLC,2025334284,Victory Compliance Specialists LLC
"Victory Martial Arts Vegas, Inc.",2024331768,"Victory Martial Arts Vegas, Inc."
Victory Sports LLC.,2017300167,Victory Sports LLC.
Vida Forever LLC,2024330158,La Belle
"Vietnam Veterans of America Chapter #1076, Inc.",2013301927,Vietnam Veterans of America Chapter 1076
"Vigilant Intelligence Group, LLC",2024329907,"Vigilant Intelligence Group, LLC"
Vikings Autoglass LLC,2024331116,Vikings Autoglass
Vila Home Inspections LLC,2024329955,Morrison Plus Property Inspections NV-Henderson
"Villa Hermosa Owner, L.L.C.",2022319751,Canyon Heights
"Villa Moren Independent Home Care, LLC",2022318593,Diamond Retirement Living
Villa Serena Apartments,2022320874,Villa Serena Apartments
"Village Capital & Investment, LLC",2012310541,"Village Capital & Investment, LLC"
Village East Cleaners Inc.,2004300784,Village East Cleaners
"Village Pub Gibson, LLC",2015300336; 2015300337,Village Pub Gibson
"Village Pub Horizon, Inc",2005306215; 2005306217,Village Pub
"Village Pub Warm Springs, LLC",2017306241; 2017306243,Village Pub
"Villas at Green Valley, LLC",2019311368,Villas at Green Valley
"Vin Sauvage, LLC",2025332687,"Vin Sauvage, LLC"
Vincent Cuomo,2022318518,Body Reflects
Vincent Matthew Burris,2022320420,Vincent M Burris Enterprises
Vino Vision LLC,2024330778,Vino Vision LLC
"Vintage at Seven Hills, LP",2021316160,Vintage at Seven Hills
Violet Green,2026334742,The Green Spot
Virgin Transportation LLC,2024330950,Virgin Transportation LLC
Virgo Clean LLC,2026335436,Virgo Clean
Viropana (Sastri) PLLC,2023323164,Viropana Healing Surgical Clinic
"Virtual Guard, Inc.",2024331095,"Virtual Guard, Inc."
Virtual One Inc.,2024329529,Virtual One Real Estate
"Virtually Real, LLC",2021318308,"Virtually Real, LLC"
"Virtue Luxury Real Estate Group, LLC",2025334325,Virtue Luxury Real Estate Group
Virtuoso LLC,2022318493,Virtuoso LLC
"Virtus Commercial, LLC",2023321836,Virtus Commercial LLC
"Visicon Properties, LLC",2011300934,"Visicon Properties, LLC"
Visional Inc.,2013301277,Visional Inc.
Visionary Barbershop LLC,2023323132,Visionary Barbershop
"Vista Landscape Centers, Inc.",1994030101,"Vista Landscape Centers, Inc."
Visual Marketing Source LLC,2011301208,Visual Marketing Source LLC
Vita Bella Wellness LLC,2020314350,Vita Bella Wellness LLC
Vital 92 LLC,2024331179,Vital 92 LLC
"Vital Cleaning Service, LLC",2023323099,Vital Cleaning Service
VitalHealthNP PLLC,2025333384; 2026335408,Desert Wound Clinic; Ageless Human Longevity Spa
Vitalis Health and Wellness LLC,2025332815,Vitalis Health and Wellness LLC
"Vitality Restored Chiropractic and Wellness Center, LLC",2019312360; 2019312361; 2019312423,Vitality Restored
Vitelle Credentialing LLC,2022320638,Vitelle Credentialing LLC
Vitos Tacos LLC,2022318535,Vitos Tacos
Vituity-Nevada Medical Services (Koury & Partners) PC,2024330620; 2024330621,Vituity-Nevada Medical Services (Koury & Partners) PC
Viva Tequila Vegas LLC,2024331519; 2024331521,Viva Tequila Vegas Cocina & Cantina
Viva Vanish Skin Solutions LLC,2026334828,Viva Vanish Skin Solutions
"Vive Las Vegas, LLC",2023323027,"Vive Las Vegas, LLC"
Voda Services LLC,2026335017,Voda Pool Service
"Vogue 316, LLC",2026335434,"Vogue 316, LLC"
"Volition America, Inc.",2024330874,"Volition America, Inc."
Volt State L.L.C.,2024331897,Southern Nevada Cleaning and Restoration
"Volunteer Self Storage, LLC",2018309421; 2018309420; 2022320492,All Storage
Vonage America Inc.,2017300585,VONAGE AMERICA INC.
Vonage Business Inc.,2025332173,Vonage Business Inc.
"Vorpal Research Systems, LLC",2018308495,"Vorpal Research Systems, LLC"
Vortex Dynamics Holdings LLC,2026335266,Battle Born AC Rentals
W & H Tree Services LLC,2024329488,W & H Tree Services LLC
W The Classic Collection LLC,2025333710,W The Classic Collection
W&S Holdings LLC,2026334892,W&S Holdings LLC
W&S LLC,2025333393,Paris Crepe
"W. Reid Litchfield, M.D., Prof. Corp.",2006303141,Desert Endocrinology
"WALDRON BROS. PEST CONTROL, INC.",2008304265,WB PEST CONTROL
"WALTMAN PRODUCTIONS, LLC",2016302828,Waltman Creative
"WARM SPRINGS DENTAL, LLC",2006300154,Vibrant Dental
"WARM SPRINGS RV & MINI STORAGE, LLC",2018307571; 2018307572,"Warm Springs RV & Mini Storage, LLC"
WARREN KELLOGG & ASSOCIATES,2006300123,WARREN KELLOGG & ASSOCIATES
"WARREN, BOBBY",1991008757,PRESTIGE CHAINERY & OUTLET
WAT NEVADADHAMMARAM,2005304094,WAT NEVADADHAMMARAM
"WAUER, GEORGE",1991008929,Big G Auto Repair
WCP Capital LLC,2025332028,Port of Subs Sunset
WDCP Holdings LLC,2026335975,WDCP Holdings
WDG Limited,2024330257,Wucherer Design
WE TRAIN DOGS LLC,2022320950,Bark Busters
"WEAVE COMMUNICATIONS, INC.",2019311892,"WEAVE COMMUNICATIONS, INC."
"WEBB, DAWNA",2000058277,WEBBS SITE CUSTOM EMBROIDERY
"WEIN, SVETLANA ANATOLYEVNA",2016303312,"WEIN, SVETLANA ANATOLYEVNA"
"WEISER SECURITY SERVICES, INC",2007300261,"WEISER SECURITY SERVICES, INC"
"WELLES PUGSLEY ARCHITECTS, LLP",2017306236,Simpson Coulter Studio
"WELT, GLENN",2002304592,"WELT, GLENN"
WEST COAST CLEANING L.L.C.,2017305260,West Coast Cleaning
"WEST COAST REALTY, LLC",2020314240,"WEST COAST REALTY, LLC"
"WEST RIDGE ADVISORS, LLC",2017300150,WEST RIDGE ADVISORS
WESTERN PACIFIC INSURANCE LLC,2020313905,WESTERN PACIFIC INSURANCE LLC
"WESTHILL CAPITAL GROUP, INC.",2005303250,"WESTHILL CAPITAL GROUP, INC."
"WESTWOOD PROFESSIONAL SERVICES, INC.",2018308938,"WESTWOOD PROFESSIONAL SERVICES, INC."
WFG National Title Insurance Company,2025333608; 2026334729; 2026334787; 2026335801,WFG National Title Insurance Company
"WFIFL, LLC",2022319623,Vegas Knight Hawks
WFM Restoration L.L.C.,2024331567,WFM Restoration L.L.C.
"WFM Southern Nevada, LLC",2026334881; 2026334885; 2026334886,Whole Foods Market
WFTLV04 LLC,2013301325; 2013301326,Wahoo's Fish Taco
"WFTLV08, LLC",2020314541; 2020314540,Wahoo's Fish Taco
"WGNV & Family, LLC",2024330156,2 Rock Guys
"WGP Revere, LLC",2014301763; 2019311480; 2014302297; 2023322656; 2023322657,Western Golf Properties; The Legacy Golf Club
WHITEHORSE ORGANIC ENTERPRISES LLC,2022319844,WHITEHORSE ORGANIC ENTERPRISES LLC
"WHM, LLC",2025333106,Fresh Off The Boat
WIJESINGHE PEDIATRICS PC,2007300446,Siena Pediatrics
"WILLDEN & WILLDEN, INC.",2009300326; 2009300327; 2009300325,AMERICA'S MART
"WILLIAM A. SCHULTZ, LTD.",2021315601,"WILLIAM A. SCHULTZ, LTD."
WILLIAM DEAN ISHMAN,2018307948,Wishman Associate
WILLIAM KACENSKY,2015302987,AAA-BACKFLOW PREVENTION SERVICES
"WILLIAM S. MUIR, M.D., LTD.",2022319434,Willam Muir DM Spine Surgery
"WILLIAMS & ASSOCIATES, PC",2013300778,"WILLIAMS & ASSOCIATES, PC"
"WILLIAMS, CHRIS",2001300840,"WILLIAMS, CHRIS"
"WILLIAMS, CONNIE FRANCES",2010302234,Open Door Consulting
WILT'S HAULING AND RECYCLING LLC,2014301521,WILT'S HAULING AND RECYCLING LLC
"WINSTON WATER COOLER OF LAS VEGAS, LP",2017305545,"Winston Water Cooler of Las Vegas, LP"
"WIRSHING, DAVID R",1998039371,THE WIRSHING GROUP
"WISNER, CYNTHIA",2016302861,"WISNER, CYNTHIA"
"WITNESS PERFORMING ARTS, INC.",2011301973,WITNESS PERFORMING ARTS
WJZ Commercial LLC,2024331574,WJZ Commercial LLC
"WOLFE, BRIAN C",2013302203,Green Valley Drafting Service
WOMEN'S DEVELOPMENT CENTER,2009301316,WOMEN'S DEVELOPMENT CENTER
"WOMEN'S RESOURCE CENTERS OF SOUTHERN NEVADA, INC.",2004304794,WOMEN'S RESOURCE CENTERS OF SOUTHERN NEV
WORLD ASSOCIATION OF UNIVERSITIES & COLL,2005301207,WORLD ASSOCIATION OF UNIVERSITIES & COLL
WORLD BUSINESS DEVELOPMENT LLC,2013302321,NEW LOOK MAINTENANCE SERVICE
WORLD CLASS FACILITY SERVICES LLC,2014303286,WORLD CLASS FACILITY SERVICES
WORLD OF JEANS & TOPS,2004303645,TILLY'S
"WORN BUT NOT FORGOTTEN, LLC",2016300277,"WORN BUT NOT FORGOTTEN, LLC"
WOUNDED WOMEN WARRIORS,2016301914,AMERICANS ENDING DRUNK DRIVING
"WRDR II, L.L.C.",2003301100,PALM VILLAS AT WHITNEY RANCH
"WRIGS BUILDING SERVICES, LLC",2018307141,"WRIGS BUILDING SERVICES, LLC"
WSP USA Inc.,2021315629,WSP USA Inc.
WSP USA Solutions Inc.,2021316953,WSP USA Solutions Inc.
WVP of Nevada LLC,2021317162; 2021317163,Legacy Animal Hospital
"Waldo C. Feng M.D., A Professional Corporation",2003304939,"Waldo C. Feng M.D., A Professional Corporation"
Walgreen Co.,2000056175; 2002304774; 2002304773; 1996041426; 2001301399; 2004302970; 2001300347; 2001300513; 2012306711; 2012306714; 2012306715; 2012306707; 2012306709; 2012306712; 2012306713,Walgreens #05369; Walgreens #07032; Walgreens #06615; Walgreens #03871; Walgreens #05862; Walgreens #07164; Walgreens #06424; Walgreens #06545
"Wall Medical Business Systems, L.L.C.",2022320084,"Wall Medical Business Systems, L.L.C."
Wall To Wall Inc.,2023321739,Wall to Wall Home & Commercial Services
Wallace Enterprises L.L.C.,2019311466,Pacific Diner
Wallace Morris Kline Surveying LLC,2014301582,Wallace Morris Kline Surveying LLC
Wally Wombats LLC,2021317075,Wally Wombats
Walmart Inc.,2005303009; 2001001511; 1994028972; 2005303008; 2008301054; 2003300836,Walmart Market #3354; Walmart #2838; Walmart #2050
Walston HH LLC,2025334386; 2025334387,Walston HH
Walter Ochoa,2012300851,PDS Services
"Walter P. Moore and Associates, Inc.",2005305464,"Walter P. Moore and Associates, Inc."
Walter Strickland,2017305486,"Strickland, Walter"
Walva L.L.C,2023323086,Walva's Cleaning Services
Wan Wan LLC,2016303106,China Wan Wan
Wand Dipped Delights LLC,2025334060,Wand Dipped Delights
Warburton Family Practice PLLC,2023323596,Sunset Hills Family Practice PLLC
Warby Parker Inc.,2024330146; 2024330147,Warby Parker
Warm Springs GSR 003 L.L.C.,2015300787,Freddy's Frozen Custard and Steakburger
"Warm Springs Realty, LLC",2012300804,"Warm Springs Realty, LLC"
"Warm Springs Road CVS, L.L.C",2010300617; 2010300769; 2012308615; 2012310125,CVS/Pharmacy #6717; CVS / Pharmacy #5286
Warms Springs 1615 Inc.,2008303426,IHOP #1615
Warren Davis Lee,2026335932,Warren Lee Artistics
Warren Grant Widle,2022320980,A-1 Pool Service of Clark County
Warwick Management Inc.,2008304202,Warwick Management Inc.
Washington Federal Bank,2014302963,WaFd Bank
WaterWhitchers Lawn & Sprinkler Repair Co LLC,2023323610,WaterWhitchers Lawn & Sprinkler Repair Co LLC
Waterfront Pools L.L.C.,2020313286,California Pools of Las Vegas
"Watermill Express, LLC",2011301518; 2019311237; 2019311238; 2014300350; 2014300352; 2014300353; 2014300349; 2014300357,"Watermill Express, LLC"
Watson Homes Inspection LLC,2021315965,Watson Homes Inspection LLC
Watters Group LLC,2026335451,Watters Group LLC
Wax Center Partners Intermediate Holdco LLC,2023321399,European Wax Center
Wayne West Castagno III,2024331671,Rudolph's Attic
Waynefargo LLC,2024331023,Sharetea
"We Are Makers, LLC",2022320883; 2022320884,Makers & Finders
We Insure Nevada! LTD,2020313274,We Insure Nevada! LTD
We Love Schools LLC,2025332583,Hiltz Commercial Group LLC
"WeLink Communications, Inc.",2022321181,"WeLink Communications, Inc."
Wealth Protection Advisory LLC,2024331793,Wealth Protection Advisory LLC
Wealth of Wellness,2017306502,Cannacare Holistic Healing
WebDomain.Vegas Inc.,2026335265,GetYour.Vegas
"Webco Sweeping Nevada, LLC",2022320007,"Webco Sweeping Nevada, LLC"
Webgistix Corporation,2022319889,ShipNetwork
Website Flo LLC,2024331866,Website Flo LLC
Webster Wellness Healthcare LLC,2025333968,Wellness Weight Loss
Wechta Empire LLC,2020315349,Paws N Claws Pet Resort
"Wee Care Pediatrics, LLC",2021317019,Zarminali Pediatrics
"Wee Care UC, LLC",2021317161,Over the Rainbow Pediatric Urgent Care
Welding School of Nevada LLC,2023329146,Welding School of Nevada
"Wellmark, Inc",2026334627,Harmony Home Health
Wellness Foundation,2020314943,Wellness Foundation
Wellness From Within Counseling LLC,2024330498,Wellness From Within Counseling LLC
"Wellness Institute of Nevada, Inc.",2005305873; 2010301824,Wellness Institute of Nevada
"Wellness and Education Centers of Nevada, Inc",2020313200,WECN
"Wells Fargo Bank, National Association",2008303858; 2014301208; 2007304233; 2006305341; 2001002563; 1999048692; 1999048693; 1999048771; 2006302783; 1800038650; 2006303098; 2014301099; 2008301247; 2024329844,"Wells Fargo Bank, National Association"
"Wells Fargo Clearing Services, LLC",2012301417; 2019311348; 2019311350; 2019311349,"Wells Fargo Clearing Services, LLC"
"Wen Liang, M.D., Sun Medical Service Prof. Corp.",2025332108,"Wen Liang, MD"
Wendy Liberko,2023322837,Wendy Liberko Consulting
Wendy OBrien,2026335996,Professional Desert Dusters
Wenevada LLC,2017300628; 2022319138; 2017300632; 2017300633; 2017300630; 2017300629; 2017300631,Wendy's
Werb Enterprise LLC,2019309887,Werb Vending
Wescott Weapons of War LLC,2025332483,W3 Weaponry
"West Capital Lending, Inc.",2022320270,"West Capital Lending, Inc."
West Coast Cabinets,2011303317,West Coast Cabinets
West Coast Neurology L.L.C.,2019311534,West Coast Neurology
"West Coast Preservation Services, Inc.",2023322496; 2023322497,Junk Control; Vegas Dumpsters
West Coast Wellness Equipment Service LLC,2021318288,West Coast Wellness Equipment Service
"West Henderson Hospital Medical Center, LLC",2024330571,West Henderson Hospital
"West Texas Chophouse Henderson, LLC",2023323325; 2023323326,West Texas Chophouse
"WestBranch Consulting, LLC",2026336322,"WestBranch Consulting, LLC"
"WestCare Nevada, Inc.",2017306138; 2017305547; 2025332225,"Westcare Kids and Families Center; WestCare Nevada, Inc."
"WestCoast Auto Recovery, Inc.",2009300160,"WestCoast Auto Recovery, Inc."
Western Alliance Bank,2014301017; 2014300919,Bank of Nevada
Western Alliance Limited Liability Company,2006302646,Wardley Real Estate
Western Automotive Group LLC,2015301103; 2016301452; 2015300822,Big O Tires
Western Concrete Pumping Inc,2025333847,Western Concrete Pumping Inc
Western Pacific LLC,2025333814,Mall Mart
Western Tech Inc,2024331680,IfixandRepair
"Westpac Associates, Inc.",2022319703,"Westpac Associates, Inc."
Westside Law Group PC,2026335733,Westside Law Group PC
"Westwood Property Management, Inc.",2024330997,"Westwood Property Management, Inc."
Whealth Corp.,2022319356,Naturally Nurtured
Whisked Away Bakery LLC,2024330471,Whisked Away Bakery
"Whistle-Stop Rare Books, LLC",2026335523,Whistle-Stop Bookshop
White Aspen Capital LLC,2025332399,White Aspen Capital LLC
"White Cap, L.P.",2015303178,"White Cap, L.P."
White Coat Concierge PLLC,2024331761,White Coat Concierge PLLC
White Eagle Construction LLC,2022320471,White Eagle Construction LLC
"White Glove Cleaning Svc, LLC",2021317120,"White Glove Cleaning Svc, LLC"
"White House Black Market, Inc.",2004305657,White House / Black Market #3132
"White Label Communications, LLC",2024330951,"White Label Communications, LLC"
"WhiteCliff Fiscal Insight, LLC",2026334625,"WhiteCliff Fiscal Insight, LLC"
"Whittrio, Inc.",2005301060,Stimulus Technologies
"Whole Carrier Services, Inc.",1997TC0849,"Whole Carrier Services, Inc."
Wholehearted Ink L.L.C.,2023322318,Wholehearted Ink L.L.C.
Whyte & Company LLC,2024331300,Whyte & Co Lux Cleaning
Wil Aniban LLC,2026336329,Mavyman Pest Control
Wildflower Fizz LLC,2026335303,Wildflower Fizz LLC
"Wildflower Salon, LLC",2021317118; 2021317119,Desert Flower Salon
Wildfun Xtreme LLC,2005302686,Wildfun Xtreme
"Will Roya & Co., Inc.",2024331419,Puzzle Merchant
William C Wright,2023323113,Bill's Kiln Repair and Service
William Cain,2022319114,Brimstone Jewelry
William E Berdie,2022321089,WBJ Industries
William G DeRango,2026335019,DeRango Services
William George Lehne,2024330255,Inherited This
William Gundran Soliven,2022319452,Tech Handy Las Vegas
William H Cook,2026334911,William H Cook
William Hugh deManbey,2025333823,Plain Spaghetti Games
William James Rigdon,2022319591,Wrigdon Appraisal
William McCauley PC,2020313901,DUBMAC
William Rabago,2022321208,Sunrise Alliances Services
William Rosenberg MD LLC,2023321284,Silver State Sports Medicine
"Williams-Sonoma Stores, Inc.",2022318917; 2022319415,Williams Sonoma; Pottery Barn
Willow Hygiene Essentials LLC,2025332559,Willow Hygiene Essentials LLC
Win Win RE LLC,2024330178,Win Win Real Estate
"Winco Foods, LLC",2012300567; 2012300503,Winco Foods #112
"Windermere Anthem Hills, LLC",2006302892,"Windermere Anthem Hills, LLC"
Windfall Coffee Roasters LLC,2024331022,Windfall Coffee Roasters Cafe
Windham Consulting LLC,2022318919,Windham Consulting LLC
"Windmill Capital Partners, A Nevada Limited Partnership",2017304409,Green Valley Storage
"Window Bright, Inc",2005305737,Window Bright Window Cleaning
"Window Masters, Inc.",2006301548,"Window Masters, Inc."
"Windsor Fashions, LLC",2023322957,Windsor
"Windstream New Edge, LLC",2022319918,"Windstream New Edge, LLC"
Wine Wine Situation NV LLC,2019310369,Wine Wine Situation NV LLC
Wings Restaurant LLC,2021316355; 2021318110,Them Wings
Wink Lash Bar LLC,2023321954,Wink Lash Bar LLC
Winning Realty LLC,2023322265,Winning Realty
"Winpin 85 Investments, LLC",2023329121,85C Bakery Cafe
Wireless Experts LLC,2015301420,CPR Cell Phone Repair
"Wismettac Asian Foods, Inc.",2017304617,Wismettac Asian Foods
"With Love, By Milan, LLC",2023323178,"With Love, By Milan"
Wolfcore Hauling and Junk Removal LLC,2026334834,Wolfcore Hauling and Junk Removal LLC
Wolfs Newsstand Inc.,2008300750,The Pool Guy
"Women's Health Associates of Southern Nevada - Martin, PLLC",2018306792,WHASN Essential OBGYN
"Wood Rodgers, Inc.",2023323095,"Wood Rodgers, Inc."
"Woodbury Law, LTD.",2006302306,Woodbury Law
Woods Family Sandwiches LLC,2018307237; 2020314277,Woods Family Sandwiches
Woodward Services LLC,2025333851,Woodward Pest Solutions
Word Wisdom Warrior LLC,2025333656,Word Wisdom Warrior LLC
Work Zone Traffic Services Inc,2012307380,Work Zone Traffic Services Inc
Works of Hart Metal Fabrication llc,2022318654,Works of Hart Metal Fabrication llc
"World Market, LLC",2024330598; 2024330599,Cost Plus World Market
World of Scoopz LLC,2024330871,World of Scoopz
World of Wisdom LLC,2026334851,World of Wisdom LLC
"Worldwide Custom Decorators, Inc.",2010301747,"Worldwide Custom Decorators, Inc."
Worthy Aesthetics LLC,2023322900,Worthy Aesthetics
Wow Foods Group LLC,2022318533; 2022318534,Mimi's Cafe
"Wright Consulting Engineers of Nevada, LLC",2018308343,Wright Engineers
Wunderbar Auto Glass LLC,2023329269,Wunderbar Auto Glass LLC
"Wunderlich-Malec Engineering, Inc.",2011302315,"Wunderlich-Malec Engineering, Inc."
"Wynn Solutions Group, LLC",2019312696,Tier 5 Security Group
"XIOLETT, LLC",2022321137,Silver Knights Floor Restoration
XIT INC,2024329978,XIT INC
"XL, Inc.",2015300605; 2007301325; 2011302020; 2011302019; 2015300604; 2006305140; 2012310673,Great Clips
"XO Communications Services, LLC",2019311313; 2020313180,"XO Communications Services, LLC"
XTERRA FOUNDATION,2011300989,XTERRA FOUNDATION
"XTREME PRODUCTS LV, LLC",2010300072,"XTREME PRODUCTS LV, LLC"
XXX Kitchen LLC,2020314132,Little Batty Bakery
XYZ Towing Inc.,2014301578,Titan Towing
Xela Maintenance LLC,2026336356,Xela Maintenance LLC
"Xerochem, LLC",2026334557,"Xerochem, LLC"
"Xerox Business Solutions, LLC",2026335511,"Xerox Business Solutions, LLC"
Xerox Corporation,2026334949,Xerox Corporation
"Xian Xing, L.L.C.",2008304104,China A Go Go
Xiaoping Liu,2023322536,"Liu, Xiaoping"
Xmas Lights LLC,2023323155,Xmas Lights
Xpert Home Lending Inc,2025333195,Xpert Home Lending Inc
"Xpert Pipe Services, LLC",2021318262,"Xpert Pipe Services, LLC"
"Xquisit Design, LLC",2025333295,Xquisit Design
Xterra Imports LLC,2024331019,Xterra Imports LLC
"Xtreme Financial Services, Inc.",2025332074,"Xtreme Financial Services, Inc."
Xtreme Rentals 4 U LLC,2024329535,Xtreme Rentals 4 U LLC
"Y. Kim, A Professional Corporation",2005306070,Southwest Dental & Dentures
YAMA'S INC,2001002106,ROSS J'S ALOHA GRILL
"YANG, HONG",2016303147,"YANG, HONG"
"YARBRO, LTD.",2009303341,LAKE MEAD RADIOLOGISTS
"YEONMUN, INC.",2008301901; 2008301900,THE SUSHI
YESHIVA DAY SCHOOL OF LAS VEGAS,2009302838,YESHIVA DAY SCHOOL OF LAS VEGAS
"YGL, LLC",2023329380,YGL Handyman Services
"YIHONG LIU & ASSOCIATES, LTD",2017306433,"YIHONG LIU & ASSOCIATES, LTD"
"YJ, Inc",2017305325,"YJ, Inc"
YO BO CHEESTEAKS LLC,2018307809,Straight From Philly Steakout
"YOO, KIDONG",2014302403,Y & C Fashion
"YOTSUYA, YOSHITO",2001004455,8 MAN PROMOTION
"YOUNG, MARK A",2000058563,YOUNG AT ART
"YOUTH ADVOCATE PROGRAMS, INC",2018308354,"Youth Advocate Programs, Inc"
YSA Business Group LLC,2024330539,Game Shop
Ya BaBa! Shawarma LLC,2026334830,Ya BaBa! Shawarma
Yaimara Cremadelly Perez,2026335590,Yaimara Cremadelly Perez
"Yakubik Agency, Inc.",2009303858,"Yakubik Agency, Inc."
Yanet Leyva,2024330623,Tenay Massage
"Yang Medical Services, PLLC",2025331951,Doctoroo
Yarak LLC,2025333460,Yarak LLC
"Yard House USA, Inc.",2024331070; 2024331071,Yard House #8397
Yard Pros,2007301552; 2025333910,Yard Pros; MaxxJett Auto
Yas Mean Salsa LLC,2024329942,Yas Mean Salsa LLC
Yaya's Smoke Shop LLC,2022320185,Yaya's Smoke Shop
"Yee Advanced Orthopedics & Sports Medicine, P.C.",2014301815,Advanced Orthopedics & Sports Medicine
Yeled Leany,2025334129,Sketchy Shenanigans
"Yelena Piyevsky, DDS",2006301201,Wigwam Dental Care
Yesenia Escobar,2018308538,"Escobar, Yesenia"
Yesenia Hernandez,2021315877,M&M Painters HS
Yesenia Olivier Hidalgo,2023321622,Yesy Cleaning Service
"Yesh NA, LLC",2021317966; 2021317967; 2021317968,7-Eleven Store #38994A
Yi Liao,2025332520; 2026335214,Yi Liao
Yi Yang,2014303491,Yang Yi
"Yip Horizon Ridge Modern Dentistry, PC",2020314598,Horizon Ridge Modern Dentistry
Yistar Joy LLC,2025332796,Lucki Panda
Yogic Inc.,2019310549,Village Smoke Shop
Yonder Media Mobile Inc.,2026335496,Yonder Media Mobile Inc.
Yonehiro Strategic Consulting LLC,2026335672,Yonehiro Strategic Consulting LLC
You & Me LLC,2017300272,One Clean Dog
"You Are Worth More, L.L.C.",2025333588,Kokoro Cleaning Service
YouSwim LLC,2023322936,YouSwim LLC
Young Insurance Brokers L.L.C.,2019312001,Young Insurance Brokers
"Young's Karate, LLC",2012309541,CD Young's Karate
Young: Equal,2022318596,Young: Equal
Your Brand Clothing Company LLC,2026336007,Uniforms 2 You
Your Cleaning Company Services LLC,2024331110,Your Cleaning Company Services
Your Energy LLC,2026335764,Your Energy LLC
Your Only Human Massage Therapy LLC,2022319014,Your Only Human Massage Therapy
"Your Spiritual Journey, LLC",2018306874; 2018306875,"Your Spiritual Journey, LLC"
Youth Achieving Success,2009303688,Youth Achieving Success
Youth Envisioning Success,2009300555,Youth Envisioning Success
"Youth Leadership Authority, Inc.",2019312562,"Youth Leadership Authority, Inc."
Youth Sports Photography Network LLC,2022319168,YSPN
"Yu Neurology and Electrodiagnostic Center of Nevada, Ltd.",2006301636; 2022320951; 2022320952,Yu Neurology Center of Nevada
Yuehui He,2024331506,"He, Yuehui"
Yuliya Saavedra,2026335585,EV36
YumUnion LV LLC,2026334798,The Pho Spot
Yunqiang GE,2023329374,"GE, Yunqiang"
Yusef Enterprise Group LLC,2026335170,Yusef Enterprise Group or YEG
Yvonne Malulani Goudeau,2025333030,Mighty Fit Fitness
"Z's Cleaning Solutions, LLC",2026335000,Z's Cleaning Solutions
"ZACARIAS, YOLANDA",2014301073,CASCADE SY SERVICES
"ZAKK INVESTMENTS, LLC",2020313039,ASIAN IMPORTS AUTO
ZALES DELAWARE INC,1996040138,ZALES JEWELERS #1542
"ZAT UR SISTER, LLC",2017306584; 2017306585,Swagger Men's Grooming
"ZB, National Association",2016302889; 2016302890; 2016302886; 2016302885; 2016302887; 2016302888,Nevada State Bank
"ZDM Enterprises, LLC",2025332011,XP Gaming
"ZELZAH SHRINE TEMPLE, INC.",2015300146,HENDERSON SHRINE CLUB
ZENITH ENERGY ENZYMES INC,2015302279,ZENITH ENERGY ENZYMES INC
ZERROT,2023321414,Brightstar Care of W. Central Las Vegas
ZUNO LLC,2023323163,ZUNO LLC
ZX Landscaping LV Services LLC,2025334085,ZX Landscape LV Services LLC
Zachary Matthew Vandling,2026335116,Lucky's Lawn & Landscape
Zackery Richardson,2023322729,Las Vegas Pool Professionals
Zakis LLC,2019310179; 2019310180,Sunset Tavern
Zander II LLC,2026335512,Bad Ass Coffee
Zane Investigations Inc.,2012301097; 2024330606,Zane Investigations; A2Z Tow & Transport
Zapix LLC,2026335336,Zapix LLC
"Zayo Group, LLC",2016303335,"Zayo Group, LLC"
"Zefcom, LLC",2020314620,Telispire
"Zen Body & Skin, LLC",2022319506,Zen Body
"Zen Divers, LLC",2022319763,"Zen Divers, LLC"
Zenix Inc.,2021317879,CH Medical
Zestuous LLC,2024331034,Girls Can Grill
Zghaib Empire LLC,2019311944,Smokes and Vapes
Zhalynn C. Helmick,2026336051,Desert Dragonfly Studio
Zhen Liu,2024330642,Jane Massage
Zhenghua Xu,2025334234,MicroGo
Zhenyong Zhang,2023321766,ZZ Data Storage Consulting Firm
Zhizel Ouliguian,2019312061,Jolee's Custom Stitches
Zilla Consulting LLC,2022320917,Zilla Consulting LLC
"Zivas Dirty Paws, LLC",2022320560,OOHLAPAWS
Zoe Camper LLC,2022318581,Zoe Camper LLC
Zoomez LLC,2022320122,Zoomez
Zoomies Bakery LLC,2025332182,Zoomies Bakery LLC
Zumiez Inc.,2023322892,Zumiez #114
"Zzyzxx, LLC",2023323038,The Agency Las Vegas
anthem East Inc,2021315808,The UPS Store # 3626
b1KnightSurveillance LLC,2021316436,b1KnightSurveillance LLC
catherine f hughes,2021317287,SATURDAY CRAFTING
eNational Testing LLC,2023321928,eNational Testing LLC
ebb and flow healing practices LLC,2023322429,Ebb and Flow Healing Practices LLC
"ebbert agency, llc",2020313700,EBBERT AGENCY L.L.C.
iCare Hospice and Palliative Care Inc,2025332048,iCare Hospice and Palliative Care Inc
"iKeyless, LLC",2024330548,Car Keys Express
iN-Balance LLC,2015300326,iN-Balance LLC
iProperties International LLC,2012300272,iProperties International LLC
"iWater, Inc",2025333807,"iWater, Inc."
"inContact, Inc.",1997TC0818,"inContact, Inc."
mahalko LLC,2021316938,mahalko LLC
mark orgill,2022319402,"Orgill, Mark"
nicolebrucknerstudio LLC,2025333848,nicolebrucknerstudio LLC
proTECHted LLC,2023322984,proTECHted
realizeyoucoaching LLC,2021315876,REALIZEYOUCOACHING LLC
takako unger,2021315824,Takako Unger Massage
thegraphxshop LLC,2021315844,THEGRAPHXSHOP LLC
xADDICTIONS Professional LLC,2026334941,Addictions Bikini Baristas
xiaofang shi,2013302029,"SHI, XIAO FANG"
Ángel Jesús Montero Barrera,2021315727,Best Meals on Wheels
